country_code,year,y_true,y_pred,feature_code,lambda_A,lambda_M
ARG,2005,90.031,90.03306589647283,SP.URB.TOTL.IN.ZS,0.05,10.0
ARG,2006,90.2,90.16533063036385,SP.URB.TOTL.IN.ZS,0.05,10.0
ARG,2007,90.366,90.32653741245113,SP.URB.TOTL.IN.ZS,0.05,10.0
ARG,2008,90.53,90.53616606065306,SP.URB.TOTL.IN.ZS,0.05,10.0
ARG,2009,90.691,90.69915935613102,SP.URB.TOTL.IN.ZS,0.05,10.0
ARG,2010,90.849,90.86302688685285,SP.URB.TOTL.IN.ZS,0.05,10.0
ARG,2011,90.99,91.03808488959177,SP.URB.TOTL.IN.ZS,0.05,10.0
ARG,2012,91.121,91.18323750524948,SP.URB.TOTL.IN.ZS,0.05,10.0
ARG,2013,91.249,91.31773551782635,SP.URB.TOTL.IN.ZS,0.05,10.0
ARG,2014,91.377,91.44282727126922,SP.URB.TOTL.IN.ZS,0.05,10.0
ARG,2015,91.503,91.56990137679429,SP.URB.TOTL.IN.ZS,0.05,10.0
ARG,2016,91.627,91.70122045026628,SP.URB.TOTL.IN.ZS,0.05,10.0
ARG,2017,91.749,91.7870403560401,SP.URB.TOTL.IN.ZS,0.05,10.0
ARG,2018,91.87,91.90623700672793,SP.URB.TOTL.IN.ZS,0.05,10.0
ARG,2019,91.991,92.02167459686125,SP.URB.TOTL.IN.ZS,0.05,10.0
ARG,2005,9.96899999999999,9.97257780655612,SP.RUR.TOTL.ZS,0.05,10.0
ARG,2006,9.8,9.836832350102888,SP.RUR.TOTL.ZS,0.05,10.0
ARG,2007,9.634,9.679622454304175,SP.RUR.TOTL.ZS,0.05,10.0
ARG,2008,9.47,9.47029501698247,SP.RUR.TOTL.ZS,0.05,10.0
ARG,2009,9.309,9.30909173627133,SP.RUR.TOTL.ZS,0.05,10.0
ARG,2010,9.151,9.150541729028753,SP.RUR.TOTL.ZS,0.05,10.0
ARG,2011,9.01000000000001,8.995888646417669,SP.RUR.TOTL.ZS,0.05,10.0
ARG,2012,8.879,8.849866542714794,SP.RUR.TOTL.ZS,0.05,10.0
ARG,2013,8.751,8.717143580696241,SP.RUR.TOTL.ZS,0.05,10.0
ARG,2014,8.623,8.597528112207154,SP.RUR.TOTL.ZS,0.05,10.0
ARG,2015,8.497,8.47415025691663,SP.RUR.TOTL.ZS,0.05,10.0
ARG,2016,8.373,8.349335167920923,SP.RUR.TOTL.ZS,0.05,10.0
ARG,2017,8.251,8.234730403850293,SP.RUR.TOTL.ZS,0.05,10.0
ARG,2018,8.13,8.117729325003296,SP.RUR.TOTL.ZS,0.05,10.0
ARG,2019,8.009,8.002209924373686,SP.RUR.TOTL.ZS,0.05,10.0
ARG,2005,71.008,71.00264272683575,SP.DYN.LE00.MA.IN,2.0,10.0
ARG,2006,71.179,71.15948589136676,SP.DYN.LE00.MA.IN,2.0,10.0
ARG,2007,71.347,71.32863057782384,SP.DYN.LE00.MA.IN,2.0,10.0
ARG,2008,71.513,71.51507806812606,SP.DYN.LE00.MA.IN,2.0,10.0
ARG,2009,71.676,71.67929696267143,SP.DYN.LE00.MA.IN,2.0,10.0
ARG,2010,71.837,71.84477373415791,SP.DYN.LE00.MA.IN,2.0,10.0
ARG,2011,71.995,72.02137637545724,SP.DYN.LE00.MA.IN,2.0,10.0
ARG,2012,72.151,72.18047270433888,SP.DYN.LE00.MA.IN,2.0,10.0
ARG,2013,72.306,72.3378156071673,SP.DYN.LE00.MA.IN,2.0,10.0
ARG,2014,72.46,72.48882257668859,SP.DYN.LE00.MA.IN,2.0,10.0
ARG,2015,72.614,72.6438323033583,SP.DYN.LE00.MA.IN,2.0,10.0
ARG,2016,72.768,72.79948177454597,SP.DYN.LE00.MA.IN,2.0,10.0
ARG,2017,72.924,72.930058598929,SP.DYN.LE00.MA.IN,2.0,10.0
ARG,2018,73.082,73.08629982813977,SP.DYN.LE00.MA.IN,2.0,10.0
ARG,2019,73.242,73.24110104039868,SP.DYN.LE00.MA.IN,2.0,10.0
ARG,2005,74.451,74.45898700757101,SP.DYN.LE00.IN,5.0,5.0
ARG,2006,74.62,74.61954132161745,SP.DYN.LE00.IN,5.0,5.0
ARG,2007,74.787,74.7877006555459,SP.DYN.LE00.IN,5.0,5.0
ARG,2008,74.952,74.96454869648849,SP.DYN.LE00.IN,5.0,5.0
ARG,2009,75.116,75.13094322853836,SP.DYN.LE00.IN,5.0,5.0
ARG,2010,75.278,75.2969813555741,SP.DYN.LE00.IN,5.0,5.0
ARG,2011,75.439,75.45972545033318,SP.DYN.LE00.IN,5.0,5.0
ARG,2012,75.598,75.62648693543701,SP.DYN.LE00.IN,5.0,5.0
ARG,2013,75.756,75.78958432491024,SP.DYN.LE00.IN,5.0,5.0
ARG,2014,75.913,75.93449137281198,SP.DYN.LE00.IN,5.0,5.0
ARG,2015,76.068,76.09498519733312,SP.DYN.LE00.IN,5.0,5.0
ARG,2016,76.221,76.24980276068982,SP.DYN.LE00.IN,5.0,5.0
ARG,2017,76.372,76.3698908150432,SP.DYN.LE00.IN,5.0,5.0
ARG,2018,76.52,76.52971288809698,SP.DYN.LE00.IN,5.0,5.0
ARG,2019,76.667,76.67874374007786,SP.DYN.LE00.IN,5.0,5.0
ARG,2005,198737095012.282,197848963442.64212,NY.GDP.MKTP.CD,0.05,10.0
ARG,2006,232557260817.308,210942009044.86725,NY.GDP.MKTP.CD,0.05,10.0
ARG,2007,287530508430.568,240954548668.16925,NY.GDP.MKTP.CD,0.05,10.0
ARG,2008,361558037110.419,309461888196.8616,NY.GDP.MKTP.CD,0.05,10.0
ARG,2009,332976484577.619,374648704603.73584,NY.GDP.MKTP.CD,0.05,10.0
ARG,2010,423627422092.49,339214845028.23773,NY.GDP.MKTP.CD,0.05,10.0
ARG,2011,530163281574.658,393689231126.6599,NY.GDP.MKTP.CD,0.05,10.0
ARG,2012,545982375701.128,477981609568.87274,NY.GDP.MKTP.CD,0.05,10.0
ARG,2013,552025140252.246,490480210256.091,NY.GDP.MKTP.CD,0.05,10.0
ARG,2014,526319673731.638,563485524324.7191,NY.GDP.MKTP.CD,0.05,10.0
ARG,2015,594749285413.212,527110106050.1144,NY.GDP.MKTP.CD,0.05,10.0
ARG,2016,557531376217.967,599758906055.5024,NY.GDP.MKTP.CD,0.05,10.0
ARG,2017,643628665302.155,552535471650.9489,NY.GDP.MKTP.CD,0.05,10.0
ARG,2018,517626700412.885,633660408585.3069,NY.GDP.MKTP.CD,0.05,10.0
ARG,2019,445445177459.453,511358838792.5628,NY.GDP.MKTP.CD,0.05,10.0
ARG,2005,17.3053942367662,18.901252747323976,NE.IMP.GNFS.ZS,0.05,10.0
ARG,2006,17.4067852681036,18.984468196525146,NE.IMP.GNFS.ZS,0.05,10.0
ARG,2007,18.2824203070644,18.986885112309885,NE.IMP.GNFS.ZS,0.05,10.0
ARG,2008,18.341772996414,19.28387276974473,NE.IMP.GNFS.ZS,0.05,10.0
ARG,2009,14.4961418494061,19.2911900179835,NE.IMP.GNFS.ZS,0.05,10.0
ARG,2010,16.0371898581987,15.337379522896681,NE.IMP.GNFS.ZS,0.05,10.0
ARG,2011,16.7569458546489,16.266887221476576,NE.IMP.GNFS.ZS,0.05,10.0
ARG,2012,14.2886829096862,16.94366859193031,NE.IMP.GNFS.ZS,0.05,10.0
ARG,2013,14.7167556136651,14.75647164872544,NE.IMP.GNFS.ZS,0.05,10.0
ARG,2014,14.0013150558519,14.355963066480168,NE.IMP.GNFS.ZS,0.05,10.0
ARG,2015,11.7805740385254,13.636394825634097,NE.IMP.GNFS.ZS,0.05,10.0
ARG,2016,13.5667926798789,11.924808084252374,NE.IMP.GNFS.ZS,0.05,10.0
ARG,2017,13.9693177780045,12.365877114578128,NE.IMP.GNFS.ZS,0.05,10.0
ARG,2018,16.5551102873443,13.136830242249008,NE.IMP.GNFS.ZS,0.05,10.0
ARG,2019,15.1879398225576,14.772105830460326,NE.IMP.GNFS.ZS,0.05,10.0
ARG,2005,23.2458767338576,22.793741045389808,NE.EXP.GNFS.ZS,0.05,10.0
ARG,2006,23.0266946038115,23.616630061960556,NE.EXP.GNFS.ZS,0.05,10.0
ARG,2007,22.6627503115066,23.742915145452123,NE.EXP.GNFS.ZS,0.05,10.0
ARG,2008,22.0609003826242,23.648750397587484,NE.EXP.GNFS.ZS,0.05,10.0
ARG,2009,19.5609850560818,23.581378763877495,NE.EXP.GNFS.ZS,0.05,10.0
ARG,2010,18.9338234053709,21.648114001071125,NE.EXP.GNFS.ZS,0.05,10.0
ARG,2011,18.4492091453155,18.97246074257032,NE.EXP.GNFS.ZS,0.05,10.0
ARG,2012,16.2378594620246,19.247462451516867,NE.EXP.GNFS.ZS,0.05,10.0
ARG,2013,14.6171733884386,17.714838441363433,NE.EXP.GNFS.ZS,0.05,10.0
ARG,2014,14.4054785893756,15.312737362613388,NE.EXP.GNFS.ZS,0.05,10.0
ARG,2015,10.7056520504538,15.56139863850282,NE.EXP.GNFS.ZS,0.05,10.0
ARG,2016,12.5270951690009,12.056635539154257,NE.EXP.GNFS.ZS,0.05,10.0
ARG,2017,11.3202833596733,13.379282127183645,NE.EXP.GNFS.ZS,0.05,10.0
ARG,2018,14.6198312492533,12.616805241862599,NE.EXP.GNFS.ZS,0.05,10.0
ARG,2019,17.4397039105268,15.889826976780029,NE.EXP.GNFS.ZS,0.05,10.0
ARG,2005,8.85165992013437,12.055916946673626,NY.GDP.MKTP.KD.ZG,10.0,2.0
ARG,2006,8.04715150043027,9.28716824982385,NY.GDP.MKTP.KD.ZG,10.0,2.0
ARG,2007,9.00765087504757,8.418912838183441,NY.GDP.MKTP.KD.ZG,10.0,2.0
ARG,2008,4.05723310346406,7.358979994728989,NY.GDP.MKTP.KD.ZG,10.0,2.0
ARG,2009,-5.91852507634947,6.276541978132888,NY.GDP.MKTP.KD.ZG,10.0,2.0
ARG,2010,10.1253981561002,4.019395394080618,NY.GDP.MKTP.KD.ZG,10.0,2.0
ARG,2011,6.00395169280579,3.9349975451313313,NY.GDP.MKTP.KD.ZG,10.0,2.0
ARG,2012,-1.0264204544321,3.192326521750532,NY.GDP.MKTP.KD.ZG,10.0,2.0
ARG,2013,2.40532378079436,2.9562943654565235,NY.GDP.MKTP.KD.ZG,10.0,2.0
ARG,2014,-2.51261532081394,0.46294949485746884,NY.GDP.MKTP.KD.ZG,10.0,2.0
ARG,2015,2.73115982828944,-0.06799301814953296,NY.GDP.MKTP.KD.ZG,10.0,2.0
ARG,2016,-2.08032784377811,-1.4953050438639082,NY.GDP.MKTP.KD.ZG,10.0,2.0
ARG,2017,2.81850297775918,-1.1283449595720576,NY.GDP.MKTP.KD.ZG,10.0,2.0
ARG,2018,-2.56535188247548,-3.333091256193793,NY.GDP.MKTP.KD.ZG,10.0,2.0
ARG,2019,-2.08801486066213,-2.9401449856368007,NY.GDP.MKTP.KD.ZG,10.0,2.0
ARG,2005,16.5,16.56123780922219,SH.DYN.MORT,0.05,10.0
ARG,2006,16.1,15.984955592736746,SH.DYN.MORT,0.05,10.0
ARG,2007,15.7,15.726811439052458,SH.DYN.MORT,0.05,10.0
ARG,2008,15.3,15.275596155272998,SH.DYN.MORT,0.05,10.0
ARG,2009,14.9,14.901452099670522,SH.DYN.MORT,0.05,10.0
ARG,2010,14.4,14.517114108131953,SH.DYN.MORT,0.05,10.0
ARG,2011,13.9,13.990800821705742,SH.DYN.MORT,0.05,10.0
ARG,2012,13.3,13.551340636603042,SH.DYN.MORT,0.05,10.0
ARG,2013,12.7,13.025440350499629,SH.DYN.MORT,0.05,10.0
ARG,2014,12.1,12.270258701844767,SH.DYN.MORT,0.05,10.0
ARG,2015,11.5,11.681641153942998,SH.DYN.MORT,0.05,10.0
ARG,2016,10.9,11.103515009358055,SH.DYN.MORT,0.05,10.0
ARG,2017,10.3,10.404306584451952,SH.DYN.MORT,0.05,10.0
ARG,2018,9.8,9.812215700747345,SH.DYN.MORT,0.05,10.0
ARG,2019,9.3,9.342967634007827,SH.DYN.MORT,0.05,10.0
ARG,2005,1720.67402286339,1845.72431662998,EG.USE.PCAP.KG.OE,10.0,0.05
ARG,2006,1853.04176068156,1786.5784822157104,EG.USE.PCAP.KG.OE,10.0,0.05
ARG,2007,1858.39184324341,1947.162512683314,EG.USE.PCAP.KG.OE,10.0,0.05
ARG,2008,1937.64151484529,1915.4639525515156,EG.USE.PCAP.KG.OE,10.0,0.05
ARG,2009,1865.33735598138,1966.7662958293893,EG.USE.PCAP.KG.OE,10.0,0.05
ARG,2010,1928.65235658729,1930.5428680775988,EG.USE.PCAP.KG.OE,10.0,0.05
ARG,2011,1952.05105293095,1962.1693383772983,EG.USE.PCAP.KG.OE,10.0,0.05
ARG,2012,1936.80353979442,1976.2648737656373,EG.USE.PCAP.KG.OE,10.0,0.05
ARG,2013,1967.02167752077,1961.965282791059,EG.USE.PCAP.KG.OE,10.0,0.05
ARG,2014,2029.92282543737,1952.942080860312,EG.USE.PCAP.KG.OE,10.0,0.05
ARG,2015,2029.92282543737,1976.2643881834836,EG.USE.PCAP.KG.OE,10.0,0.05
ARG,2016,2029.92282543737,2011.3071614691573,EG.USE.PCAP.KG.OE,10.0,0.05
ARG,2017,2029.92282543737,2028.5250562870028,EG.USE.PCAP.KG.OE,10.0,0.05
ARG,2018,2029.92282543737,2022.3951099910482,EG.USE.PCAP.KG.OE,10.0,0.05
ARG,2019,2029.92282543737,2002.3227734202296,EG.USE.PCAP.KG.OE,10.0,0.05
ARG,2005,315570.0,325345.0453236457,EN.ATM.GHGT.KT.CE,0.05,10.0
ARG,2006,330120.0,330594.60208931204,EN.ATM.GHGT.KT.CE,0.05,10.0
ARG,2007,343550.0,344345.67892226746,EN.ATM.GHGT.KT.CE,0.05,10.0
ARG,2008,347610.0,353159.67151488987,EN.ATM.GHGT.KT.CE,0.05,10.0
ARG,2009,328570.0,358675.96406494715,EN.ATM.GHGT.KT.CE,0.05,10.0
ARG,2010,334590.0,344014.99835709686,EN.ATM.GHGT.KT.CE,0.05,10.0
ARG,2011,344800.0,342313.35062489746,EN.ATM.GHGT.KT.CE,0.05,10.0
ARG,2012,348940.0,349499.8897271199,EN.ATM.GHGT.KT.CE,0.05,10.0
ARG,2013,358180.0,352604.79313820845,EN.ATM.GHGT.KT.CE,0.05,10.0
ARG,2014,356100.0,365108.4060539388,EN.ATM.GHGT.KT.CE,0.05,10.0
ARG,2015,362560.0,361466.39312001085,EN.ATM.GHGT.KT.CE,0.05,10.0
ARG,2016,366370.0,369038.08170401276,EN.ATM.GHGT.KT.CE,0.05,10.0
ARG,2017,367320.0,373206.02465245227,EN.ATM.GHGT.KT.CE,0.05,10.0
ARG,2018,365650.0,372752.48897495965,EN.ATM.GHGT.KT.CE,0.05,10.0
ARG,2019,365650.0,369489.71753001143,EN.ATM.GHGT.KT.CE,0.05,10.0
ARG,2005,7.93875427420938,7.803596735682394,NV.AGR.TOTL.ZS,1.0,10.0
ARG,2006,6.93557229126392,8.205224444902932,NV.AGR.TOTL.ZS,1.0,10.0
ARG,2007,7.45235394606923,7.499768819932713,NV.AGR.TOTL.ZS,1.0,10.0
ARG,2008,7.3189545972436,8.043050205780563,NV.AGR.TOTL.ZS,1.0,10.0
ARG,2009,5.2736234689014,8.042571372947153,NV.AGR.TOTL.ZS,1.0,10.0
ARG,2010,7.13216745078964,6.29872949957126,NV.AGR.TOTL.ZS,1.0,10.0
ARG,2011,6.99873377022519,6.998600186080956,NV.AGR.TOTL.ZS,1.0,10.0
ARG,2012,5.7817442068501,7.20274208209303,NV.AGR.TOTL.ZS,1.0,10.0
ARG,2013,6.05291843670451,6.3589946633106305,NV.AGR.TOTL.ZS,1.0,10.0
ARG,2014,6.71270351428559,6.245247286756214,NV.AGR.TOTL.ZS,1.0,10.0
ARG,2015,5.1566859021408,7.103281515698653,NV.AGR.TOTL.ZS,1.0,10.0
ARG,2016,6.26456582010254,5.696790073225728,NV.AGR.TOTL.ZS,1.0,10.0
ARG,2017,5.23162237725058,7.009043616037156,NV.AGR.TOTL.ZS,1.0,10.0
ARG,2018,5.29647212437895,6.464795834378815,NV.AGR.TOTL.ZS,1.0,10.0
ARG,2019,6.088397130802,6.58089446416496,NV.AGR.TOTL.ZS,1.0,10.0
ARG,2005,10.6534929189359,13.187954167305481,FS.AST.PRVT.GD.ZS,10.0,10.0
ARG,2006,11.9102616607561,16.925478773370166,FS.AST.PRVT.GD.ZS,10.0,10.0
ARG,2007,13.0985413493544,18.31422635084225,FS.AST.PRVT.GD.ZS,10.0,10.0
ARG,2008,12.313946714342,14.465214498474129,FS.AST.PRVT.GD.ZS,10.0,10.0
ARG,2009,12.4162075416805,12.341034717817868,FS.AST.PRVT.GD.ZS,10.0,10.0
ARG,2010,12.6901062454749,12.925421207653843,FS.AST.PRVT.GD.ZS,10.0,10.0
ARG,2011,14.0087151168124,13.006471274848714,FS.AST.PRVT.GD.ZS,10.0,10.0
ARG,2012,15.2128150156924,14.684159218009368,FS.AST.PRVT.GD.ZS,10.0,10.0
ARG,2013,15.7290920133564,15.696764273047581,FS.AST.PRVT.GD.ZS,10.0,10.0
ARG,2014,13.8237692455151,15.386675625421855,FS.AST.PRVT.GD.ZS,10.0,10.0
ARG,2015,14.4142330417064,12.758943797072934,FS.AST.PRVT.GD.ZS,10.0,10.0
ARG,2016,13.6676334273514,14.228352914844912,FS.AST.PRVT.GD.ZS,10.0,10.0
ARG,2017,15.9584973420583,12.012442697058782,FS.AST.PRVT.GD.ZS,10.0,10.0
ARG,2018,15.9584973420583,14.22029488174948,FS.AST.PRVT.GD.ZS,10.0,10.0
ARG,2019,15.9584973420583,14.255676483103095,FS.AST.PRVT.GD.ZS,10.0,10.0
AUS,2005,84.582,84.46398245395169,SP.URB.TOTL.IN.ZS,0.05,10.0
AUS,2006,84.7,84.54695956890757,SP.URB.TOTL.IN.ZS,0.05,10.0
AUS,2007,84.822,84.6886378415284,SP.URB.TOTL.IN.ZS,0.05,10.0
AUS,2008,84.943,84.89891431744542,SP.URB.TOTL.IN.ZS,0.05,10.0
AUS,2009,85.063,85.02344963611094,SP.URB.TOTL.IN.ZS,0.05,10.0
AUS,2010,85.182,85.16660516538926,SP.URB.TOTL.IN.ZS,0.05,10.0
AUS,2011,85.3,85.32595151627424,SP.URB.TOTL.IN.ZS,0.05,10.0
AUS,2012,85.402,85.35226856925973,SP.URB.TOTL.IN.ZS,0.05,10.0
AUS,2013,85.502,85.44308026103539,SP.URB.TOTL.IN.ZS,0.05,10.0
AUS,2014,85.602,85.59543255567819,SP.URB.TOTL.IN.ZS,0.05,10.0
AUS,2015,85.701,85.67746295496019,SP.URB.TOTL.IN.ZS,0.05,10.0
AUS,2016,85.8,85.7847681858537,SP.URB.TOTL.IN.ZS,0.05,10.0
AUS,2017,85.904,85.9142227033839,SP.URB.TOTL.IN.ZS,0.05,10.0
AUS,2018,86.012,86.01692341861934,SP.URB.TOTL.IN.ZS,0.05,10.0
AUS,2019,86.124,86.12179966054254,SP.URB.TOTL.IN.ZS,0.05,10.0
AUS,2005,15.418,15.541599821678886,SP.RUR.TOTL.ZS,0.05,10.0
AUS,2006,15.3,15.467214909413277,SP.RUR.TOTL.ZS,0.05,10.0
AUS,2007,15.178,15.30982205939191,SP.RUR.TOTL.ZS,0.05,10.0
AUS,2008,15.057,15.080451251985346,SP.RUR.TOTL.ZS,0.05,10.0
AUS,2009,14.937,14.94872273145657,SP.RUR.TOTL.ZS,0.05,10.0
AUS,2010,14.818,14.795729343759518,SP.RUR.TOTL.ZS,0.05,10.0
AUS,2011,14.7,14.6564441662047,SP.RUR.TOTL.ZS,0.05,10.0
AUS,2012,14.598,14.607903185459971,SP.RUR.TOTL.ZS,0.05,10.0
AUS,2013,14.498,14.511517283692378,SP.RUR.TOTL.ZS,0.05,10.0
AUS,2014,14.398,14.380320660612362,SP.RUR.TOTL.ZS,0.05,10.0
AUS,2015,14.299,14.290381718246495,SP.RUR.TOTL.ZS,0.05,10.0
AUS,2016,14.2,14.182153136298812,SP.RUR.TOTL.ZS,0.05,10.0
AUS,2017,14.096,14.09490471103424,SP.RUR.TOTL.ZS,0.05,10.0
AUS,2018,13.988,13.993588670658287,SP.RUR.TOTL.ZS,0.05,10.0
AUS,2019,13.876,13.887372451127703,SP.RUR.TOTL.ZS,0.05,10.0
AUS,2005,78.5,78.4656402490647,SP.DYN.LE00.MA.IN,0.05,10.0
AUS,2006,78.7,78.82498761133934,SP.DYN.LE00.MA.IN,0.05,10.0
AUS,2007,79.0,79.0772297295003,SP.DYN.LE00.MA.IN,0.05,10.0
AUS,2008,79.2,79.36368874260586,SP.DYN.LE00.MA.IN,0.05,10.0
AUS,2009,79.3,79.5835123483579,SP.DYN.LE00.MA.IN,0.05,10.0
AUS,2010,79.5,79.73014590430263,SP.DYN.LE00.MA.IN,0.05,10.0
AUS,2011,79.7,79.83920704098017,SP.DYN.LE00.MA.IN,0.05,10.0
AUS,2012,79.9,80.00324908617256,SP.DYN.LE00.MA.IN,0.05,10.0
AUS,2013,80.1,80.20969501127652,SP.DYN.LE00.MA.IN,0.05,10.0
AUS,2014,80.3,80.37104765410703,SP.DYN.LE00.MA.IN,0.05,10.0
AUS,2015,80.4,80.56816013476896,SP.DYN.LE00.MA.IN,0.05,10.0
AUS,2016,80.4,80.65247010755365,SP.DYN.LE00.MA.IN,0.05,10.0
AUS,2017,80.5,80.54817459958596,SP.DYN.LE00.MA.IN,0.05,10.0
AUS,2018,80.7,80.67817587355012,SP.DYN.LE00.MA.IN,0.05,10.0
AUS,2019,80.9,80.88450322090358,SP.DYN.LE00.MA.IN,0.05,10.0
AUS,2005,80.8414634146341,80.82798073530212,SP.DYN.LE00.IN,0.1,2.0
AUS,2006,81.0414634146342,81.13652178019811,SP.DYN.LE00.IN,0.1,2.0
AUS,2007,81.2926829268293,81.40811589720553,SP.DYN.LE00.IN,0.1,2.0
AUS,2008,81.3951219512195,81.61535047433576,SP.DYN.LE00.IN,0.1,2.0
AUS,2009,81.5439024390244,81.7646212624136,SP.DYN.LE00.IN,0.1,2.0
AUS,2010,81.6951219512195,81.93696552754523,SP.DYN.LE00.IN,0.1,2.0
AUS,2011,81.8951219512195,81.96498555460413,SP.DYN.LE00.IN,0.1,2.0
AUS,2012,82.0463414634146,82.16927587854727,SP.DYN.LE00.IN,0.1,2.0
AUS,2013,82.1487804878049,82.3280777708001,SP.DYN.LE00.IN,0.1,2.0
AUS,2014,82.3,82.39200006167151,SP.DYN.LE00.IN,0.1,2.0
AUS,2015,82.4,82.55279365275823,SP.DYN.LE00.IN,0.1,2.0
AUS,2016,82.4487804878049,82.64804915696563,SP.DYN.LE00.IN,0.1,2.0
AUS,2017,82.5,82.64922075557637,SP.DYN.LE00.IN,0.1,2.0
AUS,2018,82.7487804878049,82.71145277546269,SP.DYN.LE00.IN,0.1,2.0
AUS,2019,82.9,82.88331120195282,SP.DYN.LE00.IN,0.1,2.0
AUS,2005,693407758231.845,653564566825.065,NY.GDP.MKTP.CD,0.05,10.0
AUS,2006,746054207846.661,658080137191.7161,NY.GDP.MKTP.CD,0.05,10.0
AUS,2007,853099630996.31,685497705489.9923,NY.GDP.MKTP.CD,0.05,10.0
AUS,2008,1053995523724.26,954322362290.7854,NY.GDP.MKTP.CD,0.05,10.0
AUS,2009,927805183330.879,1215845182387.8462,NY.GDP.MKTP.CD,0.05,10.0
AUS,2010,1146138465603.81,921005133082.8407,NY.GDP.MKTP.CD,0.05,10.0
AUS,2011,1396649906339.35,1191126561011.5742,NY.GDP.MKTP.CD,0.05,10.0
AUS,2012,1546151783872.96,1462151194920.4922,NY.GDP.MKTP.CD,0.05,10.0
AUS,2013,1576184467015.49,1681530912787.149,NY.GDP.MKTP.CD,0.05,10.0
AUS,2014,1467483705131.74,1738859220634.695,NY.GDP.MKTP.CD,0.05,10.0
AUS,2015,1351693984524.5,1640987142213.0159,NY.GDP.MKTP.CD,0.05,10.0
AUS,2016,1208846993739.99,1518258446857.1262,NY.GDP.MKTP.CD,0.05,10.0
AUS,2017,1329188475752.32,1156340570333.808,NY.GDP.MKTP.CD,0.05,10.0
AUS,2018,1432881172002.17,1360390601355.5806,NY.GDP.MKTP.CD,0.05,10.0
AUS,2019,1396567014733.23,1442375982176.847,NY.GDP.MKTP.CD,0.05,10.0
AUS,2005,21.0060810671628,20.064806243438163,NE.IMP.GNFS.ZS,0.05,10.0
AUS,2006,21.7103057916763,20.70887558431696,NE.IMP.GNFS.ZS,0.05,10.0
AUS,2007,21.8478307885289,21.476849225469664,NE.IMP.GNFS.ZS,0.05,10.0
AUS,2008,22.7086594643905,22.199992015419415,NE.IMP.GNFS.ZS,0.05,10.0
AUS,2009,22.7930912712426,22.958381666412148,NE.IMP.GNFS.ZS,0.05,10.0
AUS,2010,20.8396639745591,23.122687411138106,NE.IMP.GNFS.ZS,0.05,10.0
AUS,2011,20.4703160052576,21.491104794421545,NE.IMP.GNFS.ZS,0.05,10.0
AUS,2012,21.7295182659334,20.68445648976107,NE.IMP.GNFS.ZS,0.05,10.0
AUS,2013,21.2522627313421,21.64500516081111,NE.IMP.GNFS.ZS,0.05,10.0
AUS,2014,21.4670353387174,21.30800840018296,NE.IMP.GNFS.ZS,0.05,10.0
AUS,2015,21.5095275701541,21.49839047510892,NE.IMP.GNFS.ZS,0.05,10.0
AUS,2016,21.5265843486597,21.512439386719674,NE.IMP.GNFS.ZS,0.05,10.0
AUS,2017,20.6129696868594,21.49277672284441,NE.IMP.GNFS.ZS,0.05,10.0
AUS,2018,21.4407430648721,20.883900856269758,NE.IMP.GNFS.ZS,0.05,10.0
AUS,2019,21.5994940287195,21.03048044802098,NE.IMP.GNFS.ZS,0.05,10.0
AUS,2005,18.2651015697588,18.351640971924343,NE.EXP.GNFS.ZS,2.0,2.0
AUS,2006,19.8939212990376,19.292336643753373,NE.EXP.GNFS.ZS,2.0,2.0
AUS,2007,20.2036088949588,20.817136638838132,NE.EXP.GNFS.ZS,2.0,2.0
AUS,2008,20.1616732338809,20.776230078398022,NE.EXP.GNFS.ZS,2.0,2.0
AUS,2009,23.0048129381936,20.693992544274643,NE.EXP.GNFS.ZS,2.0,2.0
AUS,2010,19.810007754315,23.528412482273936,NE.EXP.GNFS.ZS,2.0,2.0
AUS,2011,21.4364170540906,20.56280554040898,NE.EXP.GNFS.ZS,2.0,2.0
AUS,2012,21.4808284059974,20.270414307590038,NE.EXP.GNFS.ZS,2.0,2.0
AUS,2013,19.9561676149363,19.50184225993494,NE.EXP.GNFS.ZS,2.0,2.0
AUS,2014,21.0394549992806,20.1555183510616,NE.EXP.GNFS.ZS,2.0,2.0
AUS,2015,19.984845509759,20.46840850540065,NE.EXP.GNFS.ZS,2.0,2.0
AUS,2016,19.2510570754507,20.0448619105916,NE.EXP.GNFS.ZS,2.0,2.0
AUS,2017,21.2057506620343,19.841458294052416,NE.EXP.GNFS.ZS,2.0,2.0
AUS,2018,21.8219046176483,20.566402826643547,NE.EXP.GNFS.ZS,2.0,2.0
AUS,2019,24.1109654423664,19.869674877225368,NE.EXP.GNFS.ZS,2.0,2.0
AUS,2005,3.20426979287869,3.6170662313549213,NY.GDP.MKTP.KD.ZG,0.05,10.0
AUS,2006,2.79453702446311,2.7293419130962846,NY.GDP.MKTP.KD.ZG,0.05,10.0
AUS,2007,3.84423031556788,2.9584612169881686,NY.GDP.MKTP.KD.ZG,0.05,10.0
AUS,2008,3.65795352556486,3.980773716386702,NY.GDP.MKTP.KD.ZG,0.05,10.0
AUS,2009,1.93699392030038,3.964380481995506,NY.GDP.MKTP.KD.ZG,0.05,10.0
AUS,2010,2.067417127684,3.854860070712175,NY.GDP.MKTP.KD.ZG,0.05,10.0
AUS,2011,2.46275631162725,3.1685003243761765,NY.GDP.MKTP.KD.ZG,0.05,10.0
AUS,2012,3.91816287094112,2.8890491840276162,NY.GDP.MKTP.KD.ZG,0.05,10.0
AUS,2013,2.58489770154893,3.7784248252718955,NY.GDP.MKTP.KD.ZG,0.05,10.0
AUS,2014,2.5331146653882,3.2696525193908728,NY.GDP.MKTP.KD.ZG,0.05,10.0
AUS,2015,2.19264742646037,2.9195318595165305,NY.GDP.MKTP.KD.ZG,0.05,10.0
AUS,2016,2.7706521973025,2.9490973459852112,NY.GDP.MKTP.KD.ZG,0.05,10.0
AUS,2017,2.30061062359425,2.862528763824115,NY.GDP.MKTP.KD.ZG,0.05,10.0
AUS,2018,2.94928577160958,2.883390861000636,NY.GDP.MKTP.KD.ZG,0.05,10.0
AUS,2019,2.16095629535999,2.7912043460383162,NY.GDP.MKTP.KD.ZG,0.05,10.0
AUS,2005,5.7,5.7468004757244096,SH.DYN.MORT,1.0,10.0
AUS,2006,5.6,5.609153567673833,SH.DYN.MORT,1.0,10.0
AUS,2007,5.4,5.564755471094134,SH.DYN.MORT,1.0,10.0
AUS,2008,5.2,5.472752351751881,SH.DYN.MORT,1.0,10.0
AUS,2009,5.0,5.317684754151314,SH.DYN.MORT,1.0,10.0
AUS,2010,4.8,5.169141609853325,SH.DYN.MORT,1.0,10.0
AUS,2011,4.5,4.806233040651362,SH.DYN.MORT,1.0,10.0
AUS,2012,4.3,4.5323198074746935,SH.DYN.MORT,1.0,10.0
AUS,2013,4.1,4.326283262754123,SH.DYN.MORT,1.0,10.0
AUS,2014,4.0,3.9193515150796943,SH.DYN.MORT,1.0,10.0
AUS,2015,3.9,3.7888232717467947,SH.DYN.MORT,1.0,10.0
AUS,2016,3.8,3.673365052001804,SH.DYN.MORT,1.0,10.0
AUS,2017,3.7,3.662404923388384,SH.DYN.MORT,1.0,10.0
AUS,2018,3.7,3.572800933480673,SH.DYN.MORT,1.0,10.0
AUS,2019,3.6,3.502484890019476,SH.DYN.MORT,1.0,10.0
AUS,2005,5564.08716927844,5628.989930174894,EG.USE.PCAP.KG.OE,0.05,10.0
AUS,2006,5709.34466781654,5579.077321398136,EG.USE.PCAP.KG.OE,0.05,10.0
AUS,2007,5868.34709712113,5712.202594041008,EG.USE.PCAP.KG.OE,0.05,10.0
AUS,2008,5964.66577565273,5911.474194174376,EG.USE.PCAP.KG.OE,0.05,10.0
AUS,2009,5862.55194383105,6021.758511754455,EG.USE.PCAP.KG.OE,0.05,10.0
AUS,2010,5793.11602573559,5942.151172977124,EG.USE.PCAP.KG.OE,0.05,10.0
AUS,2011,5745.23218954465,5816.311503268808,EG.USE.PCAP.KG.OE,0.05,10.0
AUS,2012,5575.28709327857,5792.77671784621,EG.USE.PCAP.KG.OE,0.05,10.0
AUS,2013,5468.39136879598,5616.717151087179,EG.USE.PCAP.KG.OE,0.05,10.0
AUS,2014,5334.68167873774,5425.338661174557,EG.USE.PCAP.KG.OE,0.05,10.0
AUS,2015,5483.81640154023,5297.995702893748,EG.USE.PCAP.KG.OE,0.05,10.0
AUS,2016,5483.81640154023,5492.484148473484,EG.USE.PCAP.KG.OE,0.05,10.0
AUS,2017,5483.81640154023,5492.401236800209,EG.USE.PCAP.KG.OE,0.05,10.0
AUS,2018,5483.81640154023,5509.77117572685,EG.USE.PCAP.KG.OE,0.05,10.0
AUS,2019,5483.81640154023,5446.730893349763,EG.USE.PCAP.KG.OE,0.05,10.0
AUS,2005,568380.0,611605.2179120958,EN.ATM.GHGT.KT.CE,10.0,10.0
AUS,2006,611700.0,578031.8994103482,EN.ATM.GHGT.KT.CE,10.0,10.0
AUS,2007,614990.0,616100.122078518,EN.ATM.GHGT.KT.CE,10.0,10.0
AUS,2008,587260.0,626067.6544599929,EN.ATM.GHGT.KT.CE,10.0,10.0
AUS,2009,601070.0,610242.0940567651,EN.ATM.GHGT.KT.CE,10.0,10.0
AUS,2010,571220.0,608735.3939295593,EN.ATM.GHGT.KT.CE,10.0,10.0
AUS,2011,673130.0,578269.7031100395,EN.ATM.GHGT.KT.CE,10.0,10.0
AUS,2012,670930.0,642723.8141591118,EN.ATM.GHGT.KT.CE,10.0,10.0
AUS,2013,581890.0,684594.1802030671,EN.ATM.GHGT.KT.CE,10.0,10.0
AUS,2014,593500.0,609563.0608936715,EN.ATM.GHGT.KT.CE,10.0,10.0
AUS,2015,594580.0,600494.7704763577,EN.ATM.GHGT.KT.CE,10.0,10.0
AUS,2016,573390.0,606749.252370804,EN.ATM.GHGT.KT.CE,10.0,10.0
AUS,2017,619790.0,586396.4135734283,EN.ATM.GHGT.KT.CE,10.0,10.0
AUS,2018,615380.0,602849.1419760631,EN.ATM.GHGT.KT.CE,10.0,10.0
AUS,2019,615380.0,597435.9616138793,EN.ATM.GHGT.KT.CE,10.0,10.0
AUS,2005,2.88333002663787,3.198314835911662,NV.AGR.TOTL.ZS,0.5,10.0
AUS,2006,2.72673444195779,3.074868194481499,NV.AGR.TOTL.ZS,0.5,10.0
AUS,2007,2.20110013592946,3.0428646247123057,NV.AGR.TOTL.ZS,0.5,10.0
AUS,2008,2.33863042368512,2.3293620209598744,NV.AGR.TOTL.ZS,0.5,10.0
AUS,2009,2.29172039725587,2.1991028825682726,NV.AGR.TOTL.ZS,0.5,10.0
AUS,2010,2.19756826525444,2.248574780196166,NV.AGR.TOTL.ZS,0.5,10.0
AUS,2011,2.27654236627696,2.139631624749608,NV.AGR.TOTL.ZS,0.5,10.0
AUS,2012,2.25474804896169,2.189454905923061,NV.AGR.TOTL.ZS,0.5,10.0
AUS,2013,2.27890649460036,2.136245394295008,NV.AGR.TOTL.ZS,0.5,10.0
AUS,2014,2.21622365548348,2.270957179485037,NV.AGR.TOTL.ZS,0.5,10.0
AUS,2015,2.37264411384703,2.2547584244384167,NV.AGR.TOTL.ZS,0.5,10.0
AUS,2016,2.40312299408568,2.3103669491420713,NV.AGR.TOTL.ZS,0.5,10.0
AUS,2017,2.70442489124027,2.3773800493582478,NV.AGR.TOTL.ZS,0.5,10.0
AUS,2018,2.45834595577098,2.5320376216829477,NV.AGR.TOTL.ZS,0.5,10.0
AUS,2019,2.12159698465698,2.4420866129681107,NV.AGR.TOTL.ZS,0.5,10.0
AUS,2005,108.794102148524,106.54402846360993,FS.AST.PRVT.GD.ZS,0.05,10.0
AUS,2006,113.96120661252,112.0034122991258,FS.AST.PRVT.GD.ZS,0.05,10.0
AUS,2007,120.781309516204,117.47657801789606,FS.AST.PRVT.GD.ZS,0.05,10.0
AUS,2008,121.952853880525,126.97348542166257,FS.AST.PRVT.GD.ZS,0.05,10.0
AUS,2009,122.633448527858,129.84009417849376,FS.AST.PRVT.GD.ZS,0.05,10.0
AUS,2010,125.495658263693,130.3516306122921,FS.AST.PRVT.GD.ZS,0.05,10.0
AUS,2011,122.334841433773,129.27520659101876,FS.AST.PRVT.GD.ZS,0.05,10.0
AUS,2012,121.283723868631,124.4479072703121,FS.AST.PRVT.GD.ZS,0.05,10.0
AUS,2013,124.782324039651,124.00512687249665,FS.AST.PRVT.GD.ZS,0.05,10.0
AUS,2014,128.506815788899,127.0071713044866,FS.AST.PRVT.GD.ZS,0.05,10.0
AUS,2015,136.317380046235,130.37409206697095,FS.AST.PRVT.GD.ZS,0.05,10.0
AUS,2016,142.423168295968,138.91035187272337,FS.AST.PRVT.GD.ZS,0.05,10.0
AUS,2017,140.292665440877,146.44806959726407,FS.AST.PRVT.GD.ZS,0.05,10.0
AUS,2018,139.525908705372,141.04895973262032,FS.AST.PRVT.GD.ZS,0.05,10.0
AUS,2019,135.840754741125,140.3719162607806,FS.AST.PRVT.GD.ZS,0.05,10.0
BRA,2005,82.834,82.89236463250859,SP.URB.TOTL.IN.ZS,0.05,10.0
BRA,2006,83.143,83.18273898800071,SP.URB.TOTL.IN.ZS,0.05,10.0
BRA,2007,83.448,83.5889811082816,SP.URB.TOTL.IN.ZS,0.05,10.0
BRA,2008,83.749,83.87170429105907,SP.URB.TOTL.IN.ZS,0.05,10.0
BRA,2009,84.044,84.17727756872891,SP.URB.TOTL.IN.ZS,0.05,10.0
BRA,2010,84.335,84.37117749675419,SP.URB.TOTL.IN.ZS,0.05,10.0
BRA,2011,84.631,84.82488096417471,SP.URB.TOTL.IN.ZS,0.05,10.0
BRA,2012,84.923,85.10101541242307,SP.URB.TOTL.IN.ZS,0.05,10.0
BRA,2013,85.209,85.35892211369337,SP.URB.TOTL.IN.ZS,0.05,10.0
BRA,2014,85.492,85.54566352687696,SP.URB.TOTL.IN.ZS,0.05,10.0
BRA,2015,85.77,85.81762216803524,SP.URB.TOTL.IN.ZS,0.05,10.0
BRA,2016,86.042,86.11582066002369,SP.URB.TOTL.IN.ZS,0.05,10.0
BRA,2017,86.309,86.36711674436123,SP.URB.TOTL.IN.ZS,0.05,10.0
BRA,2018,86.569,86.6287582742641,SP.URB.TOTL.IN.ZS,0.05,10.0
BRA,2019,86.824,86.8919835603755,SP.URB.TOTL.IN.ZS,0.05,10.0
BRA,2005,17.166,17.246276625594433,SP.RUR.TOTL.ZS,0.05,10.0
BRA,2006,16.857,16.996145804259722,SP.RUR.TOTL.ZS,0.05,10.0
BRA,2007,16.552,16.652912743634655,SP.RUR.TOTL.ZS,0.05,10.0
BRA,2008,16.251,16.25919599053174,SP.RUR.TOTL.ZS,0.05,10.0
BRA,2009,15.956,15.956955871018868,SP.RUR.TOTL.ZS,0.05,10.0
BRA,2010,15.665,15.714665938555154,SP.RUR.TOTL.ZS,0.05,10.0
BRA,2011,15.369,15.328846667765825,SP.RUR.TOTL.ZS,0.05,10.0
BRA,2012,15.077,15.073964522578791,SP.RUR.TOTL.ZS,0.05,10.0
BRA,2013,14.791,14.826526167767453,SP.RUR.TOTL.ZS,0.05,10.0
BRA,2014,14.508,14.590962339702283,SP.RUR.TOTL.ZS,0.05,10.0
BRA,2015,14.23,14.348951631796002,SP.RUR.TOTL.ZS,0.05,10.0
BRA,2016,13.958,14.062211914321715,SP.RUR.TOTL.ZS,0.05,10.0
BRA,2017,13.691,13.699038481281924,SP.RUR.TOTL.ZS,0.05,10.0
BRA,2018,13.431,13.442986639858265,SP.RUR.TOTL.ZS,0.05,10.0
BRA,2019,13.176,13.18739605890427,SP.RUR.TOTL.ZS,0.05,10.0
BRA,2005,68.166,68.1703759278574,SP.DYN.LE00.MA.IN,0.05,10.0
BRA,2006,68.536,68.54719247782275,SP.DYN.LE00.MA.IN,0.05,10.0
BRA,2007,68.905,68.91800946688073,SP.DYN.LE00.MA.IN,0.05,10.0
BRA,2008,69.266,69.27505723935204,SP.DYN.LE00.MA.IN,0.05,10.0
BRA,2009,69.616,69.63337297813463,SP.DYN.LE00.MA.IN,0.05,10.0
BRA,2010,69.95,69.98393279100279,SP.DYN.LE00.MA.IN,0.05,10.0
BRA,2011,70.265,70.31159836367787,SP.DYN.LE00.MA.IN,0.05,10.0
BRA,2012,70.56,70.6374321714832,SP.DYN.LE00.MA.IN,0.05,10.0
BRA,2013,70.838,70.94806627330709,SP.DYN.LE00.MA.IN,0.05,10.0
BRA,2014,71.099,71.2136915932697,SP.DYN.LE00.MA.IN,0.05,10.0
BRA,2015,71.345,71.48269170895011,SP.DYN.LE00.MA.IN,0.05,10.0
BRA,2016,71.578,71.7303009133574,SP.DYN.LE00.MA.IN,0.05,10.0
BRA,2017,71.804,71.92923157887299,SP.DYN.LE00.MA.IN,0.05,10.0
BRA,2018,72.024,72.15555814534133,SP.DYN.LE00.MA.IN,0.05,10.0
BRA,2019,72.243,72.37987993980337,SP.DYN.LE00.MA.IN,0.05,10.0
BRA,2005,71.896,71.92352463579978,SP.DYN.LE00.IN,0.05,10.0
BRA,2006,72.26,72.2971153144648,SP.DYN.LE00.IN,0.05,10.0
BRA,2007,72.618,72.67488239025128,SP.DYN.LE00.IN,0.05,10.0
BRA,2008,72.966,73.01302172679824,SP.DYN.LE00.IN,0.05,10.0
BRA,2009,73.3,73.36165154122126,SP.DYN.LE00.IN,0.05,10.0
BRA,2010,73.619,73.68287421478807,SP.DYN.LE00.IN,0.05,10.0
BRA,2011,73.921,74.01474148764902,SP.DYN.LE00.IN,0.05,10.0
BRA,2012,74.209,74.32393166491283,SP.DYN.LE00.IN,0.05,10.0
BRA,2013,74.483,74.61764753681008,SP.DYN.LE00.IN,0.05,10.0
BRA,2014,74.745,74.85867469877289,SP.DYN.LE00.IN,0.05,10.0
BRA,2015,74.994,75.12703222386284,SP.DYN.LE00.IN,0.05,10.0
BRA,2016,75.23,75.37944365352898,SP.DYN.LE00.IN,0.05,10.0
BRA,2017,75.456,75.57774090684221,SP.DYN.LE00.IN,0.05,10.0
BRA,2018,75.672,75.797546682284,SP.DYN.LE00.IN,0.05,10.0
BRA,2019,75.881,76.0175863700077,SP.DYN.LE00.IN,0.05,10.0
BRA,2005,891630177251.068,768714051178.7104,NY.GDP.MKTP.CD,0.05,10.0
BRA,2006,1107640289615.23,977034590919.2091,NY.GDP.MKTP.CD,0.05,10.0
BRA,2007,1397084349956.35,1133315451905.8943,NY.GDP.MKTP.CD,0.05,10.0
BRA,2008,1695824565983.2,1561845955918.4568,NY.GDP.MKTP.CD,0.05,10.0
BRA,2009,1667019783585.08,1792884341857.8892,NY.GDP.MKTP.CD,0.05,10.0
BRA,2010,2208871646202.82,1674548055333.2751,NY.GDP.MKTP.CD,0.05,10.0
BRA,2011,2616200980392.16,2237592413808.0913,NY.GDP.MKTP.CD,0.05,10.0
BRA,2012,2465188674415.03,2739740928026.2134,NY.GDP.MKTP.CD,0.05,10.0
BRA,2013,2472806919901.67,2875923134459.145,NY.GDP.MKTP.CD,0.05,10.0
BRA,2014,2455993625159.37,2548013436069.211,NY.GDP.MKTP.CD,0.05,10.0
BRA,2015,1802214373741.32,2497918278427.804,NY.GDP.MKTP.CD,0.05,10.0
BRA,2016,1795700168991.49,1802510892013.0288,NY.GDP.MKTP.CD,0.05,10.0
BRA,2017,2063507864886.88,1812672154033.5718,NY.GDP.MKTP.CD,0.05,10.0
BRA,2018,1916947014067.55,2134653740431.1265,NY.GDP.MKTP.CD,0.05,10.0
BRA,2019,1877810514260.36,1952929487188.2317,NY.GDP.MKTP.CD,0.05,10.0
BRA,2005,11.8429659423762,13.873440347396658,NE.IMP.GNFS.ZS,1.0,10.0
BRA,2006,11.6673835813384,12.68046452994493,NE.IMP.GNFS.ZS,1.0,10.0
BRA,2007,11.9649362669047,12.447585210529873,NE.IMP.GNFS.ZS,1.0,10.0
BRA,2008,13.7235689068504,11.809826028640149,NE.IMP.GNFS.ZS,1.0,10.0
BRA,2009,11.2546044679462,13.681627781273832,NE.IMP.GNFS.ZS,1.0,10.0
BRA,2010,11.9065933373084,11.574773977956744,NE.IMP.GNFS.ZS,1.0,10.0
BRA,2011,12.3518953217282,11.907805999229168,NE.IMP.GNFS.ZS,1.0,10.0
BRA,2012,13.2367345412855,12.507060824724423,NE.IMP.GNFS.ZS,1.0,10.0
BRA,2013,14.0437454364237,13.242982399738384,NE.IMP.GNFS.ZS,1.0,10.0
BRA,2014,13.6734629958056,14.418169927588096,NE.IMP.GNFS.ZS,1.0,10.0
BRA,2015,14.0534511983164,14.493550112072473,NE.IMP.GNFS.ZS,1.0,10.0
BRA,2016,12.0670189851289,14.760282255889237,NE.IMP.GNFS.ZS,1.0,10.0
BRA,2017,11.8007665046081,12.568916196073904,NE.IMP.GNFS.ZS,1.0,10.0
BRA,2018,14.2412038821035,11.767544076633087,NE.IMP.GNFS.ZS,1.0,10.0
BRA,2019,14.3505751865419,13.222472263920043,NE.IMP.GNFS.ZS,1.0,10.0
BRA,2005,15.2438292665623,17.021652723095084,NE.EXP.GNFS.ZS,2.0,10.0
BRA,2006,14.3743163008972,15.135246368208138,NE.EXP.GNFS.ZS,2.0,10.0
BRA,2007,13.327675103099,14.272604919412759,NE.EXP.GNFS.ZS,2.0,10.0
BRA,2008,13.5340005119683,12.424442291887987,NE.EXP.GNFS.ZS,2.0,10.0
BRA,2009,10.8513711314233,13.216960516181448,NE.EXP.GNFS.ZS,2.0,10.0
BRA,2010,10.8655847746965,10.941061478796644,NE.EXP.GNFS.ZS,2.0,10.0
BRA,2011,11.5825153248769,11.186510448629404,NE.EXP.GNFS.ZS,2.0,10.0
BRA,2012,11.8775598368351,12.153855483139496,NE.EXP.GNFS.ZS,2.0,10.0
BRA,2013,11.7422306432624,12.351133009619032,NE.EXP.GNFS.ZS,2.0,10.0
BRA,2014,11.0119428207843,12.70455007801202,NE.EXP.GNFS.ZS,2.0,10.0
BRA,2015,12.9001914177405,12.485224936038989,NE.EXP.GNFS.ZS,2.0,10.0
BRA,2016,12.4666790443888,14.168191207078774,NE.EXP.GNFS.ZS,2.0,10.0
BRA,2017,12.5189678685484,12.901251295589164,NE.EXP.GNFS.ZS,2.0,10.0
BRA,2018,14.6349994952986,12.424382401556015,NE.EXP.GNFS.ZS,2.0,10.0
BRA,2019,14.1053621286953,14.196411074518004,NE.EXP.GNFS.ZS,2.0,10.0
BRA,2005,3.20213137990235,2.661522288047374,NY.GDP.MKTP.KD.ZG,10.0,0.05
BRA,2006,3.96198872184988,3.9613794473947577,NY.GDP.MKTP.KD.ZG,10.0,0.05
BRA,2007,6.0698706077184,3.0578578400794174,NY.GDP.MKTP.KD.ZG,10.0,0.05
BRA,2008,5.09419544732717,4.426474366690597,NY.GDP.MKTP.KD.ZG,10.0,0.05
BRA,2009,-0.125811999414864,3.8765004368379348,NY.GDP.MKTP.KD.ZG,10.0,0.05
BRA,2010,7.52822583005563,4.76131869621166,NY.GDP.MKTP.KD.ZG,10.0,0.05
BRA,2011,3.97442540583816,0.5674758587148638,NY.GDP.MKTP.KD.ZG,10.0,0.05
BRA,2012,1.92115031836305,1.8521807525590175,NY.GDP.MKTP.KD.ZG,10.0,0.05
BRA,2013,3.00484630505706,3.5907711045003126,NY.GDP.MKTP.KD.ZG,10.0,0.05
BRA,2014,0.503955740242247,3.4612116265193964,NY.GDP.MKTP.KD.ZG,10.0,0.05
BRA,2015,-3.54576339269425,3.975641347794183,NY.GDP.MKTP.KD.ZG,10.0,0.05
BRA,2016,-3.27591690782192,5.854694228714232,NY.GDP.MKTP.KD.ZG,10.0,0.05
BRA,2017,1.32286905485741,0.3357437413560813,NY.GDP.MKTP.KD.ZG,10.0,0.05
BRA,2018,1.78366676136979,1.781616935033922,NY.GDP.MKTP.KD.ZG,10.0,0.05
BRA,2019,1.41115298507022,2.5974916015092093,NY.GDP.MKTP.KD.ZG,10.0,0.05
BRA,2005,24.7,24.639365217062327,SH.DYN.MORT,0.05,0.05
BRA,2006,23.2,23.11671517085373,SH.DYN.MORT,0.05,0.05
BRA,2007,21.8,21.78254055595171,SH.DYN.MORT,0.05,0.05
BRA,2008,20.6,20.44661427367588,SH.DYN.MORT,0.05,0.05
BRA,2009,19.6,19.311946773471796,SH.DYN.MORT,0.05,0.05
BRA,2010,18.7,18.345800336268933,SH.DYN.MORT,0.05,0.05
BRA,2011,17.9,17.72151115681996,SH.DYN.MORT,0.05,0.05
BRA,2012,17.3,16.99153528185834,SH.DYN.MORT,0.05,0.05
BRA,2013,16.7,16.50505553254125,SH.DYN.MORT,0.05,0.05
BRA,2014,16.2,16.140354514242546,SH.DYN.MORT,0.05,0.05
BRA,2015,15.7,15.739130606309944,SH.DYN.MORT,0.05,0.05
BRA,2016,16.4,15.246809341596789,SH.DYN.MORT,0.05,0.05
BRA,2017,14.8,16.259644476631777,SH.DYN.MORT,0.05,0.05
BRA,2018,14.4,14.45786989720036,SH.DYN.MORT,0.05,0.05
BRA,2019,13.9,14.09822853463206,SH.DYN.MORT,0.05,0.05
BRA,2005,1156.90753654218,1174.2485545607165,EG.USE.PCAP.KG.OE,10.0,10.0
BRA,2006,1184.14512107209,1184.4120906538528,EG.USE.PCAP.KG.OE,10.0,10.0
BRA,2007,1238.41162839544,1206.527531199244,EG.USE.PCAP.KG.OE,10.0,10.0
BRA,2008,1294.48083319241,1275.8294674018618,EG.USE.PCAP.KG.OE,10.0,10.0
BRA,2009,1240.17730372725,1327.821341031859,EG.USE.PCAP.KG.OE,10.0,10.0
BRA,2010,1358.50240216015,1254.0768855613205,EG.USE.PCAP.KG.OE,10.0,10.0
BRA,2011,1367.18804920798,1301.7182091362943,EG.USE.PCAP.KG.OE,10.0,10.0
BRA,2012,1413.73338546845,1400.8024299468907,EG.USE.PCAP.KG.OE,10.0,10.0
BRA,2013,1461.07677362945,1418.26209879005,EG.USE.PCAP.KG.OE,10.0,10.0
BRA,2014,1495.5411407278,1477.2117874818057,EG.USE.PCAP.KG.OE,10.0,10.0
BRA,2015,1495.5411407278,1515.3174943970953,EG.USE.PCAP.KG.OE,10.0,10.0
BRA,2016,1495.5411407278,1534.1514352864247,EG.USE.PCAP.KG.OE,10.0,10.0
BRA,2017,1495.5411407278,1542.9686372906476,EG.USE.PCAP.KG.OE,10.0,10.0
BRA,2018,1495.5411407278,1551.7306701789837,EG.USE.PCAP.KG.OE,10.0,10.0
BRA,2019,1495.5411407278,1553.4136459876618,EG.USE.PCAP.KG.OE,10.0,10.0
BRA,2005,888930.0,914675.5001896817,EN.ATM.GHGT.KT.CE,10.0,10.0
BRA,2006,886910.0,935653.5586821819,EN.ATM.GHGT.KT.CE,10.0,10.0
BRA,2007,911240.0,868235.198547768,EN.ATM.GHGT.KT.CE,10.0,10.0
BRA,2008,924380.0,927295.7678956116,EN.ATM.GHGT.KT.CE,10.0,10.0
BRA,2009,905490.0,946628.2665894292,EN.ATM.GHGT.KT.CE,10.0,10.0
BRA,2010,986440.0,939840.6099086795,EN.ATM.GHGT.KT.CE,10.0,10.0
BRA,2011,1004840.0,956167.1870081704,EN.ATM.GHGT.KT.CE,10.0,10.0
BRA,2012,1042040.0,1027919.154766642,EN.ATM.GHGT.KT.CE,10.0,10.0
BRA,2013,1070850.0,1050665.1396897878,EN.ATM.GHGT.KT.CE,10.0,10.0
BRA,2014,1105900.0,1101675.6783084143,EN.ATM.GHGT.KT.CE,10.0,10.0
BRA,2015,1082700.0,1138223.2546028048,EN.ATM.GHGT.KT.CE,10.0,10.0
BRA,2016,1051690.0,1141680.872519114,EN.ATM.GHGT.KT.CE,10.0,10.0
BRA,2017,1064920.0,1067047.6939503723,EN.ATM.GHGT.KT.CE,10.0,10.0
BRA,2018,1032640.0,1074044.899588742,EN.ATM.GHGT.KT.CE,10.0,10.0
BRA,2019,1032640.0,1041445.1328020401,EN.ATM.GHGT.KT.CE,10.0,10.0
BRA,2005,4.65116882283132,6.39258216325976,NV.AGR.TOTL.ZS,0.1,10.0
BRA,2006,4.37004377798394,5.98453943066148,NV.AGR.TOTL.ZS,0.1,10.0
BRA,2007,4.41691543601929,5.355560062188126,NV.AGR.TOTL.ZS,0.1,10.0
BRA,2008,4.56785118317928,4.277154602518928,NV.AGR.TOTL.ZS,0.1,10.0
BRA,2009,4.47677399196415,4.474041000488534,NV.AGR.TOTL.ZS,0.1,10.0
BRA,2010,4.11575648758173,4.689462426050682,NV.AGR.TOTL.ZS,0.1,10.0
BRA,2011,4.34203511988559,4.152518271838982,NV.AGR.TOTL.ZS,0.1,10.0
BRA,2012,4.1683282240444,4.45632186875414,NV.AGR.TOTL.ZS,0.1,10.0
BRA,2013,4.50690493825609,4.293757879375051,NV.AGR.TOTL.ZS,0.1,10.0
BRA,2014,4.32561053879483,4.772326981750615,NV.AGR.TOTL.ZS,0.1,10.0
BRA,2015,4.31913275104669,4.663366791707205,NV.AGR.TOTL.ZS,0.1,10.0
BRA,2016,4.89135358685971,4.681875024858465,NV.AGR.TOTL.ZS,0.1,10.0
BRA,2017,4.60059169575971,5.107296282471781,NV.AGR.TOTL.ZS,0.1,10.0
BRA,2018,4.42039930378329,4.4900641425006,NV.AGR.TOTL.ZS,0.1,10.0
BRA,2019,4.40176323545758,4.331790898909912,NV.AGR.TOTL.ZS,0.1,10.0
BRA,2005,31.8397841549909,39.47907402325742,FS.AST.PRVT.GD.ZS,0.05,0.05
BRA,2006,35.4251666692421,41.306880100984,FS.AST.PRVT.GD.ZS,0.05,0.05
BRA,2007,40.6909379403607,40.84366044252393,FS.AST.PRVT.GD.ZS,0.05,0.05
BRA,2008,45.7822559922246,40.58098040677088,FS.AST.PRVT.GD.ZS,0.05,0.05
BRA,2009,47.4942898451896,44.365112577303066,FS.AST.PRVT.GD.ZS,0.05,0.05
BRA,2010,52.7646576277272,46.997832549721494,FS.AST.PRVT.GD.ZS,0.05,0.05
BRA,2011,58.0785043757694,51.929518253579346,FS.AST.PRVT.GD.ZS,0.05,0.05
BRA,2012,62.5192931966295,56.383185979450616,FS.AST.PRVT.GD.ZS,0.05,0.05
BRA,2013,64.2305738235588,60.84014846134135,FS.AST.PRVT.GD.ZS,0.05,0.05
BRA,2014,66.028510394056,68.37135048429556,FS.AST.PRVT.GD.ZS,0.05,0.05
BRA,2015,66.829700644229,69.44193955541039,FS.AST.PRVT.GD.ZS,0.05,0.05
BRA,2016,62.1695621343597,70.22436736370547,FS.AST.PRVT.GD.ZS,0.05,0.05
BRA,2017,59.4843040265848,60.26586900743489,FS.AST.PRVT.GD.ZS,0.05,0.05
BRA,2018,60.2183479373178,59.319895630180724,FS.AST.PRVT.GD.ZS,0.05,0.05
BRA,2019,62.6388269119369,61.84038425482708,FS.AST.PRVT.GD.ZS,0.05,0.05
CAN,2005,80.122,80.28768754288097,SP.URB.TOTL.IN.ZS,10.0,10.0
CAN,2006,80.213,80.33492286587844,SP.URB.TOTL.IN.ZS,10.0,10.0
CAN,2007,80.396,80.44272630846858,SP.URB.TOTL.IN.ZS,10.0,10.0
CAN,2008,80.578,80.62776863252043,SP.URB.TOTL.IN.ZS,10.0,10.0
CAN,2009,80.758,80.82322828437667,SP.URB.TOTL.IN.ZS,10.0,10.0
CAN,2010,80.937,81.04244031112918,SP.URB.TOTL.IN.ZS,10.0,10.0
CAN,2011,81.096,81.12201061270929,SP.URB.TOTL.IN.ZS,10.0,10.0
CAN,2012,81.137,81.3553233279648,SP.URB.TOTL.IN.ZS,10.0,10.0
CAN,2013,81.178,81.4614864712803,SP.URB.TOTL.IN.ZS,10.0,10.0
CAN,2014,81.218,81.40327216318718,SP.URB.TOTL.IN.ZS,10.0,10.0
CAN,2015,81.259,81.41526606968776,SP.URB.TOTL.IN.ZS,10.0,10.0
CAN,2016,81.3,81.47812302948373,SP.URB.TOTL.IN.ZS,10.0,10.0
CAN,2017,81.35,81.48109226466174,SP.URB.TOTL.IN.ZS,10.0,10.0
CAN,2018,81.411,81.51203335271072,SP.URB.TOTL.IN.ZS,10.0,10.0
CAN,2019,81.482,81.55982701987247,SP.URB.TOTL.IN.ZS,10.0,10.0
CAN,2005,19.878,19.76759272024358,SP.RUR.TOTL.ZS,0.1,10.0
CAN,2006,19.787,19.703295531215694,SP.RUR.TOTL.ZS,0.1,10.0
CAN,2007,19.604,19.59948106592174,SP.RUR.TOTL.ZS,0.1,10.0
CAN,2008,19.422,19.386003857460175,SP.RUR.TOTL.ZS,0.1,10.0
CAN,2009,19.242,19.194288245368348,SP.RUR.TOTL.ZS,0.1,10.0
CAN,2010,19.063,19.00542423973964,SP.RUR.TOTL.ZS,0.1,10.0
CAN,2011,18.904,18.723757678565647,SP.RUR.TOTL.ZS,0.1,10.0
CAN,2012,18.863,18.570694503728454,SP.RUR.TOTL.ZS,0.1,10.0
CAN,2013,18.822,18.568615553394622,SP.RUR.TOTL.ZS,0.1,10.0
CAN,2014,18.782,18.660584188092788,SP.RUR.TOTL.ZS,0.1,10.0
CAN,2015,18.741,18.62389255731526,SP.RUR.TOTL.ZS,0.1,10.0
CAN,2016,18.7,18.580452059263198,SP.RUR.TOTL.ZS,0.1,10.0
CAN,2017,18.65,18.65884230323338,SP.RUR.TOTL.ZS,0.1,10.0
CAN,2018,18.589,18.604868317778692,SP.RUR.TOTL.ZS,0.1,10.0
CAN,2019,18.518,18.543752361477758,SP.RUR.TOTL.ZS,0.1,10.0
CAN,2005,77.9,77.8757785843926,SP.DYN.LE00.MA.IN,0.05,2.0
CAN,2006,78.1,78.14750444562931,SP.DYN.LE00.MA.IN,0.05,2.0
CAN,2007,78.3,78.37633060287644,SP.DYN.LE00.MA.IN,0.05,2.0
CAN,2008,78.5,78.5386485976175,SP.DYN.LE00.MA.IN,0.05,2.0
CAN,2009,78.8,78.72870142591188,SP.DYN.LE00.MA.IN,0.05,2.0
CAN,2010,79.1,78.99328582034472,SP.DYN.LE00.MA.IN,0.05,2.0
CAN,2011,79.4,79.36394333496872,SP.DYN.LE00.MA.IN,0.05,2.0
CAN,2012,79.6,79.68139170599355,SP.DYN.LE00.MA.IN,0.05,2.0
CAN,2013,79.7,79.92524218702772,SP.DYN.LE00.MA.IN,0.05,2.0
CAN,2014,79.8,80.00125037845145,SP.DYN.LE00.MA.IN,0.05,2.0
CAN,2015,79.9,80.09651895639158,SP.DYN.LE00.MA.IN,0.05,2.0
CAN,2016,79.9,80.20147081818281,SP.DYN.LE00.MA.IN,0.05,2.0
CAN,2017,79.9,79.98338154054022,SP.DYN.LE00.MA.IN,0.05,2.0
CAN,2018,80.0,79.99462844580741,SP.DYN.LE00.MA.IN,0.05,2.0
CAN,2019,80.0,80.09851587549768,SP.DYN.LE00.MA.IN,0.05,2.0
CAN,2005,80.1926829268293,80.11190315418943,SP.DYN.LE00.IN,0.5,0.5
CAN,2006,80.3439024390244,80.34720813763093,SP.DYN.LE00.IN,0.5,0.5
CAN,2007,80.5439024390244,80.56352734187503,SP.DYN.LE00.IN,0.5,0.5
CAN,2008,80.6951219512195,80.70625551986103,SP.DYN.LE00.IN,0.5,0.5
CAN,2009,80.9951219512195,80.86892510772668,SP.DYN.LE00.IN,0.5,0.5
CAN,2010,81.2463414634146,81.10090275358885,SP.DYN.LE00.IN,0.5,0.5
CAN,2011,81.4487804878049,81.49516615214159,SP.DYN.LE00.IN,0.5,0.5
CAN,2012,81.6487804878049,81.73271784239303,SP.DYN.LE00.IN,0.5,0.5
CAN,2013,81.7487804878049,81.9273941899124,SP.DYN.LE00.IN,0.5,0.5
CAN,2014,81.8,82.01554869247633,SP.DYN.LE00.IN,0.5,0.5
CAN,2015,81.9,82.08898374905664,SP.DYN.LE00.IN,0.5,0.5
CAN,2016,81.9,82.16713890740603,SP.DYN.LE00.IN,0.5,0.5
CAN,2017,81.9,81.98264842539233,SP.DYN.LE00.IN,0.5,0.5
CAN,2018,82.0487804878049,81.9993236724691,SP.DYN.LE00.IN,0.5,0.5
CAN,2019,82.0487804878049,82.09238189255655,SP.DYN.LE00.IN,0.5,0.5
CAN,2005,1173108598778.68,1120031173197.0176,NY.GDP.MKTP.CD,0.05,10.0
CAN,2006,1319264809590.97,1278738817453.1313,NY.GDP.MKTP.CD,0.05,10.0
CAN,2007,1468820407783.26,1424200879926.1167,NY.GDP.MKTP.CD,0.05,10.0
CAN,2008,1552989690721.65,1639305707010.9167,NY.GDP.MKTP.CD,0.05,10.0
CAN,2009,1374625142157.29,1701170261805.6611,NY.GDP.MKTP.CD,0.05,10.0
CAN,2010,1617343367486.26,1388190996262.7896,NY.GDP.MKTP.CD,0.05,10.0
CAN,2011,1793326630174.52,1622961267352.992,NY.GDP.MKTP.CD,0.05,10.0
CAN,2012,1828366481521.6,1819323165338.0393,NY.GDP.MKTP.CD,0.05,10.0
CAN,2013,1846597421834.98,1897975076064.898,NY.GDP.MKTP.CD,0.05,10.0
CAN,2014,1805749878439.94,1917966568359.3782,NY.GDP.MKTP.CD,0.05,10.0
CAN,2015,1556508816217.14,1879405359189.6177,NY.GDP.MKTP.CD,0.05,10.0
CAN,2016,1527994741907.43,1634545330970.6765,NY.GDP.MKTP.CD,0.05,10.0
CAN,2017,1649265644244.09,1536452638994.0093,NY.GDP.MKTP.CD,0.05,10.0
CAN,2018,1721853332869.63,1679385759462.7695,NY.GDP.MKTP.CD,0.05,10.0
CAN,2019,1741576393905.98,1733317170942.2695,NY.GDP.MKTP.CD,0.05,10.0
CAN,2005,32.9024256932286,32.69544206848703,NE.IMP.GNFS.ZS,10.0,10.0
CAN,2006,32.6497052601475,32.557450794297395,NE.IMP.GNFS.ZS,10.0,10.0
CAN,2007,32.0538645842577,32.44195648104387,NE.IMP.GNFS.ZS,10.0,10.0
CAN,2008,32.6286028098296,32.24104669765795,NE.IMP.GNFS.ZS,10.0,10.0
CAN,2009,29.9585575059154,33.1085107829861,NE.IMP.GNFS.ZS,10.0,10.0
CAN,2010,31.0407395714164,30.29327478014954,NE.IMP.GNFS.ZS,10.0,10.0
CAN,2011,31.8203468535221,31.42087143254826,NE.IMP.GNFS.ZS,10.0,10.0
CAN,2012,32.2425234169127,32.302122765741714,NE.IMP.GNFS.ZS,10.0,10.0
CAN,2013,31.8991362329537,32.65800244701569,NE.IMP.GNFS.ZS,10.0,10.0
CAN,2014,32.6420862831515,32.41989534951082,NE.IMP.GNFS.ZS,10.0,10.0
CAN,2015,34.3149411035338,32.737080913925375,NE.IMP.GNFS.ZS,10.0,10.0
CAN,2016,33.8611121122194,33.9642924886836,NE.IMP.GNFS.ZS,10.0,10.0
CAN,2017,33.6466506994867,34.75015569001651,NE.IMP.GNFS.ZS,10.0,10.0
CAN,2018,34.2365075153462,34.422340965968644,NE.IMP.GNFS.ZS,10.0,10.0
CAN,2019,33.5122680801415,34.68259048316249,NE.IMP.GNFS.ZS,10.0,10.0
CAN,2005,36.8567073235071,37.09776081615129,NE.EXP.GNFS.ZS,0.05,5.0
CAN,2006,35.4024592168513,36.04783473903085,NE.EXP.GNFS.ZS,0.05,5.0
CAN,2007,34.229555163977,34.62573636201658,NE.EXP.GNFS.ZS,0.05,5.0
CAN,2008,34.3950055520687,34.65062914101465,NE.EXP.GNFS.ZS,0.05,5.0
CAN,2009,28.5158343165743,35.340228469471995,NE.EXP.GNFS.ZS,0.05,5.0
CAN,2010,29.1673819330319,29.553545586668818,NE.EXP.GNFS.ZS,0.05,5.0
CAN,2011,30.6783919173107,30.955976035127197,NE.EXP.GNFS.ZS,0.05,5.0
CAN,2012,30.3530255225878,32.76740456311401,NE.EXP.GNFS.ZS,0.05,5.0
CAN,2013,30.3319386683867,32.00007193936667,NE.EXP.GNFS.ZS,0.05,5.0
CAN,2014,31.7365758733408,31.272981545606772,NE.EXP.GNFS.ZS,0.05,5.0
CAN,2015,31.8499609634443,32.46563611096953,NE.EXP.GNFS.ZS,0.05,5.0
CAN,2016,31.5025724093362,32.428734026205014,NE.EXP.GNFS.ZS,0.05,5.0
CAN,2017,31.4544101509781,32.369445575719965,NE.EXP.GNFS.ZS,0.05,5.0
CAN,2018,32.3453455768459,32.168303789521175,NE.EXP.GNFS.ZS,0.05,5.0
CAN,2019,31.9165694383376,32.63908653501165,NE.EXP.GNFS.ZS,0.05,5.0
CAN,2005,4.99586086930171,3.031429329581978,NY.GDP.MKTP.KD.ZG,10.0,5.0
CAN,2006,4.16581762720676,2.884635515545831,NY.GDP.MKTP.KD.ZG,10.0,5.0
CAN,2007,6.86860885703047,2.955287358039512,NY.GDP.MKTP.KD.ZG,10.0,5.0
CAN,2008,1.00762269545756,4.463178167403943,NY.GDP.MKTP.KD.ZG,10.0,5.0
CAN,2009,-2.92840016684549,3.951838941546116,NY.GDP.MKTP.KD.ZG,10.0,5.0
CAN,2010,3.08949461982786,1.7604821408877473,NY.GDP.MKTP.KD.ZG,10.0,5.0
CAN,2011,3.14688137207058,4.668672292644914,NY.GDP.MKTP.KD.ZG,10.0,5.0
CAN,2012,1.76222254945881,1.5757969353791763,NY.GDP.MKTP.KD.ZG,10.0,5.0
CAN,2013,2.3291225062102,1.5989112366454394,NY.GDP.MKTP.KD.ZG,10.0,5.0
CAN,2014,2.87003607545671,2.0441727628651822,NY.GDP.MKTP.KD.ZG,10.0,5.0
CAN,2015,0.659176863558869,1.9517065982375623,NY.GDP.MKTP.KD.ZG,10.0,5.0
CAN,2016,1.00139441390405,1.7084183645610747,NY.GDP.MKTP.KD.ZG,10.0,5.0
CAN,2017,3.03988022528195,1.9722822064096892,NY.GDP.MKTP.KD.ZG,10.0,5.0
CAN,2018,2.42954754483338,2.1772381342460196,NY.GDP.MKTP.KD.ZG,10.0,5.0
CAN,2019,1.86141537933875,1.306816287789589,NY.GDP.MKTP.KD.ZG,10.0,5.0
CAN,2005,6.1,5.979771623595311,SH.DYN.MORT,0.05,10.0
CAN,2006,6.0,5.986196314347881,SH.DYN.MORT,0.05,10.0
CAN,2007,5.9,5.918031114245571,SH.DYN.MORT,0.05,10.0
CAN,2008,5.8,5.816028533437249,SH.DYN.MORT,0.05,10.0
CAN,2009,5.7,5.7111899116879625,SH.DYN.MORT,0.05,10.0
CAN,2010,5.6,5.621961170115502,SH.DYN.MORT,0.05,10.0
CAN,2011,5.6,5.438479115234119,SH.DYN.MORT,0.05,10.0
CAN,2012,5.5,5.422660323610867,SH.DYN.MORT,0.05,10.0
CAN,2013,5.4,5.386032982227653,SH.DYN.MORT,0.05,10.0
CAN,2014,5.4,5.336494037367602,SH.DYN.MORT,0.05,10.0
CAN,2015,5.3,5.302043607001104,SH.DYN.MORT,0.05,10.0
CAN,2016,5.2,5.248424850648757,SH.DYN.MORT,0.05,10.0
CAN,2017,5.1,5.154753614416938,SH.DYN.MORT,0.05,10.0
CAN,2018,5.0,5.057249593558744,SH.DYN.MORT,0.05,10.0
CAN,2019,4.9,4.960795023661166,SH.DYN.MORT,0.05,10.0
CAN,2005,8422.03430847519,8473.092608763522,EG.USE.PCAP.KG.OE,0.05,10.0
CAN,2006,8239.94637098436,8421.95521473847,EG.USE.PCAP.KG.OE,0.05,10.0
CAN,2007,8213.38954256017,8237.860621843314,EG.USE.PCAP.KG.OE,0.05,10.0
CAN,2008,8194.88077131979,8249.010491065685,EG.USE.PCAP.KG.OE,0.05,10.0
CAN,2009,7797.12113645126,8238.914602610823,EG.USE.PCAP.KG.OE,0.05,10.0
CAN,2010,7788.56078606815,7833.083181657977,EG.USE.PCAP.KG.OE,0.05,10.0
CAN,2011,7911.55458837168,7666.550842312908,EG.USE.PCAP.KG.OE,0.05,10.0
CAN,2012,7733.41165473909,7805.679268931502,EG.USE.PCAP.KG.OE,0.05,10.0
CAN,2013,7743.72574213676,7657.960214676515,EG.USE.PCAP.KG.OE,0.05,10.0
CAN,2014,7897.85561511436,7714.84387434315,EG.USE.PCAP.KG.OE,0.05,10.0
CAN,2015,7631.34157027209,7843.616577868406,EG.USE.PCAP.KG.OE,0.05,10.0
CAN,2016,7631.34157027209,7628.397751967381,EG.USE.PCAP.KG.OE,0.05,10.0
CAN,2017,7631.34157027209,7681.820215143467,EG.USE.PCAP.KG.OE,0.05,10.0
CAN,2018,7631.34157027209,7667.85185609109,EG.USE.PCAP.KG.OE,0.05,10.0
CAN,2019,7631.34157027209,7661.632060613146,EG.USE.PCAP.KG.OE,0.05,10.0
CAN,2005,705080.0,665916.0277973115,EN.ATM.GHGT.KT.CE,0.05,10.0
CAN,2006,691000.0,665427.9568443046,EN.ATM.GHGT.KT.CE,0.05,10.0
CAN,2007,722540.0,666081.2196305948,EN.ATM.GHGT.KT.CE,0.05,10.0
CAN,2008,698190.0,719948.9075900821,EN.ATM.GHGT.KT.CE,0.05,10.0
CAN,2009,661010.0,726345.4793739623,EN.ATM.GHGT.KT.CE,0.05,10.0
CAN,2010,674200.0,696855.2532580617,EN.ATM.GHGT.KT.CE,0.05,10.0
CAN,2011,689760.0,653668.1199729952,EN.ATM.GHGT.KT.CE,0.05,10.0
CAN,2012,694210.0,668626.5412130135,EN.ATM.GHGT.KT.CE,0.05,10.0
CAN,2013,705420.0,678453.9146912019,EN.ATM.GHGT.KT.CE,0.05,10.0
CAN,2014,712310.0,706348.2118254803,EN.ATM.GHGT.KT.CE,0.05,10.0
CAN,2015,707930.0,712769.5761332065,EN.ATM.GHGT.KT.CE,0.05,10.0
CAN,2016,695200.0,711627.9973901581,EN.ATM.GHGT.KT.CE,0.05,10.0
CAN,2017,709370.0,705533.7114376194,EN.ATM.GHGT.KT.CE,0.05,10.0
CAN,2018,724930.0,714457.4248824441,EN.ATM.GHGT.KT.CE,0.05,10.0
CAN,2019,724930.0,726965.3537224979,EN.ATM.GHGT.KT.CE,0.05,10.0
CAN,2005,1.88031145780062,2.082573808823929,NV.AGR.TOTL.ZS,0.5,5.0
CAN,2006,1.70101845949482,1.9954591461893498,NV.AGR.TOTL.ZS,0.5,5.0
CAN,2007,1.58716073171659,1.8161329602513883,NV.AGR.TOTL.ZS,0.5,5.0
CAN,2008,1.76827354801333,1.7053713823549375,NV.AGR.TOTL.ZS,0.5,5.0
CAN,2009,1.5498932753953,1.760335247145836,NV.AGR.TOTL.ZS,0.5,5.0
CAN,2010,1.49323608111661,1.7479037477682002,NV.AGR.TOTL.ZS,0.5,5.0
CAN,2011,1.76566446625627,1.5771828097518155,NV.AGR.TOTL.ZS,0.5,5.0
CAN,2012,1.81134574390941,1.695154427864242,NV.AGR.TOTL.ZS,0.5,5.0
CAN,2013,1.89423151227836,1.7877032588066912,NV.AGR.TOTL.ZS,0.5,5.0
CAN,2014,1.58654807741954,1.8790063262865453,NV.AGR.TOTL.ZS,0.5,5.0
CAN,2015,1.86983594598587,1.7953667237481965,NV.AGR.TOTL.ZS,0.5,5.0
CAN,2016,1.86222589313529,1.853029949411892,NV.AGR.TOTL.ZS,0.5,5.0
CAN,2017,1.88999463244888,1.9124845067243834,NV.AGR.TOTL.ZS,0.5,5.0
CAN,2018,1.88999463244888,1.8942432992753486,NV.AGR.TOTL.ZS,0.5,5.0
CAN,2019,1.88999463244888,1.8834693000943419,NV.AGR.TOTL.ZS,0.5,5.0
CAN,2005,121.661092958293,108.82432839201438,FS.AST.PRVT.GD.ZS,0.05,10.0
CAN,2006,134.12080712347,112.65975976793175,FS.AST.PRVT.GD.ZS,0.05,10.0
CAN,2007,123.533648061052,119.05788178168629,FS.AST.PRVT.GD.ZS,0.05,10.0
CAN,2008,124.097771689277,121.08784499655054,FS.AST.PRVT.GD.ZS,0.05,10.0
CAN,2009,124.097771689277,118.13995003576565,FS.AST.PRVT.GD.ZS,0.05,10.0
CAN,2010,124.097771689277,117.97278434985765,FS.AST.PRVT.GD.ZS,0.05,10.0
CAN,2011,124.097771689277,115.51390098320509,FS.AST.PRVT.GD.ZS,0.05,10.0
CAN,2012,124.097771689277,115.6780670762377,FS.AST.PRVT.GD.ZS,0.05,10.0
CAN,2013,124.097771689277,117.03190557539622,FS.AST.PRVT.GD.ZS,0.05,10.0
CAN,2014,124.097771689277,122.32156503883317,FS.AST.PRVT.GD.ZS,0.05,10.0
CAN,2015,124.097771689277,122.1693218213272,FS.AST.PRVT.GD.ZS,0.05,10.0
CAN,2016,124.097771689277,122.9590954534176,FS.AST.PRVT.GD.ZS,0.05,10.0
CAN,2017,124.097771689277,124.8893240951918,FS.AST.PRVT.GD.ZS,0.05,10.0
CAN,2018,124.097771689277,124.74934027244433,FS.AST.PRVT.GD.ZS,0.05,10.0
CAN,2019,124.097771689277,124.68253325311619,FS.AST.PRVT.GD.ZS,0.05,10.0
CHN,2005,42.522,42.43976197872478,SP.URB.TOTL.IN.ZS,0.05,10.0
CHN,2006,43.868,43.83791139042091,SP.URB.TOTL.IN.ZS,0.05,10.0
CHN,2007,45.199,45.21112573654595,SP.URB.TOTL.IN.ZS,0.05,10.0
CHN,2008,46.539,46.583410551198895,SP.URB.TOTL.IN.ZS,0.05,10.0
CHN,2009,47.88,47.965311333192446,SP.URB.TOTL.IN.ZS,0.05,10.0
CHN,2010,49.226,49.369997042928546,SP.URB.TOTL.IN.ZS,0.05,10.0
CHN,2011,50.511,50.80210742774749,SP.URB.TOTL.IN.ZS,0.05,10.0
CHN,2012,51.765,52.13371632903456,SP.URB.TOTL.IN.ZS,0.05,10.0
CHN,2013,53.013,53.45985831046771,SP.URB.TOTL.IN.ZS,0.05,10.0
CHN,2014,54.259,54.389672101193895,SP.URB.TOTL.IN.ZS,0.05,10.0
CHN,2015,55.5,55.64649322865467,SP.URB.TOTL.IN.ZS,0.05,10.0
CHN,2016,56.736,56.89639961290568,SP.URB.TOTL.IN.ZS,0.05,10.0
CHN,2017,57.96,57.96844956904896,SP.URB.TOTL.IN.ZS,0.05,10.0
CHN,2018,59.152,59.18190370932295,SP.URB.TOTL.IN.ZS,0.05,10.0
CHN,2019,60.308,60.363630506537795,SP.URB.TOTL.IN.ZS,0.05,10.0
CHN,2005,57.478,57.35043110602316,SP.RUR.TOTL.ZS,0.05,10.0
CHN,2006,56.132,55.828445652926675,SP.RUR.TOTL.ZS,0.05,10.0
CHN,2007,54.801,54.41039849518221,SP.RUR.TOTL.ZS,0.05,10.0
CHN,2008,53.461,53.37800987154141,SP.RUR.TOTL.ZS,0.05,10.0
CHN,2009,52.12,52.04501806599816,SP.RUR.TOTL.ZS,0.05,10.0
CHN,2010,50.774,50.74353608599702,SP.RUR.TOTL.ZS,0.05,10.0
CHN,2011,49.489,49.52809580040254,SP.RUR.TOTL.ZS,0.05,10.0
CHN,2012,48.235,48.2453411210284,SP.RUR.TOTL.ZS,0.05,10.0
CHN,2013,46.987,47.00986653651178,SP.RUR.TOTL.ZS,0.05,10.0
CHN,2014,45.741,45.78864275439693,SP.RUR.TOTL.ZS,0.05,10.0
CHN,2015,44.5,44.56396728686723,SP.RUR.TOTL.ZS,0.05,10.0
CHN,2016,43.264,43.34696695468134,SP.RUR.TOTL.ZS,0.05,10.0
CHN,2017,42.04,42.19639736501218,SP.RUR.TOTL.ZS,0.05,10.0
CHN,2018,40.848,41.00346637344857,SP.RUR.TOTL.ZS,0.05,10.0
CHN,2019,39.692,39.82610066288974,SP.RUR.TOTL.ZS,0.05,10.0
CHN,2005,71.297,71.5550861622256,SP.DYN.LE00.MA.IN,0.05,10.0
CHN,2006,71.551,71.96096655800099,SP.DYN.LE00.MA.IN,0.05,10.0
CHN,2007,71.788,72.31049960115965,SP.DYN.LE00.MA.IN,0.05,10.0
CHN,2008,72.017,72.0761170657494,SP.DYN.LE00.MA.IN,0.05,10.0
CHN,2009,72.244,72.31327453818642,SP.DYN.LE00.MA.IN,0.05,10.0
CHN,2010,72.476,72.53872755967186,SP.DYN.LE00.MA.IN,0.05,10.0
CHN,2011,72.72,72.81858785262887,SP.DYN.LE00.MA.IN,0.05,10.0
CHN,2012,72.976,73.02825338787474,SP.DYN.LE00.MA.IN,0.05,10.0
CHN,2013,73.242,73.28225282464994,SP.DYN.LE00.MA.IN,0.05,10.0
CHN,2014,73.517,73.56884385456075,SP.DYN.LE00.MA.IN,0.05,10.0
CHN,2015,73.793,73.85501152171578,SP.DYN.LE00.MA.IN,0.05,10.0
CHN,2016,74.061,74.14670038829738,SP.DYN.LE00.MA.IN,0.05,10.0
CHN,2017,74.315,74.40105743656119,SP.DYN.LE00.MA.IN,0.05,10.0
CHN,2018,74.549,74.67459147037056,SP.DYN.LE00.MA.IN,0.05,10.0
CHN,2019,74.761,74.91442631815393,SP.DYN.LE00.MA.IN,0.05,10.0
CHN,2005,72.985,73.19237704210545,SP.DYN.LE00.IN,0.05,10.0
CHN,2006,73.271,73.6086793391957,SP.DYN.LE00.IN,0.05,10.0
CHN,2007,73.553,73.9873460041225,SP.DYN.LE00.IN,0.05,10.0
CHN,2008,73.835,73.90004407027257,SP.DYN.LE00.IN,0.05,10.0
CHN,2009,74.119,74.18906056449558,SP.DYN.LE00.IN,0.05,10.0
CHN,2010,74.409,74.4622060771591,SP.DYN.LE00.IN,0.05,10.0
CHN,2011,74.708,74.73192738565231,SP.DYN.LE00.IN,0.05,10.0
CHN,2012,75.013,75.01585769206304,SP.DYN.LE00.IN,0.05,10.0
CHN,2013,75.321,75.31788747341835,SP.DYN.LE00.IN,0.05,10.0
CHN,2014,75.629,75.64615966562651,SP.DYN.LE00.IN,0.05,10.0
CHN,2015,75.928,75.96123956045022,SP.DYN.LE00.IN,0.05,10.0
CHN,2016,76.21,76.27254625227435,SP.DYN.LE00.IN,0.05,10.0
CHN,2017,76.47,76.5561509091658,SP.DYN.LE00.IN,0.05,10.0
CHN,2018,76.704,76.83371148668189,SP.DYN.LE00.IN,0.05,10.0
CHN,2019,76.912,77.08060893676502,SP.DYN.LE00.IN,0.05,10.0
CHN,2005,2285965892364.2,2266379769029.5776,NY.GDP.MKTP.CD,0.05,10.0
CHN,2006,2752131773358.92,2641386858255.3667,NY.GDP.MKTP.CD,0.05,10.0
CHN,2007,3550342737009.53,3205598641016.2246,NY.GDP.MKTP.CD,0.05,10.0
CHN,2008,4594307032667.98,4769302063131.828,NY.GDP.MKTP.CD,0.05,10.0
CHN,2009,5101703073088.97,6239830151031.929,NY.GDP.MKTP.CD,0.05,10.0
CHN,2010,6087163874510.73,6013232064629.917,NY.GDP.MKTP.CD,0.05,10.0
CHN,2011,7551500124197.17,7252607032501.947,NY.GDP.MKTP.CD,0.05,10.0
CHN,2012,8532229986993.65,9034930822255.953,NY.GDP.MKTP.CD,0.05,10.0
CHN,2013,9570406235659.64,10140204785824.191,NY.GDP.MKTP.CD,0.05,10.0
CHN,2014,10475682920597.7,10907576337740.373,NY.GDP.MKTP.CD,0.05,10.0
CHN,2015,11061553079871.5,11889512398518.97,NY.GDP.MKTP.CD,0.05,10.0
CHN,2016,11233276536744.7,12487977840606.941,NY.GDP.MKTP.CD,0.05,10.0
CHN,2017,12310409370894.2,11361402103875.45,NY.GDP.MKTP.CD,0.05,10.0
CHN,2018,13894817549380.3,13055101396247.953,NY.GDP.MKTP.CD,0.05,10.0
CHN,2019,14279937467431.0,14975461512249.3,NY.GDP.MKTP.CD,0.05,10.0
CHN,2005,28.3780352997871,29.908189395344472,NE.IMP.GNFS.ZS,5.0,2.0
CHN,2006,28.4438583516643,29.9181056097774,NE.IMP.GNFS.ZS,5.0,2.0
CHN,2007,26.7585649477618,31.560004171153427,NE.IMP.GNFS.ZS,5.0,2.0
CHN,2008,25.0100013259338,28.549031778358227,NE.IMP.GNFS.ZS,5.0,2.0
CHN,2009,20.435014439653,27.181200983057572,NE.IMP.GNFS.ZS,5.0,2.0
CHN,2010,23.5317449422952,21.817032483215428,NE.IMP.GNFS.ZS,5.0,2.0
CHN,2011,24.1727152412604,24.221732201114435,NE.IMP.GNFS.ZS,5.0,2.0
CHN,2012,22.7750001428637,24.630358477468697,NE.IMP.GNFS.ZS,5.0,2.0
CHN,2013,22.1451211404583,23.06743004525117,NE.IMP.GNFS.ZS,5.0,2.0
CHN,2014,21.3951550469261,22.482762926571986,NE.IMP.GNFS.ZS,5.0,2.0
CHN,2015,18.110089452417,21.732640948677354,NE.IMP.GNFS.ZS,5.0,2.0
CHN,2016,17.3100349631628,18.091011524154435,NE.IMP.GNFS.ZS,5.0,2.0
CHN,2017,17.9401362522062,16.952782241215928,NE.IMP.GNFS.ZS,5.0,2.0
CHN,2018,18.3441400365904,18.014827574762254,NE.IMP.GNFS.ZS,5.0,2.0
CHN,2019,17.341020737643,18.469235158183466,NE.IMP.GNFS.ZS,5.0,2.0
CHN,2005,33.8298575659931,32.92762685586759,NE.EXP.GNFS.ZS,10.0,5.0
CHN,2006,36.0350255523532,36.10282063810607,NE.EXP.GNFS.ZS,10.0,5.0
CHN,2007,35.4347985287157,38.68303526356366,NE.EXP.GNFS.ZS,10.0,5.0
CHN,2008,32.6027140173081,37.64722980066236,NE.EXP.GNFS.ZS,10.0,5.0
CHN,2009,24.7498559389238,34.771187408422804,NE.EXP.GNFS.ZS,10.0,5.0
CHN,2010,27.1853327204051,26.718112597470302,NE.EXP.GNFS.ZS,10.0,5.0
CHN,2011,26.5681893451605,26.634475555076303,NE.EXP.GNFS.ZS,10.0,5.0
CHN,2012,25.4925222245396,27.888118784589377,NE.EXP.GNFS.ZS,10.0,5.0
CHN,2013,24.599254436897,28.18056631757582,NE.EXP.GNFS.ZS,10.0,5.0
CHN,2014,23.5100609074235,26.093827053458554,NE.EXP.GNFS.ZS,10.0,5.0
CHN,2015,21.3540798828848,25.129330123417105,NE.EXP.GNFS.ZS,10.0,5.0
CHN,2016,19.5843800536482,23.22988948276896,NE.EXP.GNFS.ZS,10.0,5.0
CHN,2017,19.6922769882201,19.179235788212107,NE.EXP.GNFS.ZS,10.0,5.0
CHN,2018,19.1121035364139,19.898118104120975,NE.EXP.GNFS.ZS,10.0,5.0
CHN,2019,18.4963930786875,19.596179096190834,NE.EXP.GNFS.ZS,10.0,5.0
CHN,2005,11.3945918097286,12.727846167495457,NY.GDP.MKTP.KD.ZG,0.05,10.0
CHN,2006,12.7209556651735,15.241735416081362,NY.GDP.MKTP.KD.ZG,0.05,10.0
CHN,2007,14.2308609330803,15.820956655241527,NY.GDP.MKTP.KD.ZG,0.05,10.0
CHN,2008,9.65067891955702,15.63560589210445,NY.GDP.MKTP.KD.ZG,0.05,10.0
CHN,2009,9.39872563237978,10.28408920973235,NY.GDP.MKTP.KD.ZG,0.05,10.0
CHN,2010,10.6358710646812,11.065511264241788,NY.GDP.MKTP.KD.ZG,0.05,10.0
CHN,2011,9.55083217886229,10.00085081830796,NY.GDP.MKTP.KD.ZG,0.05,10.0
CHN,2012,7.86373644866194,10.259281922603375,NY.GDP.MKTP.KD.ZG,0.05,10.0
CHN,2013,7.766150097539,9.718466823536712,NY.GDP.MKTP.KD.ZG,0.05,10.0
CHN,2014,7.42576365645755,8.538126056631661,NY.GDP.MKTP.KD.ZG,0.05,10.0
CHN,2015,7.04132887865481,8.219011352908344,NY.GDP.MKTP.KD.ZG,0.05,10.0
CHN,2016,6.84876220503246,7.875120538429023,NY.GDP.MKTP.KD.ZG,0.05,10.0
CHN,2017,6.94720079327288,6.888424754419907,NY.GDP.MKTP.KD.ZG,0.05,10.0
CHN,2018,6.74977383247717,6.993943727326629,NY.GDP.MKTP.KD.ZG,0.05,10.0
CHN,2019,5.94971423273162,6.96656758391593,NY.GDP.MKTP.KD.ZG,0.05,10.0
CHN,2005,24.0,23.972952934449417,SH.DYN.MORT,0.05,10.0
CHN,2006,21.9,21.92870611754611,SH.DYN.MORT,0.05,10.0
CHN,2007,20.1,20.009488160021167,SH.DYN.MORT,0.05,10.0
CHN,2008,18.5,18.511675734534307,SH.DYN.MORT,0.05,10.0
CHN,2009,17.1,17.080125294162173,SH.DYN.MORT,0.05,10.0
CHN,2010,15.8,15.86919655215101,SH.DYN.MORT,0.05,10.0
CHN,2011,14.6,14.641203574470135,SH.DYN.MORT,0.05,10.0
CHN,2012,13.5,13.592039690265299,SH.DYN.MORT,0.05,10.0
CHN,2013,12.5,12.615156858400242,SH.DYN.MORT,0.05,10.0
CHN,2014,11.6,11.583465679572997,SH.DYN.MORT,0.05,10.0
CHN,2015,10.7,10.771512008913904,SH.DYN.MORT,0.05,10.0
CHN,2016,9.9,9.886022201400662,SH.DYN.MORT,0.05,10.0
CHN,2017,9.2,9.158486263515963,SH.DYN.MORT,0.05,10.0
CHN,2018,8.5,8.517172120773044,SH.DYN.MORT,0.05,10.0
CHN,2019,7.9,7.859315745174092,SH.DYN.MORT,0.05,10.0
CHN,2005,1393.69132405731,1424.696692148054,EG.USE.PCAP.KG.OE,10.0,10.0
CHN,2006,1515.1736777471,1542.4983965518957,EG.USE.PCAP.KG.OE,10.0,10.0
CHN,2007,1630.17102857988,1665.3269379918283,EG.USE.PCAP.KG.OE,10.0,10.0
CHN,2008,1672.90411994066,1749.5333284112694,EG.USE.PCAP.KG.OE,10.0,10.0
CHN,2009,1778.43351862146,1734.6252541912868,EG.USE.PCAP.KG.OE,10.0,10.0
CHN,2010,1954.72255616896,1909.5145331016995,EG.USE.PCAP.KG.OE,10.0,10.0
CHN,2011,2086.48690379651,2288.3586523207837,EG.USE.PCAP.KG.OE,10.0,10.0
CHN,2012,2155.16478775741,2387.354055480649,EG.USE.PCAP.KG.OE,10.0,10.0
CHN,2013,2213.75932679132,2423.153866653527,EG.USE.PCAP.KG.OE,10.0,10.0
CHN,2014,2236.72990756962,2266.986966662646,EG.USE.PCAP.KG.OE,10.0,10.0
CHN,2015,2236.72990756962,2265.837559683626,EG.USE.PCAP.KG.OE,10.0,10.0
CHN,2016,2236.72990756962,2249.3589301964303,EG.USE.PCAP.KG.OE,10.0,10.0
CHN,2017,2236.72990756962,2225.5828414309335,EG.USE.PCAP.KG.OE,10.0,10.0
CHN,2018,2236.72990756962,2219.4783579490972,EG.USE.PCAP.KG.OE,10.0,10.0
CHN,2019,2236.72990756962,2219.8002545315503,EG.USE.PCAP.KG.OE,10.0,10.0
CHN,2005,7194480.0,6920567.147450909,EN.ATM.GHGT.KT.CE,10.0,10.0
CHN,2006,7879330.0,7648062.658331241,EN.ATM.GHGT.KT.CE,10.0,10.0
CHN,2007,8497040.0,8368755.433730884,EN.ATM.GHGT.KT.CE,10.0,10.0
CHN,2008,8786120.0,9090906.539693575,EN.ATM.GHGT.KT.CE,10.0,10.0
CHN,2009,9377660.0,9227821.61637297,EN.ATM.GHGT.KT.CE,10.0,10.0
CHN,2010,10203820.0,10279417.852921378,EN.ATM.GHGT.KT.CE,10.0,10.0
CHN,2011,11074550.0,11779462.646823138,EN.ATM.GHGT.KT.CE,10.0,10.0
CHN,2012,11399830.0,12761392.87975024,EN.ATM.GHGT.KT.CE,10.0,10.0
CHN,2013,11854530.0,12846583.606072268,EN.ATM.GHGT.KT.CE,10.0,10.0
CHN,2014,11865310.0,12344575.589693222,EN.ATM.GHGT.KT.CE,10.0,10.0
CHN,2015,11859290.0,12134380.918656442,EN.ATM.GHGT.KT.CE,10.0,10.0
CHN,2016,11857180.0,12111684.440090936,EN.ATM.GHGT.KT.CE,10.0,10.0
CHN,2017,12058050.0,11809084.31328593,EN.ATM.GHGT.KT.CE,10.0,10.0
CHN,2018,12355240.0,12089474.274838293,EN.ATM.GHGT.KT.CE,10.0,10.0
CHN,2019,12355240.0,12435102.157015009,EN.ATM.GHGT.KT.CE,10.0,10.0
CHN,2005,11.6414956029627,13.108487505746856,NV.AGR.TOTL.ZS,0.05,10.0
CHN,2006,10.6257605278405,12.576667614513678,NV.AGR.TOTL.ZS,0.05,10.0
CHN,2007,10.2461657566004,10.83797856277907,NV.AGR.TOTL.ZS,0.05,10.0
CHN,2008,10.1690478477936,9.198162324669493,NV.AGR.TOTL.ZS,0.05,10.0
CHN,2009,9.63618551442703,8.956981998054118,NV.AGR.TOTL.ZS,0.05,10.0
CHN,2010,9.32517694053669,8.573701716098372,NV.AGR.TOTL.ZS,0.05,10.0
CHN,2011,9.17765379535199,8.889069261569748,NV.AGR.TOTL.ZS,0.05,10.0
CHN,2012,9.11371387030751,8.743152059067235,NV.AGR.TOTL.ZS,0.05,10.0
CHN,2013,8.94289396230057,8.67083173819557,NV.AGR.TOTL.ZS,0.05,10.0
CHN,2014,8.64349139629661,8.566726857593942,NV.AGR.TOTL.ZS,0.05,10.0
CHN,2015,8.38701488219603,8.311025160398488,NV.AGR.TOTL.ZS,0.05,10.0
CHN,2016,8.0572875346436,8.051210000881868,NV.AGR.TOTL.ZS,0.05,10.0
CHN,2017,7.46356501656873,7.752626620994995,NV.AGR.TOTL.ZS,0.05,10.0
CHN,2018,7.04302025319625,7.237426395302862,NV.AGR.TOTL.ZS,0.05,10.0
CHN,2019,7.14369124773749,6.7839866616690285,NV.AGR.TOTL.ZS,0.05,10.0
CHN,2005,111.842924826452,128.16805780355605,FS.AST.PRVT.GD.ZS,0.05,10.0
CHN,2006,109.158387197031,126.28532465582518,FS.AST.PRVT.GD.ZS,0.05,10.0
CHN,2007,105.787508532942,126.59180586291961,FS.AST.PRVT.GD.ZS,0.05,10.0
CHN,2008,102.00356622006,103.94856941913626,FS.AST.PRVT.GD.ZS,0.05,10.0
CHN,2009,124.408008908592,101.14911914575714,FS.AST.PRVT.GD.ZS,0.05,10.0
CHN,2010,126.579494210428,121.81302715512797,FS.AST.PRVT.GD.ZS,0.05,10.0
CHN,2011,123.095927186754,129.98077441135754,FS.AST.PRVT.GD.ZS,0.05,10.0
CHN,2012,128.922639036534,125.13531248734273,FS.AST.PRVT.GD.ZS,0.05,10.0
CHN,2013,134.319251401012,129.93319611969096,FS.AST.PRVT.GD.ZS,0.05,10.0
CHN,2014,140.236886965913,134.410501972186,FS.AST.PRVT.GD.ZS,0.05,10.0
CHN,2015,152.594499832597,140.15962742271373,FS.AST.PRVT.GD.ZS,0.05,10.0
CHN,2016,156.229943475554,152.08231851410153,FS.AST.PRVT.GD.ZS,0.05,10.0
CHN,2017,154.895051691759,164.37115294046887,FS.AST.PRVT.GD.ZS,0.05,10.0
CHN,2018,157.812078588381,162.76739875098596,FS.AST.PRVT.GD.ZS,0.05,10.0
CHN,2019,165.390370006162,164.63087482924996,FS.AST.PRVT.GD.ZS,0.05,10.0
DEU,2005,75.98,75.9926568280829,SP.URB.TOTL.IN.ZS,0.05,10.0
DEU,2006,76.179,76.20642558925196,SP.URB.TOTL.IN.ZS,0.05,10.0
DEU,2007,76.378,76.40906527846151,SP.URB.TOTL.IN.ZS,0.05,10.0
DEU,2008,76.575,76.57569460890443,SP.URB.TOTL.IN.ZS,0.05,10.0
DEU,2009,76.771,76.77647257722111,SP.URB.TOTL.IN.ZS,0.05,10.0
DEU,2010,76.966,76.9700759447656,SP.URB.TOTL.IN.ZS,0.05,10.0
DEU,2011,77.16,77.1712573077591,SP.URB.TOTL.IN.ZS,0.05,10.0
DEU,2012,77.17,77.35987649471836,SP.URB.TOTL.IN.ZS,0.05,10.0
DEU,2013,77.18,77.45829510010513,SP.URB.TOTL.IN.ZS,0.05,10.0
DEU,2014,77.19,77.32155672408403,SP.URB.TOTL.IN.ZS,0.05,10.0
DEU,2015,77.2,77.33673994290373,SP.URB.TOTL.IN.ZS,0.05,10.0
DEU,2016,77.224,77.35835722334566,SP.URB.TOTL.IN.ZS,0.05,10.0
DEU,2017,77.261,77.29611420367546,SP.URB.TOTL.IN.ZS,0.05,10.0
DEU,2018,77.312,77.34400723417038,SP.URB.TOTL.IN.ZS,0.05,10.0
DEU,2019,77.376,77.36538851880564,SP.URB.TOTL.IN.ZS,0.05,10.0
DEU,2005,24.02,24.012811281365728,SP.RUR.TOTL.ZS,2.0,10.0
DEU,2006,23.821,23.7921911045219,SP.RUR.TOTL.ZS,2.0,10.0
DEU,2007,23.622,23.591486361451835,SP.RUR.TOTL.ZS,2.0,10.0
DEU,2008,23.425,23.4412743507983,SP.RUR.TOTL.ZS,2.0,10.0
DEU,2009,23.229,23.235670375220415,SP.RUR.TOTL.ZS,2.0,10.0
DEU,2010,23.034,23.051856363845232,SP.RUR.TOTL.ZS,2.0,10.0
DEU,2011,22.84,22.850447402215757,SP.RUR.TOTL.ZS,2.0,10.0
DEU,2012,22.83,22.670436240015,SP.RUR.TOTL.ZS,2.0,10.0
DEU,2013,22.82,22.580255024773937,SP.RUR.TOTL.ZS,2.0,10.0
DEU,2014,22.81,22.673137135565714,SP.RUR.TOTL.ZS,2.0,10.0
DEU,2015,22.8,22.66036154819063,SP.RUR.TOTL.ZS,2.0,10.0
DEU,2016,22.776,22.630431002383524,SP.RUR.TOTL.ZS,2.0,10.0
DEU,2017,22.739,22.695065074169044,SP.RUR.TOTL.ZS,2.0,10.0
DEU,2018,22.688,22.6527621225257,SP.RUR.TOTL.ZS,2.0,10.0
DEU,2019,22.624,22.648813119704467,SP.RUR.TOTL.ZS,2.0,10.0
DEU,2005,76.2,76.15492809402727,SP.DYN.LE00.MA.IN,0.2,1.0
DEU,2006,76.4,76.46682451659825,SP.DYN.LE00.MA.IN,0.2,1.0
DEU,2007,76.9,76.63119083736257,SP.DYN.LE00.MA.IN,0.2,1.0
DEU,2008,77.2,76.97263615805724,SP.DYN.LE00.MA.IN,0.2,1.0
DEU,2009,77.3,77.40846854108663,SP.DYN.LE00.MA.IN,0.2,1.0
DEU,2010,77.5,77.53478386349859,SP.DYN.LE00.MA.IN,0.2,1.0
DEU,2011,77.9,77.79196607953527,SP.DYN.LE00.MA.IN,0.2,1.0
DEU,2012,78.1,78.00937405293534,SP.DYN.LE00.MA.IN,0.2,1.0
DEU,2013,78.1,78.18022439533019,SP.DYN.LE00.MA.IN,0.2,1.0
DEU,2014,78.7,78.31339636603659,SP.DYN.LE00.MA.IN,0.2,1.0
DEU,2015,78.3,78.70256730834316,SP.DYN.LE00.MA.IN,0.2,1.0
DEU,2016,78.6,78.72482669956433,SP.DYN.LE00.MA.IN,0.2,1.0
DEU,2017,78.7,78.80700403888963,SP.DYN.LE00.MA.IN,0.2,1.0
DEU,2018,78.6,79.01175513286998,SP.DYN.LE00.MA.IN,0.2,1.0
DEU,2019,78.6,78.94125432855576,SP.DYN.LE00.MA.IN,0.2,1.0
DEU,2005,78.9317073170732,78.86898463991429,SP.DYN.LE00.IN,1.0,1.0
DEU,2006,79.1317073170732,79.14566817310961,SP.DYN.LE00.IN,1.0,1.0
DEU,2007,79.5341463414634,79.29456667999395,SP.DYN.LE00.IN,1.0,1.0
DEU,2008,79.7365853658537,79.59711355909508,SP.DYN.LE00.IN,1.0,1.0
DEU,2009,79.8365853658537,79.94127989022378,SP.DYN.LE00.IN,1.0,1.0
DEU,2010,79.9878048780488,80.02777722406125,SP.DYN.LE00.IN,1.0,1.0
DEU,2011,80.4365853658537,80.2437038006799,SP.DYN.LE00.IN,1.0,1.0
DEU,2012,80.5390243902439,80.44017002646842,SP.DYN.LE00.IN,1.0,1.0
DEU,2013,80.490243902439,80.59900545270911,SP.DYN.LE00.IN,1.0,1.0
DEU,2014,81.090243902439,80.67786313560606,SP.DYN.LE00.IN,1.0,1.0
DEU,2015,80.6414634146341,80.98613717279144,SP.DYN.LE00.IN,1.0,1.0
DEU,2016,80.990243902439,81.08483669285694,SP.DYN.LE00.IN,1.0,1.0
DEU,2017,80.9926829268293,81.12020268336116,SP.DYN.LE00.IN,1.0,1.0
DEU,2018,80.8926829268293,81.31075258757988,SP.DYN.LE00.IN,1.0,1.0
DEU,2019,80.9414634146342,81.19322110031598,SP.DYN.LE00.IN,1.0,1.0
DEU,2005,2845802760850.64,2955436862614.666,NY.GDP.MKTP.CD,0.05,0.5
DEU,2006,2992196713084.93,2953546480448.5317,NY.GDP.MKTP.CD,0.05,0.5
DEU,2007,3421229126745.14,3153342686099.209,NY.GDP.MKTP.CD,0.05,0.5
DEU,2008,3730027830672.33,3715065253163.8604,NY.GDP.MKTP.CD,0.05,0.5
DEU,2009,3397791053070.3,3986317435181.5107,NY.GDP.MKTP.CD,0.05,0.5
DEU,2010,3396354075663.73,3543363656931.339,NY.GDP.MKTP.CD,0.05,0.5
DEU,2011,3744408602683.94,3327362952946.8535,NY.GDP.MKTP.CD,0.05,0.5
DEU,2012,3527344944139.83,3806150414893.525,NY.GDP.MKTP.CD,0.05,0.5
DEU,2013,3732743446218.92,3560736308410.008,NY.GDP.MKTP.CD,0.05,0.5
DEU,2014,3883920155292.26,3906424080776.03,NY.GDP.MKTP.CD,0.05,0.5
DEU,2015,3356235704119.75,3903700347509.731,NY.GDP.MKTP.CD,0.05,0.5
DEU,2016,3467498002104.33,3610272414649.05,NY.GDP.MKTP.CD,0.05,0.5
DEU,2017,3673506280844.4,3825117438604.416,NY.GDP.MKTP.CD,0.05,0.5
DEU,2018,3961831911429.22,3860937627817.481,NY.GDP.MKTP.CD,0.05,0.5
DEU,2019,3861123558039.21,4018896166757.875,NY.GDP.MKTP.CD,0.05,0.5
DEU,2005,32.8591405884692,32.04076271399885,NE.IMP.GNFS.ZS,5.0,10.0
DEU,2006,36.0168212387006,34.843098712452765,NE.IMP.GNFS.ZS,5.0,10.0
DEU,2007,36.5516592986738,38.00177655214066,NE.IMP.GNFS.ZS,5.0,10.0
DEU,2008,37.7256144732553,38.82755688423265,NE.IMP.GNFS.ZS,5.0,10.0
DEU,2009,33.1088059597748,40.439994430499816,NE.IMP.GNFS.ZS,5.0,10.0
DEU,2010,37.3031508345032,35.77882086323114,NE.IMP.GNFS.ZS,5.0,10.0
DEU,2011,40.148984986412,37.521585370713936,NE.IMP.GNFS.ZS,5.0,10.0
DEU,2012,40.2069347359679,40.85400471948237,NE.IMP.GNFS.ZS,5.0,10.0
DEU,2013,39.6601988368577,41.703521030463975,NE.IMP.GNFS.ZS,5.0,10.0
DEU,2014,39.0008300796262,41.051333976750854,NE.IMP.GNFS.ZS,5.0,10.0
DEU,2015,39.3254862566007,40.37552177756039,NE.IMP.GNFS.ZS,5.0,10.0
DEU,2016,38.6963831131131,40.593383464249946,NE.IMP.GNFS.ZS,5.0,10.0
DEU,2017,40.2075242495076,39.74278144727283,NE.IMP.GNFS.ZS,5.0,10.0
DEU,2018,41.2238373738608,40.93799414962462,NE.IMP.GNFS.ZS,5.0,10.0
DEU,2019,41.096214899755,41.94738242926589,NE.IMP.GNFS.ZS,5.0,10.0
DEU,2005,38.0595723481521,37.953839562291606,NE.EXP.GNFS.ZS,5.0,10.0
DEU,2006,41.4329079108458,40.84850858160596,NE.EXP.GNFS.ZS,5.0,10.0
DEU,2007,43.3227580964574,44.31004691729122,NE.EXP.GNFS.ZS,5.0,10.0
DEU,2008,43.7991902579629,46.25922064478065,NE.EXP.GNFS.ZS,5.0,10.0
DEU,2009,38.1199069398503,47.171719295180175,NE.EXP.GNFS.ZS,5.0,10.0
DEU,2010,42.565473405085,41.27790619909163,NE.EXP.GNFS.ZS,5.0,10.0
DEU,2011,45.0571362806101,42.79161249955135,NE.EXP.GNFS.ZS,5.0,10.0
DEU,2012,46.3071201430804,46.045739708417535,NE.EXP.GNFS.ZS,5.0,10.0
DEU,2013,45.4186778593914,47.914028349737094,NE.EXP.GNFS.ZS,5.0,10.0
DEU,2014,45.6192633128717,47.062050795364065,NE.EXP.GNFS.ZS,5.0,10.0
DEU,2015,46.920738356608,47.111194994048105,NE.EXP.GNFS.ZS,5.0,10.0
DEU,2016,46.0732628543356,48.07938517243565,NE.EXP.GNFS.ZS,5.0,10.0
DEU,2017,47.2041744123981,47.0428732288283,NE.EXP.GNFS.ZS,5.0,10.0
DEU,2018,47.3725498374752,47.93654194782072,NE.EXP.GNFS.ZS,5.0,10.0
DEU,2019,46.8929125411345,48.31684573006507,NE.EXP.GNFS.ZS,5.0,10.0
DEU,2005,0.731707163554191,1.9801075830523351,NY.GDP.MKTP.KD.ZG,2.0,10.0
DEU,2006,3.816441912988,1.3059412887136423,NY.GDP.MKTP.KD.ZG,2.0,10.0
DEU,2007,2.97645513131597,3.5347298470033337,NY.GDP.MKTP.KD.ZG,2.0,10.0
DEU,2008,0.95987913356484,2.1359233592139444,NY.GDP.MKTP.KD.ZG,2.0,10.0
DEU,2009,-5.69383633640285,2.10878794481422,NY.GDP.MKTP.KD.ZG,2.0,10.0
DEU,2010,4.17988249873657,1.2185767729456236,NY.GDP.MKTP.KD.ZG,2.0,10.0
DEU,2011,3.92519270463411,6.166189475507473,NY.GDP.MKTP.KD.ZG,2.0,10.0
DEU,2012,0.418497594217598,-0.49401842766480897,NY.GDP.MKTP.KD.ZG,2.0,10.0
DEU,2013,0.437591303144671,0.16102135145837515,NY.GDP.MKTP.KD.ZG,2.0,10.0
DEU,2014,2.20954343134872,2.0130005212375446,NY.GDP.MKTP.KD.ZG,2.0,10.0
DEU,2015,1.49193152760772,1.898629157697509,NY.GDP.MKTP.KD.ZG,2.0,10.0
DEU,2016,2.22999986782015,0.9028767667142832,NY.GDP.MKTP.KD.ZG,2.0,10.0
DEU,2017,2.60197600462604,1.3307237025054182,NY.GDP.MKTP.KD.ZG,2.0,10.0
DEU,2018,1.26799523225071,0.8723247145314301,NY.GDP.MKTP.KD.ZG,2.0,10.0
DEU,2019,0.555450887945668,0.9115862607467791,NY.GDP.MKTP.KD.ZG,2.0,10.0
DEU,2005,4.7,4.836760039124623,SH.DYN.MORT,0.05,10.0
DEU,2006,4.6,4.739130934059347,SH.DYN.MORT,0.05,10.0
DEU,2007,4.5,4.643798519795608,SH.DYN.MORT,0.05,10.0
DEU,2008,4.4,4.488444997385214,SH.DYN.MORT,0.05,10.0
DEU,2009,4.3,4.4027876189155375,SH.DYN.MORT,0.05,10.0
DEU,2010,4.2,4.3280744943080425,SH.DYN.MORT,0.05,10.0
DEU,2011,4.1,4.124052752182286,SH.DYN.MORT,0.05,10.0
DEU,2012,4.0,4.062808476693718,SH.DYN.MORT,0.05,10.0
DEU,2013,4.0,3.994225842225095,SH.DYN.MORT,0.05,10.0
DEU,2014,3.9,3.9045658762493565,SH.DYN.MORT,0.05,10.0
DEU,2015,3.9,3.8558989361273346,SH.DYN.MORT,0.05,10.0
DEU,2016,3.9,3.8040210123844487,SH.DYN.MORT,0.05,10.0
DEU,2017,3.9,3.825129527957463,SH.DYN.MORT,0.05,10.0
DEU,2018,3.9,3.8224098242265314,SH.DYN.MORT,0.05,10.0
DEU,2019,3.8,3.831740609192214,SH.DYN.MORT,0.05,10.0
DEU,2005,4086.50340728713,4132.577121695366,EG.USE.PCAP.KG.OE,10.0,10.0
DEU,2006,4204.65468948158,4105.704775425121,EG.USE.PCAP.KG.OE,10.0,10.0
DEU,2007,3985.81195485319,4255.386821530745,EG.USE.PCAP.KG.OE,10.0,10.0
DEU,2008,4036.83078099396,3993.3359655108925,EG.USE.PCAP.KG.OE,10.0,10.0
DEU,2009,3790.50115157318,3964.509785369083,EG.USE.PCAP.KG.OE,10.0,10.0
DEU,2010,3997.07942080976,3793.8083273148377,EG.USE.PCAP.KG.OE,10.0,10.0
DEU,2011,3869.81622904859,3758.380173310148,EG.USE.PCAP.KG.OE,10.0,10.0
DEU,2012,3876.94810409338,3878.271914229021,EG.USE.PCAP.KG.OE,10.0,10.0
DEU,2013,3939.52956270835,3756.0389566486856,EG.USE.PCAP.KG.OE,10.0,10.0
DEU,2014,3779.46192078536,3860.530262845248,EG.USE.PCAP.KG.OE,10.0,10.0
DEU,2015,3817.54941455461,3854.5402754314437,EG.USE.PCAP.KG.OE,10.0,10.0
DEU,2016,3817.54941455461,3751.9564887255146,EG.USE.PCAP.KG.OE,10.0,10.0
DEU,2017,3817.54941455461,3765.3626240062554,EG.USE.PCAP.KG.OE,10.0,10.0
DEU,2018,3817.54941455461,3766.634543320488,EG.USE.PCAP.KG.OE,10.0,10.0
DEU,2019,3817.54941455461,3765.149010593127,EG.USE.PCAP.KG.OE,10.0,10.0
DEU,2005,927710.0,944823.8932515879,EN.ATM.GHGT.KT.CE,10.0,0.05
DEU,2006,934200.0,922709.3731448946,EN.ATM.GHGT.KT.CE,10.0,0.05
DEU,2007,905130.0,935278.1026975894,EN.ATM.GHGT.KT.CE,10.0,0.05
DEU,2008,907800.0,894257.2979683515,EN.ATM.GHGT.KT.CE,10.0,0.05
DEU,2009,850640.0,887672.1509761875,EN.ATM.GHGT.KT.CE,10.0,0.05
DEU,2010,881300.0,845598.0174918592,EN.ATM.GHGT.KT.CE,10.0,0.05
DEU,2011,852550.0,843371.2649158883,EN.ATM.GHGT.KT.CE,10.0,0.05
DEU,2012,866670.0,853576.9645947518,EN.ATM.GHGT.KT.CE,10.0,0.05
DEU,2013,883920.0,849679.1332846318,EN.ATM.GHGT.KT.CE,10.0,0.05
DEU,2014,843660.0,874064.4892771881,EN.ATM.GHGT.KT.CE,10.0,0.05
DEU,2015,847460.0,871690.9734808074,EN.ATM.GHGT.KT.CE,10.0,0.05
DEU,2016,850170.0,840669.203933819,EN.ATM.GHGT.KT.CE,10.0,0.05
DEU,2017,832650.0,831144.3085256679,EN.ATM.GHGT.KT.CE,10.0,0.05
DEU,2018,806090.0,827257.7853350912,EN.ATM.GHGT.KT.CE,10.0,0.05
DEU,2019,806090.0,813918.5864868851,EN.ATM.GHGT.KT.CE,10.0,0.05
DEU,2005,0.726955700932129,0.9278315902166239,NV.AGR.TOTL.ZS,2.0,0.05
DEU,2006,0.737585322085632,0.881347039407401,NV.AGR.TOTL.ZS,2.0,0.05
DEU,2007,0.77886019483507,0.9375346306027659,NV.AGR.TOTL.ZS,2.0,0.05
DEU,2008,0.83833040773771,0.9118875847013892,NV.AGR.TOTL.ZS,2.0,0.05
DEU,2009,0.695334317361279,0.8359721082072809,NV.AGR.TOTL.ZS,2.0,0.05
DEU,2010,0.803696771174544,0.9187051390536642,NV.AGR.TOTL.ZS,2.0,0.05
DEU,2011,0.910022423855418,0.7941122690014049,NV.AGR.TOTL.ZS,2.0,0.05
DEU,2012,0.847918814268698,0.9306663450551049,NV.AGR.TOTL.ZS,2.0,0.05
DEU,2013,0.942643214114216,1.059269078108649,NV.AGR.TOTL.ZS,2.0,0.05
DEU,2014,0.904547674923055,0.9562743743951101,NV.AGR.TOTL.ZS,2.0,0.05
DEU,2015,0.684691591379231,0.9672231587899858,NV.AGR.TOTL.ZS,2.0,0.05
DEU,2016,0.69843112985447,0.8692281281086456,NV.AGR.TOTL.ZS,2.0,0.05
DEU,2017,0.826170449037689,0.7960842981448755,NV.AGR.TOTL.ZS,2.0,0.05
DEU,2018,0.664668499974675,0.7950464715831771,NV.AGR.TOTL.ZS,2.0,0.05
DEU,2019,0.721821950972007,0.8503758750236483,NV.AGR.TOTL.ZS,2.0,0.05
DEU,2005,105.449261682202,104.91637943421364,FS.AST.PRVT.GD.ZS,10.0,1.0
DEU,2006,102.070370805172,101.81336160279321,FS.AST.PRVT.GD.ZS,10.0,1.0
DEU,2007,97.1286031485667,99.13982779623316,FS.AST.PRVT.GD.ZS,10.0,1.0
DEU,2008,97.0048183970878,93.48514507358885,FS.AST.PRVT.GD.ZS,10.0,1.0
DEU,2009,98.7698151472158,90.4583783463353,FS.AST.PRVT.GD.ZS,10.0,1.0
DEU,2010,88.491304008735,91.77473189190403,FS.AST.PRVT.GD.ZS,10.0,1.0
DEU,2011,84.8982758876728,90.24813547469185,FS.AST.PRVT.GD.ZS,10.0,1.0
DEU,2012,83.8070746108818,82.3682296618795,FS.AST.PRVT.GD.ZS,10.0,1.0
DEU,2013,82.0983513258755,79.76330463976635,FS.AST.PRVT.GD.ZS,10.0,1.0
DEU,2014,79.3077887430272,78.87599652335483,FS.AST.PRVT.GD.ZS,10.0,1.0
DEU,2015,78.1213939686337,76.51410572782282,FS.AST.PRVT.GD.ZS,10.0,1.0
DEU,2016,77.4545257341917,74.495599511546,FS.AST.PRVT.GD.ZS,10.0,1.0
DEU,2017,77.7681556876676,74.56582683264358,FS.AST.PRVT.GD.ZS,10.0,1.0
DEU,2018,78.3907210382522,74.71847089176563,FS.AST.PRVT.GD.ZS,10.0,1.0
DEU,2019,80.176686333918,75.55439908842797,FS.AST.PRVT.GD.ZS,10.0,1.0
EUU,2005,71.8999308930476,71.86015712777423,SP.URB.TOTL.IN.ZS,0.05,10.0
EUU,2006,72.1166485441279,72.09300097019681,SP.URB.TOTL.IN.ZS,0.05,10.0
EUU,2007,72.3363987139009,72.3302075021117,SP.URB.TOTL.IN.ZS,0.05,10.0
EUU,2008,72.5550308575921,72.59390917042438,SP.URB.TOTL.IN.ZS,0.05,10.0
EUU,2009,72.7634110956976,72.82544833438214,SP.URB.TOTL.IN.ZS,0.05,10.0
EUU,2010,72.9723261514084,73.04586712422415,SP.URB.TOTL.IN.ZS,0.05,10.0
EUU,2011,73.1680577319247,73.1665568821443,SP.URB.TOTL.IN.ZS,0.05,10.0
EUU,2012,73.356888238534,73.40829702614555,SP.URB.TOTL.IN.ZS,0.05,10.0
EUU,2013,73.5394058330158,73.62834719519451,SP.URB.TOTL.IN.ZS,0.05,10.0
EUU,2014,73.7178485782486,73.7756108050112,SP.URB.TOTL.IN.ZS,0.05,10.0
EUU,2015,73.9081840731671,73.95422550660015,SP.URB.TOTL.IN.ZS,0.05,10.0
EUU,2016,74.1050733249803,74.1421984123587,SP.URB.TOTL.IN.ZS,0.05,10.0
EUU,2017,74.3075095447834,74.2888888846105,SP.URB.TOTL.IN.ZS,0.05,10.0
EUU,2018,74.5166970796689,74.49320170736004,SP.URB.TOTL.IN.ZS,0.05,10.0
EUU,2019,74.7373263738728,74.69185451669934,SP.URB.TOTL.IN.ZS,0.05,10.0
EUU,2005,28.1000691069524,28.162828977766324,SP.RUR.TOTL.ZS,2.0,2.0
EUU,2006,27.8833514558721,27.93652603406845,SP.RUR.TOTL.ZS,2.0,2.0
EUU,2007,27.6636012860991,27.70365431657707,SP.RUR.TOTL.ZS,2.0,2.0
EUU,2008,27.4449691424079,27.43210366107791,SP.RUR.TOTL.ZS,2.0,2.0
EUU,2009,27.2365889043024,27.203433785574234,SP.RUR.TOTL.ZS,2.0,2.0
EUU,2010,27.0276738485916,26.9833724810207,SP.RUR.TOTL.ZS,2.0,2.0
EUU,2011,26.8319422680753,26.840960067670977,SP.RUR.TOTL.ZS,2.0,2.0
EUU,2012,26.643111761466,26.609370212491044,SP.RUR.TOTL.ZS,2.0,2.0
EUU,2013,26.4605941669842,26.397530544941525,SP.RUR.TOTL.ZS,2.0,2.0
EUU,2014,26.2821514217514,26.271807107298002,SP.RUR.TOTL.ZS,2.0,2.0
EUU,2015,26.0918159268329,26.100657543180855,SP.RUR.TOTL.ZS,2.0,2.0
EUU,2016,25.8949266750198,25.919818489951687,SP.RUR.TOTL.ZS,2.0,2.0
EUU,2017,25.6924904552166,25.739774458783728,SP.RUR.TOTL.ZS,2.0,2.0
EUU,2018,25.4833029203311,25.539470600799998,SP.RUR.TOTL.ZS,2.0,2.0
EUU,2019,25.2626736261272,25.35144101484014,SP.RUR.TOTL.ZS,2.0,2.0
EUU,2005,75.1623100147368,75.21452054254006,SP.DYN.LE00.MA.IN,0.2,2.0
EUU,2006,75.55966958579,75.53772885001575,SP.DYN.LE00.MA.IN,0.2,2.0
EUU,2007,75.8380213818099,75.83112606212404,SP.DYN.LE00.MA.IN,0.2,2.0
EUU,2008,76.1273657996345,76.13408071854322,SP.DYN.LE00.MA.IN,0.2,2.0
EUU,2009,76.3726896018406,76.4257689320996,SP.DYN.LE00.MA.IN,0.2,2.0
EUU,2010,76.6661929203913,76.67347121173229,SP.DYN.LE00.MA.IN,0.2,2.0
EUU,2011,77.1659704200872,76.98165890020846,SP.DYN.LE00.MA.IN,0.2,2.0
EUU,2012,77.2672810648167,77.3565230929607,SP.DYN.LE00.MA.IN,0.2,2.0
EUU,2013,77.6254881707342,77.61585541993963,SP.DYN.LE00.MA.IN,0.2,2.0
EUU,2014,78.0461028503915,77.850761401424,SP.DYN.LE00.MA.IN,0.2,2.0
EUU,2015,77.8240319924782,78.26501222363449,SP.DYN.LE00.MA.IN,0.2,2.0
EUU,2016,78.1875144290585,78.37357191717575,SP.DYN.LE00.MA.IN,0.2,2.0
EUU,2017,78.260467760527,78.27207717234498,SP.DYN.LE00.MA.IN,0.2,2.0
EUU,2018,78.3492850447651,78.51243253512592,SP.DYN.LE00.MA.IN,0.2,2.0
EUU,2019,78.4480516697923,78.56577320316977,SP.DYN.LE00.MA.IN,0.2,2.0
EUU,2005,78.272641141779,78.24419403328298,SP.DYN.LE00.IN,0.5,5.0
EUU,2006,78.6689232474368,78.58717018961383,SP.DYN.LE00.IN,0.5,5.0
EUU,2007,78.9020360375354,78.85628901134348,SP.DYN.LE00.IN,0.5,5.0
EUU,2008,79.125498846821,79.18311916088724,SP.DYN.LE00.IN,0.5,5.0
EUU,2009,79.3572283106471,79.41686876912425,SP.DYN.LE00.IN,0.5,5.0
EUU,2010,79.6294260462919,79.63575801711967,SP.DYN.LE00.IN,0.5,5.0
EUU,2011,80.137772913297,79.89615372572817,SP.DYN.LE00.IN,0.5,5.0
EUU,2012,80.156888172745,80.26871991741857,SP.DYN.LE00.IN,0.5,5.0
EUU,2013,80.4637409249241,80.5083490646555,SP.DYN.LE00.IN,0.5,5.0
EUU,2014,80.8704475592144,80.64300753895714,SP.DYN.LE00.IN,0.5,5.0
EUU,2015,80.5668071415957,81.01939695037339,SP.DYN.LE00.IN,0.5,5.0
EUU,2016,80.9498646420543,81.07333765771541,SP.DYN.LE00.IN,0.5,5.0
EUU,2017,80.9308386443383,80.97979699134045,SP.DYN.LE00.IN,0.5,5.0
EUU,2018,81.0349054643915,81.19155671408379,SP.DYN.LE00.IN,0.5,5.0
EUU,2019,81.0638468173313,81.19302146364889,SP.DYN.LE00.IN,0.5,5.0
EUU,2005,11905849931800.6,11340430228604.693,NY.GDP.MKTP.CD,0.05,10.0
EUU,2006,12703537558145.6,11346658670372.18,NY.GDP.MKTP.CD,0.05,10.0
EUU,2007,14711232490704.2,12128073392139.018,NY.GDP.MKTP.CD,0.05,10.0
EUU,2008,16237535014345.5,15951034630315.578,NY.GDP.MKTP.CD,0.05,10.0
EUU,2009,14709825573177.6,17286483279199.242,NY.GDP.MKTP.CD,0.05,10.0
EUU,2010,14541445664320.9,14552937449382.637,NY.GDP.MKTP.CD,0.05,10.0
EUU,2011,15738868154361.8,14147149486331.707,NY.GDP.MKTP.CD,0.05,10.0
EUU,2012,14632642649230.2,15949193703012.77,NY.GDP.MKTP.CD,0.05,10.0
EUU,2013,15291976140967.0,14196954441339.75,NY.GDP.MKTP.CD,0.05,10.0
EUU,2014,15631276120897.1,15758483551972.695,NY.GDP.MKTP.CD,0.05,10.0
EUU,2015,13543830082660.1,16000682015239.912,NY.GDP.MKTP.CD,0.05,10.0
EUU,2016,13883444699831.6,13739657367725.055,NY.GDP.MKTP.CD,0.05,10.0
EUU,2017,14727943783142.0,14456366365592.178,NY.GDP.MKTP.CD,0.05,10.0
EUU,2018,15956518442929.4,15087385307445.59,NY.GDP.MKTP.CD,0.05,10.0
EUU,2019,15633997955351.1,16226312377700.824,NY.GDP.MKTP.CD,0.05,10.0
EUU,2005,35.9414669487218,34.687853340163066,NE.IMP.GNFS.ZS,10.0,10.0
EUU,2006,38.387065961477,36.48406660768921,NE.IMP.GNFS.ZS,10.0,10.0
EUU,2007,39.3042586308928,38.53660796996324,NE.IMP.GNFS.ZS,10.0,10.0
EUU,2008,40.0422684592462,40.21533691678141,NE.IMP.GNFS.ZS,10.0,10.0
EUU,2009,34.4863642907401,41.06517636092681,NE.IMP.GNFS.ZS,10.0,10.0
EUU,2010,38.4566081807058,36.983242809916334,NE.IMP.GNFS.ZS,10.0,10.0
EUU,2011,41.1690484125615,37.855525104451,NE.IMP.GNFS.ZS,10.0,10.0
EUU,2012,41.4393849774212,41.02457544186233,NE.IMP.GNFS.ZS,10.0,10.0
EUU,2013,40.8635100773222,42.3060030587783,NE.IMP.GNFS.ZS,10.0,10.0
EUU,2014,41.2431531237961,42.46106237120985,NE.IMP.GNFS.ZS,10.0,10.0
EUU,2015,41.7084050751282,42.865628343334485,NE.IMP.GNFS.ZS,10.0,10.0
EUU,2016,41.1025579522104,43.4108748235308,NE.IMP.GNFS.ZS,10.0,10.0
EUU,2017,42.7988586968899,42.151321899063376,NE.IMP.GNFS.ZS,10.0,10.0
EUU,2018,43.8847383821542,43.36274056234705,NE.IMP.GNFS.ZS,10.0,10.0
EUU,2019,43.7445071410286,44.54486400069652,NE.IMP.GNFS.ZS,10.0,10.0
EUU,2005,37.4274774780682,36.59529289600118,NE.EXP.GNFS.ZS,10.0,10.0
EUU,2006,39.5651655541432,38.11745062282346,NE.EXP.GNFS.ZS,10.0,10.0
EUU,2007,40.5924891522587,40.037674759906224,NE.EXP.GNFS.ZS,10.0,10.0
EUU,2008,40.9743538520856,41.742578962704826,NE.EXP.GNFS.ZS,10.0,10.0
EUU,2009,36.1639412418249,42.31556110623244,NE.EXP.GNFS.ZS,10.0,10.0
EUU,2010,40.0160328315429,38.67920576499357,NE.EXP.GNFS.ZS,10.0,10.0
EUU,2011,42.7603181706847,39.6087684190069,NE.EXP.GNFS.ZS,10.0,10.0
EUU,2012,44.1957848279421,42.791408030422,NE.EXP.GNFS.ZS,10.0,10.0
EUU,2013,44.2609873268027,44.72624800094678,NE.EXP.GNFS.ZS,10.0,10.0
EUU,2014,44.8664727160836,45.49284430153992,NE.EXP.GNFS.ZS,10.0,10.0
EUU,2015,45.7491496511678,46.07904707444925,NE.EXP.GNFS.ZS,10.0,10.0
EUU,2016,45.2379069409548,46.94953937193414,NE.EXP.GNFS.ZS,10.0,10.0
EUU,2017,46.7239552546145,46.17876485017024,NE.EXP.GNFS.ZS,10.0,10.0
EUU,2018,47.3216605707617,47.28611373890213,NE.EXP.GNFS.ZS,10.0,10.0
EUU,2019,47.2364448181785,48.07227864043081,NE.EXP.GNFS.ZS,10.0,10.0
EUU,2005,1.93483834496035,2.7248449813185935,NY.GDP.MKTP.KD.ZG,10.0,1.0
EUU,2006,3.49262891024343,2.7318749089702177,NY.GDP.MKTP.KD.ZG,10.0,1.0
EUU,2007,3.15233368938709,3.0043072563464825,NY.GDP.MKTP.KD.ZG,10.0,1.0
EUU,2008,0.645831791734167,2.576776778424719,NY.GDP.MKTP.KD.ZG,10.0,1.0
EUU,2009,-4.32573931696186,2.511077021792733,NY.GDP.MKTP.KD.ZG,10.0,1.0
EUU,2010,2.21061429802943,1.9852722947461459,NY.GDP.MKTP.KD.ZG,10.0,1.0
EUU,2011,1.81701373960948,3.779137922059782,NY.GDP.MKTP.KD.ZG,10.0,1.0
EUU,2012,-0.747025971716496,2.0486742423317352,NY.GDP.MKTP.KD.ZG,10.0,1.0
EUU,2013,-0.0478238394554324,1.6376890707067489,NY.GDP.MKTP.KD.ZG,10.0,1.0
EUU,2014,1.57371689308464,2.4575878911135405,NY.GDP.MKTP.KD.ZG,10.0,1.0
EUU,2015,2.30211242110556,3.3729996519370147,NY.GDP.MKTP.KD.ZG,10.0,1.0
EUU,2016,2.00664875170833,3.623482653157204,NY.GDP.MKTP.KD.ZG,10.0,1.0
EUU,2017,2.80306329867453,2.2575195669175905,NY.GDP.MKTP.KD.ZG,10.0,1.0
EUU,2018,2.11404920350664,2.4410778949700322,NY.GDP.MKTP.KD.ZG,10.0,1.0
EUU,2019,1.55972588697249,2.134043896544725,NY.GDP.MKTP.KD.ZG,10.0,1.0
EUU,2005,5.88245849396465,5.89093161500371,SH.DYN.MORT,0.05,10.0
EUU,2006,5.62899049354977,5.65790321351915,SH.DYN.MORT,0.05,10.0
EUU,2007,5.40006530053727,5.4126485935780195,SH.DYN.MORT,0.05,10.0
EUU,2008,5.17736981343161,5.255767234393909,SH.DYN.MORT,0.05,10.0
EUU,2009,5.00989509327255,5.0576415002743955,SH.DYN.MORT,0.05,10.0
EUU,2010,4.85605679215366,4.899302670911032,SH.DYN.MORT,0.05,10.0
EUU,2011,4.69842463772162,4.695026121391023,SH.DYN.MORT,0.05,10.0
EUU,2012,4.5686141613649,4.580926401279385,SH.DYN.MORT,0.05,10.0
EUU,2013,4.43765285407349,4.474277675252955,SH.DYN.MORT,0.05,10.0
EUU,2014,4.31982151171279,4.3289599282986195,SH.DYN.MORT,0.05,10.0
EUU,2015,4.2162678615137,4.214262940261378,SH.DYN.MORT,0.05,10.0
EUU,2016,4.15052284429162,4.116724790904387,SH.DYN.MORT,0.05,10.0
EUU,2017,4.09814629093624,4.04132062140339,SH.DYN.MORT,0.05,10.0
EUU,2018,4.03232410311584,3.9857924962780826,SH.DYN.MORT,0.05,10.0
EUU,2019,3.95028179173172,3.935790028033408,SH.DYN.MORT,0.05,10.0
EUU,2005,3605.8689383384,3638.3142419746127,EG.USE.PCAP.KG.OE,10.0,10.0
EUU,2006,3618.55789080246,3644.0130340086257,EG.USE.PCAP.KG.OE,10.0,10.0
EUU,2007,3554.91392461747,3661.0622514415036,EG.USE.PCAP.KG.OE,10.0,10.0
EUU,2008,3533.83642479756,3534.1784574446365,EG.USE.PCAP.KG.OE,10.0,10.0
EUU,2009,3321.34073670571,3514.312878224924,EG.USE.PCAP.KG.OE,10.0,10.0
EUU,2010,3448.0235998075,3265.9108371251596,EG.USE.PCAP.KG.OE,10.0,10.0
EUU,2011,3335.59201694285,3362.832675096274,EG.USE.PCAP.KG.OE,10.0,10.0
EUU,2012,3288.24727944879,3323.959691735708,EG.USE.PCAP.KG.OE,10.0,10.0
EUU,2013,3242.63919551927,3204.5336556973243,EG.USE.PCAP.KG.OE,10.0,10.0
EUU,2014,3123.59565570034,3133.9309203138773,EG.USE.PCAP.KG.OE,10.0,10.0
EUU,2015,3278.35207782641,3049.3145525856908,EG.USE.PCAP.KG.OE,10.0,10.0
EUU,2016,3278.35207782641,3033.6920616806633,EG.USE.PCAP.KG.OE,10.0,10.0
EUU,2017,3278.35207782641,3264.1871553466494,EG.USE.PCAP.KG.OE,10.0,10.0
EUU,2018,3278.35207782641,3267.0886197498367,EG.USE.PCAP.KG.OE,10.0,10.0
EUU,2019,3278.35207782641,3259.5377040733265,EG.USE.PCAP.KG.OE,10.0,10.0
EUU,2005,4288290.0,4389758.636468023,EN.ATM.GHGT.KT.CE,10.0,0.2
EUU,2006,4283280.0,4416652.813846852,EN.ATM.GHGT.KT.CE,10.0,0.2
EUU,2007,4247200.0,4415568.0265899105,EN.ATM.GHGT.KT.CE,10.0,0.2
EUU,2008,4155670.0,4239024.191265866,EN.ATM.GHGT.KT.CE,10.0,0.2
EUU,2009,3881360.0,4138058.9353852193,EN.ATM.GHGT.KT.CE,10.0,0.2
EUU,2010,3960810.0,3833228.5774016036,EN.ATM.GHGT.KT.CE,10.0,0.2
EUU,2011,3849510.0,3865618.880030563,EN.ATM.GHGT.KT.CE,10.0,0.2
EUU,2012,3788200.0,3765003.895443082,EN.ATM.GHGT.KT.CE,10.0,0.2
EUU,2013,3711450.0,3661966.4712004825,EN.ATM.GHGT.KT.CE,10.0,0.2
EUU,2014,3565620.0,3548944.9415634573,EN.ATM.GHGT.KT.CE,10.0,0.2
EUU,2015,3621560.0,3394780.758020944,EN.ATM.GHGT.KT.CE,10.0,0.2
EUU,2016,3622340.0,3380558.588658815,EN.ATM.GHGT.KT.CE,10.0,0.2
EUU,2017,3635650.0,3587802.0958654853,EN.ATM.GHGT.KT.CE,10.0,0.2
EUU,2018,3567090.0,3607035.2705171234,EN.ATM.GHGT.KT.CE,10.0,0.2
EUU,2019,3567090.0,3542463.287926263,EN.ATM.GHGT.KT.CE,10.0,0.2
EUU,2005,1.80037313221024,2.0135086763951633,NV.AGR.TOTL.ZS,0.05,2.0
EUU,2006,1.68502782457749,1.7180469206250226,NV.AGR.TOTL.ZS,0.05,2.0
EUU,2007,1.69750569487176,1.580407707426475,NV.AGR.TOTL.ZS,0.05,2.0
EUU,2008,1.63565954418923,1.5636153918276552,NV.AGR.TOTL.ZS,0.05,2.0
EUU,2009,1.50573796699758,1.4997977110308582,NV.AGR.TOTL.ZS,0.05,2.0
EUU,2010,1.63597324623303,1.3674057273813005,NV.AGR.TOTL.ZS,0.05,2.0
EUU,2011,1.71563922925494,1.571478371496482,NV.AGR.TOTL.ZS,0.05,2.0
EUU,2012,1.70782191243084,1.6561582750604993,NV.AGR.TOTL.ZS,0.05,2.0
EUU,2013,1.75696135509817,1.6564520482851113,NV.AGR.TOTL.ZS,0.05,2.0
EUU,2014,1.72436331123483,1.7466731350050422,NV.AGR.TOTL.ZS,0.05,2.0
EUU,2015,1.66860923608252,1.7323251152380066,NV.AGR.TOTL.ZS,0.05,2.0
EUU,2016,1.62367022261881,1.6920415522444574,NV.AGR.TOTL.ZS,0.05,2.0
EUU,2017,1.71484566753513,1.6267729580791883,NV.AGR.TOTL.ZS,0.05,2.0
EUU,2018,1.63389181242357,1.6691063638318318,NV.AGR.TOTL.ZS,0.05,2.0
EUU,2019,1.62644946141563,1.6525240137612545,NV.AGR.TOTL.ZS,0.05,2.0
EUU,2005,92.6901537762324,89.23185151402365,FS.AST.PRVT.GD.ZS,0.05,2.0
EUU,2006,96.375484843157,95.71901593601855,FS.AST.PRVT.GD.ZS,0.05,2.0
EUU,2007,99.622108233596,98.91330970463275,FS.AST.PRVT.GD.ZS,0.05,2.0
EUU,2008,101.643741167236,102.85977178571994,FS.AST.PRVT.GD.ZS,0.05,2.0
EUU,2009,104.728350378422,103.95877011588632,FS.AST.PRVT.GD.ZS,0.05,2.0
EUU,2010,102.142634411088,107.80303290726187,FS.AST.PRVT.GD.ZS,0.05,2.0
EUU,2011,100.531986029227,101.10504252521649,FS.AST.PRVT.GD.ZS,0.05,2.0
EUU,2012,98.8546600014799,100.48003729404537,FS.AST.PRVT.GD.ZS,0.05,2.0
EUU,2013,96.180595055138,99.25890579727539,FS.AST.PRVT.GD.ZS,0.05,2.0
EUU,2014,92.4148925001275,94.78838816967634,FS.AST.PRVT.GD.ZS,0.05,2.0
EUU,2015,89.7427857663238,90.64006679580521,FS.AST.PRVT.GD.ZS,0.05,2.0
EUU,2016,88.8351781002684,88.83029204190468,FS.AST.PRVT.GD.ZS,0.05,2.0
EUU,2017,87.6653698758681,88.44391698948068,FS.AST.PRVT.GD.ZS,0.05,2.0
EUU,2018,86.3926470621188,87.16802958777279,FS.AST.PRVT.GD.ZS,0.05,2.0
EUU,2019,85.7505003041521,85.37338340939861,FS.AST.PRVT.GD.ZS,0.05,2.0
FRA,2005,77.13,77.09527203110486,SP.URB.TOTL.IN.ZS,0.05,10.0
FRA,2006,77.377,77.3511823209213,SP.URB.TOTL.IN.ZS,0.05,10.0
FRA,2007,77.621,77.61103093691955,SP.URB.TOTL.IN.ZS,0.05,10.0
FRA,2008,77.868,77.8917949514369,SP.URB.TOTL.IN.ZS,0.05,10.0
FRA,2009,78.117,78.13940862413529,SP.URB.TOTL.IN.ZS,0.05,10.0
FRA,2010,78.369,78.39592879384148,SP.URB.TOTL.IN.ZS,0.05,10.0
FRA,2011,78.622,78.57027131625193,SP.URB.TOTL.IN.ZS,0.05,10.0
FRA,2012,78.878,78.86092467137192,SP.URB.TOTL.IN.ZS,0.05,10.0
FRA,2013,79.135,79.14871948358523,SP.URB.TOTL.IN.ZS,0.05,10.0
FRA,2014,79.394,79.3999806045197,SP.URB.TOTL.IN.ZS,0.05,10.0
FRA,2015,79.655,79.65871738040528,SP.URB.TOTL.IN.ZS,0.05,10.0
FRA,2016,79.917,79.92153742989139,SP.URB.TOTL.IN.ZS,0.05,10.0
FRA,2017,80.18,80.17876268631284,SP.URB.TOTL.IN.ZS,0.05,10.0
FRA,2018,80.444,80.44169273665102,SP.URB.TOTL.IN.ZS,0.05,10.0
FRA,2019,80.709,80.70762569459023,SP.URB.TOTL.IN.ZS,0.05,10.0
FRA,2005,22.87,22.893540572786726,SP.RUR.TOTL.ZS,0.05,10.0
FRA,2006,22.623,22.635478814346293,SP.RUR.TOTL.ZS,0.05,10.0
FRA,2007,22.379,22.373439294874526,SP.RUR.TOTL.ZS,0.05,10.0
FRA,2008,22.132,22.102169024936288,SP.RUR.TOTL.ZS,0.05,10.0
FRA,2009,21.883,21.85317990871043,SP.RUR.TOTL.ZS,0.05,10.0
FRA,2010,21.631,21.595798406032387,SP.RUR.TOTL.ZS,0.05,10.0
FRA,2011,21.378,21.41942285344774,SP.RUR.TOTL.ZS,0.05,10.0
FRA,2012,21.122,21.131625135469704,SP.RUR.TOTL.ZS,0.05,10.0
FRA,2013,20.865,20.846428169149192,SP.RUR.TOTL.ZS,0.05,10.0
FRA,2014,20.606,20.603209158076126,SP.RUR.TOTL.ZS,0.05,10.0
FRA,2015,20.345,20.3471185671062,SP.RUR.TOTL.ZS,0.05,10.0
FRA,2016,20.083,20.08514233593906,SP.RUR.TOTL.ZS,0.05,10.0
FRA,2017,19.82,19.83074230256136,SP.RUR.TOTL.ZS,0.05,10.0
FRA,2018,19.556,19.57256330069218,SP.RUR.TOTL.ZS,0.05,10.0
FRA,2019,19.291,19.303917668953062,SP.RUR.TOTL.ZS,0.05,10.0
FRA,2005,76.7,76.57832309688864,SP.DYN.LE00.MA.IN,1.0,5.0
FRA,2006,77.3,77.1303789120012,SP.DYN.LE00.MA.IN,1.0,5.0
FRA,2007,77.6,77.3808597600754,SP.DYN.LE00.MA.IN,1.0,5.0
FRA,2008,77.8,77.94828704261235,SP.DYN.LE00.MA.IN,1.0,5.0
FRA,2009,78.0,78.20579717168695,SP.DYN.LE00.MA.IN,1.0,5.0
FRA,2010,78.2,78.41266082668598,SP.DYN.LE00.MA.IN,1.0,5.0
FRA,2011,78.7,78.55272574360647,SP.DYN.LE00.MA.IN,1.0,5.0
FRA,2012,78.7,78.85758951195275,SP.DYN.LE00.MA.IN,1.0,5.0
FRA,2013,79.0,79.07848638706659,SP.DYN.LE00.MA.IN,1.0,5.0
FRA,2014,79.5,79.16452401489911,SP.DYN.LE00.MA.IN,1.0,5.0
FRA,2015,79.2,79.56536876427455,SP.DYN.LE00.MA.IN,1.0,5.0
FRA,2016,79.5,79.68454847844455,SP.DYN.LE00.MA.IN,1.0,5.0
FRA,2017,79.6,79.55054811861496,SP.DYN.LE00.MA.IN,1.0,5.0
FRA,2018,79.7,79.79342157929614,SP.DYN.LE00.MA.IN,1.0,5.0
FRA,2019,79.7,79.80687782337199,SP.DYN.LE00.MA.IN,1.0,5.0
FRA,2005,80.1634146341463,79.94739761878995,SP.DYN.LE00.IN,2.0,10.0
FRA,2006,80.8121951219512,80.50996430927721,SP.DYN.LE00.IN,2.0,10.0
FRA,2007,81.1121951219512,80.79521416111547,SP.DYN.LE00.IN,2.0,10.0
FRA,2008,81.2146341463415,81.41655291155678,SP.DYN.LE00.IN,2.0,10.0
FRA,2009,81.4146341463415,81.6253661725481,SP.DYN.LE00.IN,2.0,10.0
FRA,2010,81.6634146341463,81.785783762899,SP.DYN.LE00.IN,2.0,10.0
FRA,2011,82.1146341463415,81.94345059139063,SP.DYN.LE00.IN,2.0,10.0
FRA,2012,81.9682926829268,82.27122843125478,SP.DYN.LE00.IN,2.0,10.0
FRA,2013,82.219512195122,82.39711573887598,SP.DYN.LE00.IN,2.0,10.0
FRA,2014,82.719512195122,82.33420293088835,SP.DYN.LE00.IN,2.0,10.0
FRA,2015,82.3219512195122,82.71437592809443,SP.DYN.LE00.IN,2.0,10.0
FRA,2016,82.5731707317073,82.75994204065522,SP.DYN.LE00.IN,2.0,10.0
FRA,2017,82.5756097560976,82.56042958280688,SP.DYN.LE00.IN,2.0,10.0
FRA,2018,82.7243902439024,82.72496738698696,SP.DYN.LE00.IN,2.0,10.0
FRA,2019,82.5780487804878,82.70749428306445,SP.DYN.LE00.IN,2.0,10.0
FRA,2005,2196126103718.44,2108924212856.9822,NY.GDP.MKTP.CD,0.05,2.0
FRA,2006,2318593651988.46,2101272207528.7266,NY.GDP.MKTP.CD,0.05,2.0
FRA,2007,2657213249384.07,2226655604594.999,NY.GDP.MKTP.CD,0.05,2.0
FRA,2008,2918382891460.38,2891418601320.7183,NY.GDP.MKTP.CD,0.05,2.0
FRA,2009,2690222283967.77,3129002864418.341,NY.GDP.MKTP.CD,0.05,2.0
FRA,2010,2642609548930.36,2746182816287.1978,NY.GDP.MKTP.CD,0.05,2.0
FRA,2011,2861408170264.6,2559277713121.771,NY.GDP.MKTP.CD,0.05,2.0
FRA,2012,2683825225092.63,2939549876514.1987,NY.GDP.MKTP.CD,0.05,2.0
FRA,2013,2811077725703.59,2698428435405.388,NY.GDP.MKTP.CD,0.05,2.0
FRA,2014,2852165760630.27,2920792884955.64,NY.GDP.MKTP.CD,0.05,2.0
FRA,2015,2438207896251.84,2917553408843.677,NY.GDP.MKTP.CD,0.05,2.0
FRA,2016,2471285607081.72,2469025643627.9536,NY.GDP.MKTP.CD,0.05,2.0
FRA,2017,2588740901639.81,2559666665168.0146,NY.GDP.MKTP.CD,0.05,2.0
FRA,2018,2786502569559.77,2655015737759.3745,NY.GDP.MKTP.CD,0.05,2.0
FRA,2019,2715518274227.45,2821921294353.711,NY.GDP.MKTP.CD,0.05,2.0
FRA,2005,26.947655734595,25.600354770731176,NE.IMP.GNFS.ZS,2.0,10.0
FRA,2006,28.16836935943,26.775115054496187,NE.IMP.GNFS.ZS,2.0,10.0
FRA,2007,28.5674990728149,27.623414313179822,NE.IMP.GNFS.ZS,2.0,10.0
FRA,2008,29.2776980294924,28.561424916980663,NE.IMP.GNFS.ZS,2.0,10.0
FRA,2009,25.6269036398058,29.11117455151878,NE.IMP.GNFS.ZS,2.0,10.0
FRA,2010,28.0794912416196,25.547705158152088,NE.IMP.GNFS.ZS,2.0,10.0
FRA,2011,30.369238945981,26.931378181061966,NE.IMP.GNFS.ZS,2.0,10.0
FRA,2012,30.499031981938,29.106502065983236,NE.IMP.GNFS.ZS,2.0,10.0
FRA,2013,30.3993172078638,29.842535341842776,NE.IMP.GNFS.ZS,2.0,10.0
FRA,2014,30.8121120215465,30.716834186717414,NE.IMP.GNFS.ZS,2.0,10.0
FRA,2015,31.1590715564548,31.081322762821134,NE.IMP.GNFS.ZS,2.0,10.0
FRA,2016,30.852605198715,31.42965174647928,NE.IMP.GNFS.ZS,2.0,10.0
FRA,2017,32.0132141063066,31.189569181088856,NE.IMP.GNFS.ZS,2.0,10.0
FRA,2018,32.7600397680845,32.191076842302024,NE.IMP.GNFS.ZS,2.0,10.0
FRA,2019,32.7510153736559,32.992709880185664,NE.IMP.GNFS.ZS,2.0,10.0
FRA,2005,27.0330510418171,26.78618141853519,NE.EXP.GNFS.ZS,10.0,0.5
FRA,2006,27.9350550901956,27.238553494891576,NE.EXP.GNFS.ZS,10.0,0.5
FRA,2007,27.853257510199,27.916112906380775,NE.EXP.GNFS.ZS,10.0,0.5
FRA,2008,28.1193848563025,28.124245448893134,NE.EXP.GNFS.ZS,10.0,0.5
FRA,2009,24.8355472102672,28.25098796605363,NE.EXP.GNFS.ZS,10.0,0.5
FRA,2010,26.7882998402738,25.63708537765946,NE.EXP.GNFS.ZS,10.0,0.5
FRA,2011,28.4213374764194,25.997881131447606,NE.EXP.GNFS.ZS,10.0,0.5
FRA,2012,29.2030271868495,27.61311743814732,NE.EXP.GNFS.ZS,10.0,0.5
FRA,2013,29.3647378670492,28.504156302236368,NE.EXP.GNFS.ZS,10.0,0.5
FRA,2014,29.666684498073,29.653586553957645,NE.EXP.GNFS.ZS,10.0,0.5
FRA,2015,30.5926223781313,29.909427871899524,NE.EXP.GNFS.ZS,10.0,0.5
FRA,2016,30.2475371833945,30.671590408514454,NE.EXP.GNFS.ZS,10.0,0.5
FRA,2017,30.9486331871,30.67293507940608,NE.EXP.GNFS.ZS,10.0,0.5
FRA,2018,31.7191563303394,30.98206448680713,NE.EXP.GNFS.ZS,10.0,0.5
FRA,2019,31.7717136605065,31.870147171328032,NE.EXP.GNFS.ZS,10.0,0.5
FRA,2005,1.66321998030079,2.1421422723433796,NY.GDP.MKTP.KD.ZG,2.0,1.0
FRA,2006,2.44932360111885,1.987829556326835,NY.GDP.MKTP.KD.ZG,2.0,1.0
FRA,2007,2.42473624337305,1.5991808598945525,NY.GDP.MKTP.KD.ZG,2.0,1.0
FRA,2008,0.254945960124005,1.0100539911479274,NY.GDP.MKTP.KD.ZG,2.0,1.0
FRA,2009,-2.87331382849631,0.684862347435871,NY.GDP.MKTP.KD.ZG,2.0,1.0
FRA,2010,1.94943762312663,0.5151390087218495,NY.GDP.MKTP.KD.ZG,2.0,1.0
FRA,2011,2.19270063266654,2.164753971176115,NY.GDP.MKTP.KD.ZG,2.0,1.0
FRA,2012,0.313134751077172,-0.3845041201271435,NY.GDP.MKTP.KD.ZG,2.0,1.0
FRA,2013,0.576326674771792,-1.0784658794325672,NY.GDP.MKTP.KD.ZG,2.0,1.0
FRA,2014,0.956183052371557,0.8221142339811998,NY.GDP.MKTP.KD.ZG,2.0,1.0
FRA,2015,1.1129123405747,0.9448102963317346,NY.GDP.MKTP.KD.ZG,2.0,1.0
FRA,2016,1.09546440372048,0.7645385381969092,NY.GDP.MKTP.KD.ZG,2.0,1.0
FRA,2017,2.29141999417021,1.196275861465228,NY.GDP.MKTP.KD.ZG,2.0,1.0
FRA,2018,1.79286392711333,1.182067998112199,NY.GDP.MKTP.KD.ZG,2.0,1.0
FRA,2019,1.50859403033795,0.4970820053683269,NY.GDP.MKTP.KD.ZG,2.0,1.0
FRA,2005,4.6,4.611261692470799,SH.DYN.MORT,1.0,5.0
FRA,2006,4.5,4.505372887668486,SH.DYN.MORT,1.0,5.0
FRA,2007,4.4,4.451935192015304,SH.DYN.MORT,1.0,5.0
FRA,2008,4.3,4.359214694697165,SH.DYN.MORT,1.0,5.0
FRA,2009,4.3,4.267213370513195,SH.DYN.MORT,1.0,5.0
FRA,2010,4.3,4.2254408844153595,SH.DYN.MORT,1.0,5.0
FRA,2011,4.2,4.155917390510819,SH.DYN.MORT,1.0,5.0
FRA,2012,4.2,4.1575450706285935,SH.DYN.MORT,1.0,5.0
FRA,2013,4.1,4.1475502053158095,SH.DYN.MORT,1.0,5.0
FRA,2014,4.1,4.1621331598282945,SH.DYN.MORT,1.0,5.0
FRA,2015,4.1,4.135522529755892,SH.DYN.MORT,1.0,5.0
FRA,2016,4.2,4.142755504380166,SH.DYN.MORT,1.0,5.0
FRA,2017,4.3,4.2894924035911295,SH.DYN.MORT,1.0,5.0
FRA,2018,4.4,4.338431246704224,SH.DYN.MORT,1.0,5.0
FRA,2019,4.5,4.432042105798706,SH.DYN.MORT,1.0,5.0
FRA,2005,4287.15707390243,4342.244788881072,EG.USE.PCAP.KG.OE,10.0,10.0
FRA,2006,4188.84325922155,4349.998146174743,EG.USE.PCAP.KG.OE,10.0,10.0
FRA,2007,4115.5272396794,4293.628731535528,EG.USE.PCAP.KG.OE,10.0,10.0
FRA,2008,4110.58597782222,4098.056235849109,EG.USE.PCAP.KG.OE,10.0,10.0
FRA,2009,3913.45794162876,4061.2670382028896,EG.USE.PCAP.KG.OE,10.0,10.0
FRA,2010,4016.84807067409,3911.0580027047336,EG.USE.PCAP.KG.OE,10.0,10.0
FRA,2011,3847.07219950468,3949.7017662599596,EG.USE.PCAP.KG.OE,10.0,10.0
FRA,2012,3836.65629939189,3843.55487512335,EG.USE.PCAP.KG.OE,10.0,10.0
FRA,2013,3833.5342590538,3734.6154612411465,EG.USE.PCAP.KG.OE,10.0,10.0
FRA,2014,3659.08779468449,3797.413832488429,EG.USE.PCAP.KG.OE,10.0,10.0
FRA,2015,3692.01783331053,3706.5649706463987,EG.USE.PCAP.KG.OE,10.0,10.0
FRA,2016,3692.01783331053,3654.355723229101,EG.USE.PCAP.KG.OE,10.0,10.0
FRA,2017,3692.01783331053,3663.3607289047463,EG.USE.PCAP.KG.OE,10.0,10.0
FRA,2018,3692.01783331053,3661.166023297297,EG.USE.PCAP.KG.OE,10.0,10.0
FRA,2019,3692.01783331053,3656.8331329364332,EG.USE.PCAP.KG.OE,10.0,10.0
FRA,2005,509070.0,508384.20048647985,EN.ATM.GHGT.KT.CE,10.0,10.0
FRA,2006,498790.0,506839.71251519746,EN.ATM.GHGT.KT.CE,10.0,10.0
FRA,2007,491620.0,501199.72746074095,EN.ATM.GHGT.KT.CE,10.0,10.0
FRA,2008,485350.0,484764.39159404475,EN.ATM.GHGT.KT.CE,10.0,10.0
FRA,2009,467050.0,477338.1968766214,EN.ATM.GHGT.KT.CE,10.0,10.0
FRA,2010,470790.0,458733.8151470904,EN.ATM.GHGT.KT.CE,10.0,10.0
FRA,2011,453510.0,462032.90632193466,EN.ATM.GHGT.KT.CE,10.0,10.0
FRA,2012,456320.0,450475.48961555416,EN.ATM.GHGT.KT.CE,10.0,10.0
FRA,2013,457250.0,434827.22865253594,EN.ATM.GHGT.KT.CE,10.0,10.0
FRA,2014,424130.0,451793.9223041723,EN.ATM.GHGT.KT.CE,10.0,10.0
FRA,2015,430140.0,432761.6914742456,EN.ATM.GHGT.KT.CE,10.0,10.0
FRA,2016,430020.0,424337.928067909,EN.ATM.GHGT.KT.CE,10.0,10.0
FRA,2017,432380.0,422485.53879791766,EN.ATM.GHGT.KT.CE,10.0,10.0
FRA,2018,423350.0,423640.49771323625,EN.ATM.GHGT.KT.CE,10.0,10.0
FRA,2019,423350.0,419223.9524208229,EN.ATM.GHGT.KT.CE,10.0,10.0
FRA,2005,1.68010170422531,1.8114997436128788,NV.AGR.TOTL.ZS,1.0,1.0
FRA,2006,1.51849064281003,1.7296985285736177,NV.AGR.TOTL.ZS,1.0,1.0
FRA,2007,1.6129929533935,1.594242703189774,NV.AGR.TOTL.ZS,1.0,1.0
FRA,2008,1.51522299962858,1.5002707983652592,NV.AGR.TOTL.ZS,1.0,1.0
FRA,2009,1.32316199671353,1.4829138219699831,NV.AGR.TOTL.ZS,1.0,1.0
FRA,2010,1.60402828863388,1.3435119730181182,NV.AGR.TOTL.ZS,1.0,1.0
FRA,2011,1.6502871934041,1.4086119429999384,NV.AGR.TOTL.ZS,1.0,1.0
FRA,2012,1.63179503677703,1.543832964142732,NV.AGR.TOTL.ZS,1.0,1.0
FRA,2013,1.45863217691004,1.5541349619468734,NV.AGR.TOTL.ZS,1.0,1.0
FRA,2014,1.55635615985933,1.5548238968659955,NV.AGR.TOTL.ZS,1.0,1.0
FRA,2015,1.60564438654459,1.5821691723599045,NV.AGR.TOTL.ZS,1.0,1.0
FRA,2016,1.43711486668854,1.608177619365231,NV.AGR.TOTL.ZS,1.0,1.0
FRA,2017,1.54241477388973,1.6794373031055554,NV.AGR.TOTL.ZS,1.0,1.0
FRA,2018,1.65112952288889,1.6646082341775432,NV.AGR.TOTL.ZS,1.0,1.0
FRA,2019,1.59714194783544,1.6882661262243581,NV.AGR.TOTL.ZS,1.0,1.0
FRA,2005,80.1488755057605,75.90439791301043,FS.AST.PRVT.GD.ZS,5.0,10.0
FRA,2006,84.2600523442078,78.20013040160651,FS.AST.PRVT.GD.ZS,5.0,10.0
FRA,2007,88.8146454032225,81.99654255342347,FS.AST.PRVT.GD.ZS,5.0,10.0
FRA,2008,92.5250705186762,92.59096047540817,FS.AST.PRVT.GD.ZS,5.0,10.0
FRA,2009,95.0680688403664,95.7219859812376,FS.AST.PRVT.GD.ZS,5.0,10.0
FRA,2010,95.8849068981987,97.54879167590258,FS.AST.PRVT.GD.ZS,5.0,10.0
FRA,2011,96.8263221997611,96.34289496495236,FS.AST.PRVT.GD.ZS,5.0,10.0
FRA,2012,96.5546312626747,97.63386046894793,FS.AST.PRVT.GD.ZS,5.0,10.0
FRA,2013,96.0201947015595,96.8971952411242,FS.AST.PRVT.GD.ZS,5.0,10.0
FRA,2014,94.0892609192168,95.89996666177694,FS.AST.PRVT.GD.ZS,5.0,10.0
FRA,2015,95.0900459964193,93.12091078054564,FS.AST.PRVT.GD.ZS,5.0,10.0
FRA,2016,97.374323505939,96.08319237499856,FS.AST.PRVT.GD.ZS,5.0,10.0
FRA,2017,101.371818902841,99.35551498678932,FS.AST.PRVT.GD.ZS,5.0,10.0
FRA,2018,104.383808611646,104.23056355414488,FS.AST.PRVT.GD.ZS,5.0,10.0
FRA,2019,107.641810143678,106.60640717156716,FS.AST.PRVT.GD.ZS,5.0,10.0
GBR,2005,79.915,79.78203360900352,SP.URB.TOTL.IN.ZS,0.05,10.0
GBR,2006,80.199,80.06813260005899,SP.URB.TOTL.IN.ZS,0.05,10.0
GBR,2007,80.479,80.38936575982176,SP.URB.TOTL.IN.ZS,0.05,10.0
GBR,2008,80.757,80.7562879517033,SP.URB.TOTL.IN.ZS,0.05,10.0
GBR,2009,81.031,80.98382675273189,SP.URB.TOTL.IN.ZS,0.05,10.0
GBR,2010,81.302,81.30137727866824,SP.URB.TOTL.IN.ZS,0.05,10.0
GBR,2011,81.57,81.53187730373361,SP.URB.TOTL.IN.ZS,0.05,10.0
GBR,2012,81.837,81.84594980825702,SP.URB.TOTL.IN.ZS,0.05,10.0
GBR,2013,82.102,82.11163103344452,SP.URB.TOTL.IN.ZS,0.05,10.0
GBR,2014,82.365,82.3866575288585,SP.URB.TOTL.IN.ZS,0.05,10.0
GBR,2015,82.626,82.65250203559728,SP.URB.TOTL.IN.ZS,0.05,10.0
GBR,2016,82.886,82.89043787859534,SP.URB.TOTL.IN.ZS,0.05,10.0
GBR,2017,83.143,83.17514369475714,SP.URB.TOTL.IN.ZS,0.05,10.0
GBR,2018,83.398,83.42864510811506,SP.URB.TOTL.IN.ZS,0.05,10.0
GBR,2019,83.652,83.67433347326903,SP.URB.TOTL.IN.ZS,0.05,10.0
GBR,2005,20.085,20.1756999752389,SP.RUR.TOTL.ZS,0.05,0.5
GBR,2006,19.801,19.86847207815388,SP.RUR.TOTL.ZS,0.05,0.5
GBR,2007,19.521,19.512855214001938,SP.RUR.TOTL.ZS,0.05,0.5
GBR,2008,19.243,19.17248823207301,SP.RUR.TOTL.ZS,0.05,0.5
GBR,2009,18.969,18.95026096347604,SP.RUR.TOTL.ZS,0.05,0.5
GBR,2010,18.698,18.602396405138823,SP.RUR.TOTL.ZS,0.05,0.5
GBR,2011,18.43,18.45587856096181,SP.RUR.TOTL.ZS,0.05,0.5
GBR,2012,18.163,18.115627290055006,SP.RUR.TOTL.ZS,0.05,0.5
GBR,2013,17.898,17.903083739752343,SP.RUR.TOTL.ZS,0.05,0.5
GBR,2014,17.635,17.622155918651572,SP.RUR.TOTL.ZS,0.05,0.5
GBR,2015,17.374,17.339940490140833,SP.RUR.TOTL.ZS,0.05,0.5
GBR,2016,17.114,17.087061156148717,SP.RUR.TOTL.ZS,0.05,0.5
GBR,2017,16.857,16.866181363548296,SP.RUR.TOTL.ZS,0.05,0.5
GBR,2018,16.602,16.597033115492135,SP.RUR.TOTL.ZS,0.05,0.5
GBR,2019,16.348,16.34286992489647,SP.RUR.TOTL.ZS,0.05,0.5
GBR,2005,77.0,76.89061797035413,SP.DYN.LE00.MA.IN,0.5,0.05
GBR,2006,77.2,77.25796984262591,SP.DYN.LE00.MA.IN,0.5,0.05
GBR,2007,77.4,77.54127350710357,SP.DYN.LE00.MA.IN,0.5,0.05
GBR,2008,77.6,77.68093727949704,SP.DYN.LE00.MA.IN,0.5,0.05
GBR,2009,78.1,77.93249109364754,SP.DYN.LE00.MA.IN,0.5,0.05
GBR,2010,78.5,78.23231997787374,SP.DYN.LE00.MA.IN,0.5,0.05
GBR,2011,79.0,78.72496137229767,SP.DYN.LE00.MA.IN,0.5,0.05
GBR,2012,79.1,79.16522124572347,SP.DYN.LE00.MA.IN,0.5,0.05
GBR,2013,79.2,79.33661399751765,SP.DYN.LE00.MA.IN,0.5,0.05
GBR,2014,79.5,79.42886234270523,SP.DYN.LE00.MA.IN,0.5,0.05
GBR,2015,79.2,79.65660919507376,SP.DYN.LE00.MA.IN,0.5,0.05
GBR,2016,79.4,79.6856509943016,SP.DYN.LE00.MA.IN,0.5,0.05
GBR,2017,79.5,79.6997414561201,SP.DYN.LE00.MA.IN,0.5,0.05
GBR,2018,79.5,79.74474704116562,SP.DYN.LE00.MA.IN,0.5,0.05
GBR,2019,79.4,79.65088394541924,SP.DYN.LE00.MA.IN,0.5,0.05
GBR,2005,79.0487804878049,78.97535145894255,SP.DYN.LE00.IN,0.1,0.5
GBR,2006,79.2487804878049,79.29945835682483,SP.DYN.LE00.IN,0.1,0.5
GBR,2007,79.4487804878049,79.51767535835694,SP.DYN.LE00.IN,0.1,0.5
GBR,2008,79.6,79.62606337070339,SP.DYN.LE00.IN,0.1,0.5
GBR,2009,80.0512195121951,79.88722473959717,SP.DYN.LE00.IN,0.1,0.5
GBR,2010,80.4024390243902,80.09043819897872,SP.DYN.LE00.IN,0.1,0.5
GBR,2011,80.9512195121951,80.59499514403709,SP.DYN.LE00.IN,0.1,0.5
GBR,2012,80.9048780487805,81.05014290269503,SP.DYN.LE00.IN,0.1,0.5
GBR,2013,81.0048780487805,81.08373076432726,SP.DYN.LE00.IN,0.1,0.5
GBR,2014,81.3048780487805,81.1459528096497,SP.DYN.LE00.IN,0.1,0.5
GBR,2015,80.9560975609756,81.40182821905871,SP.DYN.LE00.IN,0.1,0.5
GBR,2016,81.1560975609756,81.30223656643983,SP.DYN.LE00.IN,0.1,0.5
GBR,2017,81.2560975609756,81.41814664324453,SP.DYN.LE00.IN,0.1,0.5
GBR,2018,81.2560975609756,81.43155001095819,SP.DYN.LE00.IN,0.1,0.5
GBR,2019,81.2048780487805,81.33599699473244,SP.DYN.LE00.IN,0.1,0.5
GBR,2005,2532796363636.36,2735332600151.7104,NY.GDP.MKTP.CD,0.05,0.05
GBR,2006,2706014719411.22,2772852329229.256,NY.GDP.MKTP.CD,0.05,0.05
GBR,2007,3093407362945.18,2974019311572.8486,NY.GDP.MKTP.CD,0.05,0.05
GBR,2008,2921431985294.12,3355996544452.0703,NY.GDP.MKTP.CD,0.05,0.05
GBR,2009,2412389780339.62,2975255693119.155,NY.GDP.MKTP.CD,0.05,0.05
GBR,2010,2481579504997.81,2377389550931.614,NY.GDP.MKTP.CD,0.05,0.05
GBR,2011,2659882040934.51,2456237901992.506,NY.GDP.MKTP.CD,0.05,0.05
GBR,2012,2704017284861.91,2699989471742.4497,NY.GDP.MKTP.CD,0.05,0.05
GBR,2013,2783251090198.95,2584670024430.961,NY.GDP.MKTP.CD,0.05,0.05
GBR,2014,3065521109394.94,2726853335682.3115,NY.GDP.MKTP.CD,0.05,0.05
GBR,2015,2932784751846.27,3009955637083.8374,NY.GDP.MKTP.CD,0.05,0.05
GBR,2016,2693247611031.81,2769583978181.215,NY.GDP.MKTP.CD,0.05,0.05
GBR,2017,2662484018735.82,2570607601915.5024,NY.GDP.MKTP.CD,0.05,0.05
GBR,2018,2857316524862.61,2685868887311.8955,NY.GDP.MKTP.CD,0.05,0.05
GBR,2019,2830813507746.87,2902254569782.748,NY.GDP.MKTP.CD,0.05,0.05
GBR,2005,27.4978141299807,25.985098845798195,NE.IMP.GNFS.ZS,10.0,10.0
GBR,2006,29.4008576757355,26.709547927832677,NE.IMP.GNFS.ZS,10.0,10.0
GBR,2007,27.4050909232028,28.423090472410927,NE.IMP.GNFS.ZS,10.0,10.0
GBR,2008,29.2291564811022,28.447174331189327,NE.IMP.GNFS.ZS,10.0,10.0
GBR,2009,28.0024772152381,28.933507679511916,NE.IMP.GNFS.ZS,10.0,10.0
GBR,2010,30.1879109130793,28.772634687205485,NE.IMP.GNFS.ZS,10.0,10.0
GBR,2011,31.6676113655406,29.4611983254718,NE.IMP.GNFS.ZS,10.0,10.0
GBR,2012,31.2253982719641,31.319877925833616,NE.IMP.GNFS.ZS,10.0,10.0
GBR,2013,31.2747706050993,31.970443358387396,NE.IMP.GNFS.ZS,10.0,10.0
GBR,2014,29.7506505608135,32.080810184131984,NE.IMP.GNFS.ZS,10.0,10.0
GBR,2015,28.7365189637021,31.253035399939655,NE.IMP.GNFS.ZS,10.0,10.0
GBR,2016,30.047495578309,29.919812697160545,NE.IMP.GNFS.ZS,10.0,10.0
GBR,2017,31.5531016934323,29.730748571618182,NE.IMP.GNFS.ZS,10.0,10.0
GBR,2018,32.0800525914748,31.164227347251902,NE.IMP.GNFS.ZS,10.0,10.0
GBR,2019,32.3179818440635,32.08908397382444,NE.IMP.GNFS.ZS,10.0,10.0
GBR,2005,25.0606946831314,23.877388984809528,NE.EXP.GNFS.ZS,5.0,10.0
GBR,2006,27.2765905655669,25.004655388061227,NE.EXP.GNFS.ZS,5.0,10.0
GBR,2007,25.3614128589308,27.13154680371646,NE.EXP.GNFS.ZS,5.0,10.0
GBR,2008,27.0465040625851,26.03656406305228,NE.EXP.GNFS.ZS,5.0,10.0
GBR,2009,26.3963557296581,27.02725506098288,NE.EXP.GNFS.ZS,5.0,10.0
GBR,2010,28.2500231938815,26.83793911032256,NE.EXP.GNFS.ZS,5.0,10.0
GBR,2011,30.71365624968,27.543975951726768,NE.EXP.GNFS.ZS,5.0,10.0
GBR,2012,29.9874983204519,29.781470962036316,NE.EXP.GNFS.ZS,5.0,10.0
GBR,2013,29.8702042760468,30.3457956414284,NE.EXP.GNFS.ZS,5.0,10.0
GBR,2014,28.1976244868514,30.31389992083873,NE.EXP.GNFS.ZS,5.0,10.0
GBR,2015,27.2637435853891,29.182830797269048,NE.EXP.GNFS.ZS,5.0,10.0
GBR,2016,28.2370587834234,28.019743580388557,NE.EXP.GNFS.ZS,5.0,10.0
GBR,2017,30.1083210836265,28.05463889013929,NE.EXP.GNFS.ZS,5.0,10.0
GBR,2018,30.8900677563461,29.75207708274771,NE.EXP.GNFS.ZS,5.0,10.0
GBR,2019,31.0793597401374,30.723712773321083,NE.EXP.GNFS.ZS,5.0,10.0
GBR,2005,2.95569174321572,1.9490971099897507,NY.GDP.MKTP.KD.ZG,10.0,10.0
GBR,2006,2.69380036672888,2.2667640455761138,NY.GDP.MKTP.KD.ZG,10.0,10.0
GBR,2007,2.36057586087708,2.216642529613555,NY.GDP.MKTP.KD.ZG,10.0,10.0
GBR,2008,-0.27878016061878,3.243443865985883,NY.GDP.MKTP.KD.ZG,10.0,10.0
GBR,2009,-4.11394933103749,2.9206604334073063,NY.GDP.MKTP.KD.ZG,10.0,10.0
GBR,2010,2.07405095275128,3.149448193422256,NY.GDP.MKTP.KD.ZG,10.0,10.0
GBR,2011,1.2757084113606,3.0978003186402923,NY.GDP.MKTP.KD.ZG,10.0,10.0
GBR,2012,1.43039602864351,2.0892598594849945,NY.GDP.MKTP.KD.ZG,10.0,10.0
GBR,2013,2.18611335241982,2.6719635040425844,NY.GDP.MKTP.KD.ZG,10.0,10.0
GBR,2014,2.86272867067392,2.098287237032215,NY.GDP.MKTP.KD.ZG,10.0,10.0
GBR,2015,2.36306951065066,2.336173452182248,NY.GDP.MKTP.KD.ZG,10.0,10.0
GBR,2016,1.72238590444775,2.137844811252398,NY.GDP.MKTP.KD.ZG,10.0,10.0
GBR,2017,1.74030944299099,1.6733843152777825,NY.GDP.MKTP.KD.ZG,10.0,10.0
GBR,2018,1.25259061284513,1.7552878030962988,NY.GDP.MKTP.KD.ZG,10.0,10.0
GBR,2019,1.37081472248765,1.6994360779284565,NY.GDP.MKTP.KD.ZG,10.0,10.0
GBR,2005,6.0,6.026108641863385,SH.DYN.MORT,0.05,10.0
GBR,2006,5.9,5.939695257351987,SH.DYN.MORT,0.05,10.0
GBR,2007,5.8,5.900818160039036,SH.DYN.MORT,0.05,10.0
GBR,2008,5.6,5.883408006166816,SH.DYN.MORT,0.05,10.0
GBR,2009,5.4,5.670281294377556,SH.DYN.MORT,0.05,10.0
GBR,2010,5.2,5.567914843938043,SH.DYN.MORT,0.05,10.0
GBR,2011,5.0,5.055075478306264,SH.DYN.MORT,0.05,10.0
GBR,2012,4.8,4.831659092664185,SH.DYN.MORT,0.05,10.0
GBR,2013,4.7,4.600326276692866,SH.DYN.MORT,0.05,10.0
GBR,2014,4.5,4.487396710267937,SH.DYN.MORT,0.05,10.0
GBR,2015,4.5,4.318686850223063,SH.DYN.MORT,0.05,10.0
GBR,2016,4.4,4.268152950317519,SH.DYN.MORT,0.05,10.0
GBR,2017,4.4,4.264329991970324,SH.DYN.MORT,0.05,10.0
GBR,2018,4.3,4.234139022949889,SH.DYN.MORT,0.05,10.0
GBR,2019,4.3,4.151874982324232,SH.DYN.MORT,0.05,10.0
GBR,2005,3686.35990480058,3719.9630550702996,EG.USE.PCAP.KG.OE,10.0,0.05
GBR,2006,3598.81040619707,3695.4342694410607,EG.USE.PCAP.KG.OE,10.0,0.05
GBR,2007,3441.64021918037,3645.2959599930846,EG.USE.PCAP.KG.OE,10.0,0.05
GBR,2008,3361.98051693016,3394.4159936825727,EG.USE.PCAP.KG.OE,10.0,0.05
GBR,2009,3145.58566208284,3297.4425969451067,EG.USE.PCAP.KG.OE,10.0,0.05
GBR,2010,3230.61598357655,3099.3911358159703,EG.USE.PCAP.KG.OE,10.0,0.05
GBR,2011,2972.15306452967,3024.8296248199504,EG.USE.PCAP.KG.OE,10.0,0.05
GBR,2012,3042.85987103811,2939.864503298497,EG.USE.PCAP.KG.OE,10.0,0.05
GBR,2013,2987.7005887871,2774.335470622759,EG.USE.PCAP.KG.OE,10.0,0.05
GBR,2014,2777.31098667728,2917.57090573026,EG.USE.PCAP.KG.OE,10.0,0.05
GBR,2015,2764.51667133806,2790.7626252940877,EG.USE.PCAP.KG.OE,10.0,0.05
GBR,2016,2764.51667133806,2654.4252469643197,EG.USE.PCAP.KG.OE,10.0,0.05
GBR,2017,2764.51667133806,2676.4529049876805,EG.USE.PCAP.KG.OE,10.0,0.05
GBR,2018,2764.51667133806,2695.427633556914,EG.USE.PCAP.KG.OE,10.0,0.05
GBR,2019,2764.51667133806,2674.375964348366,EG.USE.PCAP.KG.OE,10.0,0.05
GBR,2005,674860.0,680364.9120130156,EN.ATM.GHGT.KT.CE,0.05,10.0
GBR,2006,671960.0,676387.1975226725,EN.ATM.GHGT.KT.CE,0.05,10.0
GBR,2007,656480.0,675389.971834809,EN.ATM.GHGT.KT.CE,0.05,10.0
GBR,2008,636520.0,665842.2401190107,EN.ATM.GHGT.KT.CE,0.05,10.0
GBR,2009,581690.0,645071.5668733629,EN.ATM.GHGT.KT.CE,0.05,10.0
GBR,2010,594560.0,613520.5401081046,EN.ATM.GHGT.KT.CE,0.05,10.0
GBR,2011,551940.0,556244.9835138671,EN.ATM.GHGT.KT.CE,0.05,10.0
GBR,2012,573410.0,532351.8065639883,EN.ATM.GHGT.KT.CE,0.05,10.0
GBR,2013,554670.0,509168.03785845987,EN.ATM.GHGT.KT.CE,0.05,10.0
GBR,2014,513800.0,544687.8237088383,EN.ATM.GHGT.KT.CE,0.05,10.0
GBR,2015,497740.0,514074.2148412361,EN.ATM.GHGT.KT.CE,0.05,10.0
GBR,2016,475240.0,487671.5084721242,EN.ATM.GHGT.KT.CE,0.05,10.0
GBR,2017,461190.0,458499.0527046612,EN.ATM.GHGT.KT.CE,0.05,10.0
GBR,2018,452080.0,438242.6211964517,EN.ATM.GHGT.KT.CE,0.05,10.0
GBR,2019,452080.0,423251.17496025463,EN.ATM.GHGT.KT.CE,0.05,10.0
GBR,2005,0.550810530653148,0.7775838752474724,NV.AGR.TOTL.ZS,0.05,10.0
GBR,2006,0.601066553162093,0.601725092338209,NV.AGR.TOTL.ZS,0.05,10.0
GBR,2007,0.56710982901975,0.578267522407198,NV.AGR.TOTL.ZS,0.05,10.0
GBR,2008,0.682519337628417,0.54055349634426,NV.AGR.TOTL.ZS,0.05,10.0
GBR,2009,0.687756576793349,0.6216904211717726,NV.AGR.TOTL.ZS,0.05,10.0
GBR,2010,0.607212705639444,0.6470965549065397,NV.AGR.TOTL.ZS,0.05,10.0
GBR,2011,0.696988990694164,0.6595486227643546,NV.AGR.TOTL.ZS,0.05,10.0
GBR,2012,0.643778077662303,0.7054668717834522,NV.AGR.TOTL.ZS,0.05,10.0
GBR,2013,0.644709762651544,0.7262063041827327,NV.AGR.TOTL.ZS,0.05,10.0
GBR,2014,0.754961868118655,0.6851153758032509,NV.AGR.TOTL.ZS,0.05,10.0
GBR,2015,0.647464812431074,0.7371942449566224,NV.AGR.TOTL.ZS,0.05,10.0
GBR,2016,0.576173402476147,0.6926128093416979,NV.AGR.TOTL.ZS,0.05,10.0
GBR,2017,0.573629478957654,0.6201636406594678,NV.AGR.TOTL.ZS,0.05,10.0
GBR,2018,0.568916122573994,0.6192229830695815,NV.AGR.TOTL.ZS,0.05,10.0
GBR,2019,0.58828913687383,0.6323817223017768,NV.AGR.TOTL.ZS,0.05,10.0
GBR,2005,143.710221831709,147.16298998148937,FS.AST.PRVT.GD.ZS,2.0,0.05
GBR,2006,154.239525021435,153.49028341441306,FS.AST.PRVT.GD.ZS,2.0,0.05
GBR,2007,170.20241448562,167.13313713781264,FS.AST.PRVT.GD.ZS,2.0,0.05
GBR,2008,191.697010996949,186.76381526506435,FS.AST.PRVT.GD.ZS,2.0,0.05
GBR,2009,192.474206482695,215.57844551559862,FS.AST.PRVT.GD.ZS,2.0,0.05
GBR,2010,184.885515660073,206.87151499990404,FS.AST.PRVT.GD.ZS,2.0,0.05
GBR,2011,170.617544000178,172.3734729426085,FS.AST.PRVT.GD.ZS,2.0,0.05
GBR,2012,160.939677509595,158.71560621243356,FS.AST.PRVT.GD.ZS,2.0,0.05
GBR,2013,149.636922468568,152.60720540852583,FS.AST.PRVT.GD.ZS,2.0,0.05
GBR,2014,135.476263585556,142.63159311409817,FS.AST.PRVT.GD.ZS,2.0,0.05
GBR,2015,130.650262210486,129.6370629172375,FS.AST.PRVT.GD.ZS,2.0,0.05
GBR,2016,132.142083669221,131.91874434374813,FS.AST.PRVT.GD.ZS,2.0,0.05
GBR,2017,134.154083829082,135.0140419346339,FS.AST.PRVT.GD.ZS,2.0,0.05
GBR,2018,134.628806158581,139.70587250549232,FS.AST.PRVT.GD.ZS,2.0,0.05
GBR,2019,133.527746352558,138.06138847657627,FS.AST.PRVT.GD.ZS,2.0,0.05
IDN,2005,45.942,45.87320872346031,SP.URB.TOTL.IN.ZS,0.05,10.0
IDN,2006,46.738,46.85800655055378,SP.URB.TOTL.IN.ZS,0.05,10.0
IDN,2007,47.535,47.72891920798514,SP.URB.TOTL.IN.ZS,0.05,10.0
IDN,2008,48.335,48.34217479508581,SP.URB.TOTL.IN.ZS,0.05,10.0
IDN,2009,49.134,49.17710551798628,SP.URB.TOTL.IN.ZS,0.05,10.0
IDN,2010,49.914,50.12128730897494,SP.URB.TOTL.IN.ZS,0.05,10.0
IDN,2011,50.595,50.65521336890802,SP.URB.TOTL.IN.ZS,0.05,10.0
IDN,2012,51.276,51.33040098682119,SP.URB.TOTL.IN.ZS,0.05,10.0
IDN,2013,51.955,52.02731005732167,SP.URB.TOTL.IN.ZS,0.05,10.0
IDN,2014,52.635,52.73718584204542,SP.URB.TOTL.IN.ZS,0.05,10.0
IDN,2015,53.313,53.41657399955233,SP.URB.TOTL.IN.ZS,0.05,10.0
IDN,2016,53.989,54.08725796932077,SP.URB.TOTL.IN.ZS,0.05,10.0
IDN,2017,54.659,54.67544256918177,SP.URB.TOTL.IN.ZS,0.05,10.0
IDN,2018,55.325,55.324645510095,SP.URB.TOTL.IN.ZS,0.05,10.0
IDN,2019,55.985,56.0139265062212,SP.URB.TOTL.IN.ZS,0.05,10.0
IDN,2005,54.058,54.102631175116,SP.RUR.TOTL.ZS,0.05,10.0
IDN,2006,53.262,53.14951154187059,SP.RUR.TOTL.ZS,0.05,10.0
IDN,2007,52.465,52.29889292382947,SP.RUR.TOTL.ZS,0.05,10.0
IDN,2008,51.665,51.63856110814289,SP.RUR.TOTL.ZS,0.05,10.0
IDN,2009,50.866,50.81278849266532,SP.RUR.TOTL.ZS,0.05,10.0
IDN,2010,50.086,49.90361236405289,SP.RUR.TOTL.ZS,0.05,10.0
IDN,2011,49.405,49.29273212331273,SP.RUR.TOTL.ZS,0.05,10.0
IDN,2012,48.724,48.60675232606101,SP.RUR.TOTL.ZS,0.05,10.0
IDN,2013,48.045,47.929647793001266,SP.RUR.TOTL.ZS,0.05,10.0
IDN,2014,47.365,47.25445484205096,SP.RUR.TOTL.ZS,0.05,10.0
IDN,2015,46.687,46.57751868174112,SP.RUR.TOTL.ZS,0.05,10.0
IDN,2016,46.011,45.909025550392904,SP.RUR.TOTL.ZS,0.05,10.0
IDN,2017,45.341,45.34916533711565,SP.RUR.TOTL.ZS,0.05,10.0
IDN,2018,44.675,44.696670269872556,SP.RUR.TOTL.ZS,0.05,10.0
IDN,2019,44.015,44.039619984845146,SP.RUR.TOTL.ZS,0.05,10.0
IDN,2005,65.579,65.58055446230748,SP.DYN.LE00.MA.IN,10.0,5.0
IDN,2006,65.899,65.90942552121099,SP.DYN.LE00.MA.IN,10.0,5.0
IDN,2007,66.228,66.22860624256035,SP.DYN.LE00.MA.IN,10.0,5.0
IDN,2008,66.554,66.49630911374884,SP.DYN.LE00.MA.IN,10.0,5.0
IDN,2009,66.872,66.84757050253747,SP.DYN.LE00.MA.IN,10.0,5.0
IDN,2010,67.182,67.2312210407138,SP.DYN.LE00.MA.IN,10.0,5.0
IDN,2011,67.485,67.45953302349619,SP.DYN.LE00.MA.IN,10.0,5.0
IDN,2012,67.784,67.78163192980324,SP.DYN.LE00.MA.IN,10.0,5.0
IDN,2013,68.081,68.08201640855967,SP.DYN.LE00.MA.IN,10.0,5.0
IDN,2014,68.371,68.40814867251981,SP.DYN.LE00.MA.IN,10.0,5.0
IDN,2015,68.651,68.7067410576379,SP.DYN.LE00.MA.IN,10.0,5.0
IDN,2016,68.914,68.99237601011441,SP.DYN.LE00.MA.IN,10.0,5.0
IDN,2017,69.156,69.17435674879744,SP.DYN.LE00.MA.IN,10.0,5.0
IDN,2018,69.375,69.38891018238192,SP.DYN.LE00.MA.IN,10.0,5.0
IDN,2019,69.572,69.62934506226705,SP.DYN.LE00.MA.IN,10.0,5.0
IDN,2005,67.334,67.2882186171135,SP.DYN.LE00.IN,10.0,0.05
IDN,2006,67.717,67.66831894076154,SP.DYN.LE00.IN,10.0,0.05
IDN,2007,68.105,68.05043536413667,SP.DYN.LE00.IN,10.0,0.05
IDN,2008,68.485,68.40975702132769,SP.DYN.LE00.IN,10.0,0.05
IDN,2009,68.853,68.80629247732824,SP.DYN.LE00.IN,10.0,0.05
IDN,2010,69.205,69.21189299739231,SP.DYN.LE00.IN,10.0,0.05
IDN,2011,69.542,69.53949871605447,SP.DYN.LE00.IN,10.0,0.05
IDN,2012,69.866,69.89101464528716,SP.DYN.LE00.IN,10.0,0.05
IDN,2013,70.179,70.22245304855397,SP.DYN.LE00.IN,10.0,0.05
IDN,2014,70.481,70.55170309412706,SP.DYN.LE00.IN,10.0,0.05
IDN,2015,70.768,70.86273194975519,SP.DYN.LE00.IN,10.0,0.05
IDN,2016,71.035,71.1584901974164,SP.DYN.LE00.IN,10.0,0.05
IDN,2017,71.282,71.31713594708732,SP.DYN.LE00.IN,10.0,0.05
IDN,2018,71.509,71.52954950007822,SP.DYN.LE00.IN,10.0,0.05
IDN,2019,71.716,71.78085640299768,SP.DYN.LE00.IN,10.0,0.05
IDN,2005,285868618224.017,251286365876.37054,NY.GDP.MKTP.CD,0.05,10.0
IDN,2006,364570514304.85,270118393429.72888,NY.GDP.MKTP.CD,0.05,10.0
IDN,2007,432216737774.861,330230562998.75616,NY.GDP.MKTP.CD,0.05,10.0
IDN,2008,510228634992.258,478155434624.38245,NY.GDP.MKTP.CD,0.05,10.0
IDN,2009,539580085612.401,557633811677.0868,NY.GDP.MKTP.CD,0.05,10.0
IDN,2010,755094160363.071,579148899276.792,NY.GDP.MKTP.CD,0.05,10.0
IDN,2011,892969107923.094,878326780934.5432,NY.GDP.MKTP.CD,0.05,10.0
IDN,2012,917869910105.749,1090366046151.0125,NY.GDP.MKTP.CD,0.05,10.0
IDN,2013,912524136718.018,1173650925863.571,NY.GDP.MKTP.CD,0.05,10.0
IDN,2014,890814755233.225,970296545729.8007,NY.GDP.MKTP.CD,0.05,10.0
IDN,2015,860854235065.079,946190328277.169,NY.GDP.MKTP.CD,0.05,10.0
IDN,2016,931877364177.742,912832500913.8314,NY.GDP.MKTP.CD,0.05,10.0
IDN,2017,1015618742565.81,959179584549.2861,NY.GDP.MKTP.CD,0.05,10.0
IDN,2018,1042271531011.99,1022885387721.9923,NY.GDP.MKTP.CD,0.05,10.0
IDN,2019,1119091259074.62,1018656236042.7363,NY.GDP.MKTP.CD,0.05,10.0
IDN,2005,29.9206682408643,22.82276978334098,NE.IMP.GNFS.ZS,10.0,10.0
IDN,2006,25.6224105005701,28.04023818605768,NE.IMP.GNFS.ZS,10.0,10.0
IDN,2007,25.3935314930811,28.161025729728113,NE.IMP.GNFS.ZS,10.0,10.0
IDN,2008,28.7531154639229,24.620403980251023,NE.IMP.GNFS.ZS,10.0,10.0
IDN,2009,21.3530017000775,26.51398665316631,NE.IMP.GNFS.ZS,10.0,10.0
IDN,2010,22.4022429392329,25.752222167957367,NE.IMP.GNFS.ZS,10.0,10.0
IDN,2011,23.8526600952268,21.39780980403295,NE.IMP.GNFS.ZS,10.0,10.0
IDN,2012,24.9885195110858,22.870220039288082,NE.IMP.GNFS.ZS,10.0,10.0
IDN,2013,24.7137962959288,24.043972255749132,NE.IMP.GNFS.ZS,10.0,10.0
IDN,2014,24.414190988586,21.588546374649937,NE.IMP.GNFS.ZS,10.0,10.0
IDN,2015,20.7774609817235,21.200258121451842,NE.IMP.GNFS.ZS,10.0,10.0
IDN,2016,18.3323479486654,19.307702826063938,NE.IMP.GNFS.ZS,10.0,10.0
IDN,2017,19.17819263535,17.77400078964884,NE.IMP.GNFS.ZS,10.0,10.0
IDN,2018,22.071562457954,17.85813848297447,NE.IMP.GNFS.ZS,10.0,10.0
IDN,2019,19.0024756869276,20.128410031564478,NE.IMP.GNFS.ZS,10.0,10.0
IDN,2005,34.0672676279992,26.76705202763047,NE.EXP.GNFS.ZS,10.0,10.0
IDN,2006,31.0347163143166,32.290485842087485,NE.EXP.GNFS.ZS,10.0,10.0
IDN,2007,29.4357184851264,33.55977049519049,NE.EXP.GNFS.ZS,10.0,10.0
IDN,2008,29.8082841673732,28.925421076136352,NE.EXP.GNFS.ZS,10.0,10.0
IDN,2009,24.1591196686279,29.295475271530115,NE.EXP.GNFS.ZS,10.0,10.0
IDN,2010,24.2990309366408,30.575416114760802,NE.EXP.GNFS.ZS,10.0,10.0
IDN,2011,26.3273530888836,24.370954018111817,NE.EXP.GNFS.ZS,10.0,10.0
IDN,2012,24.5943787881769,26.18118165220775,NE.EXP.GNFS.ZS,10.0,10.0
IDN,2013,23.9235763793605,26.332130052678465,NE.EXP.GNFS.ZS,10.0,10.0
IDN,2014,23.6659845969367,22.25812838274695,NE.EXP.GNFS.ZS,10.0,10.0
IDN,2015,21.1601792598059,21.808818302557242,NE.EXP.GNFS.ZS,10.0,10.0
IDN,2016,19.0889938536664,20.496092419542528,NE.EXP.GNFS.ZS,10.0,10.0
IDN,2017,20.1773044351106,18.34849418072987,NE.EXP.GNFS.ZS,10.0,10.0
IDN,2018,21.0027464972455,18.97035400205111,NE.EXP.GNFS.ZS,10.0,10.0
IDN,2019,18.4463036035012,19.7769146735217,NE.EXP.GNFS.ZS,10.0,10.0
IDN,2005,5.69257130383384,5.501832170686145,NY.GDP.MKTP.KD.ZG,0.05,10.0
IDN,2006,5.50095178520348,4.980354987914438,NY.GDP.MKTP.KD.ZG,0.05,10.0
IDN,2007,6.34502222667214,4.899004219302652,NY.GDP.MKTP.KD.ZG,0.05,10.0
IDN,2008,6.01370360009123,5.033206473080801,NY.GDP.MKTP.KD.ZG,0.05,10.0
IDN,2009,4.62887118256153,4.465116828265835,NY.GDP.MKTP.KD.ZG,0.05,10.0
IDN,2010,6.22385418062366,3.0985005246199986,NY.GDP.MKTP.KD.ZG,0.05,10.0
IDN,2011,6.16978420771008,3.247672756652829,NY.GDP.MKTP.KD.ZG,0.05,10.0
IDN,2012,6.03005065305615,2.967920558430735,NY.GDP.MKTP.KD.ZG,0.05,10.0
IDN,2013,5.5572636889101,3.232365101004401,NY.GDP.MKTP.KD.ZG,0.05,10.0
IDN,2014,5.006668425755,6.0240381147322735,NY.GDP.MKTP.KD.ZG,0.05,10.0
IDN,2015,4.87632230022123,5.825479673015,NY.GDP.MKTP.KD.ZG,0.05,10.0
IDN,2016,5.03306918280177,5.6916486714355425,NY.GDP.MKTP.KD.ZG,0.05,10.0
IDN,2017,5.06978590134916,4.842194560530523,NY.GDP.MKTP.KD.ZG,0.05,10.0
IDN,2018,5.17429153955024,4.688630036458991,NY.GDP.MKTP.KD.ZG,0.05,10.0
IDN,2019,5.01815971508286,4.816966661252849,NY.GDP.MKTP.KD.ZG,0.05,10.0
IDN,2005,41.7,45.104588139735654,SH.DYN.MORT,10.0,10.0
IDN,2006,40.0,42.93764267524875,SH.DYN.MORT,10.0,10.0
IDN,2007,38.3,38.60212380610142,SH.DYN.MORT,10.0,10.0
IDN,2008,36.8,36.662500940620035,SH.DYN.MORT,10.0,10.0
IDN,2009,35.3,35.16944565038796,SH.DYN.MORT,10.0,10.0
IDN,2010,33.9,33.83029039248158,SH.DYN.MORT,10.0,10.0
IDN,2011,32.6,32.379814218930335,SH.DYN.MORT,10.0,10.0
IDN,2012,31.3,31.16870049480958,SH.DYN.MORT,10.0,10.0
IDN,2013,30.1,30.02138241796152,SH.DYN.MORT,10.0,10.0
IDN,2014,28.9,28.955742718253,SH.DYN.MORT,10.0,10.0
IDN,2015,27.8,27.849004530882652,SH.DYN.MORT,10.0,10.0
IDN,2016,26.7,26.78728957379511,SH.DYN.MORT,10.0,10.0
IDN,2017,25.7,25.620186013342185,SH.DYN.MORT,10.0,10.0
IDN,2018,24.8,24.500394795522737,SH.DYN.MORT,10.0,10.0
IDN,2019,23.9,23.79699353736855,SH.DYN.MORT,10.0,10.0
IDN,2005,794.410007627929,788.021974915543,EG.USE.PCAP.KG.OE,10.0,10.0
IDN,2006,802.354528572173,808.3771444497909,EG.USE.PCAP.KG.OE,10.0,10.0
IDN,2007,788.072648620917,820.4666907250953,EG.USE.PCAP.KG.OE,10.0,10.0
IDN,2008,793.100056523183,803.8240372804958,EG.USE.PCAP.KG.OE,10.0,10.0
IDN,2009,845.99724380826,800.1084371731502,EG.USE.PCAP.KG.OE,10.0,10.0
IDN,2010,877.075612944877,836.8147836853552,EG.USE.PCAP.KG.OE,10.0,10.0
IDN,2011,833.562770291426,880.5027948038011,EG.USE.PCAP.KG.OE,10.0,10.0
IDN,2012,853.21074500617,842.0642611521805,EG.USE.PCAP.KG.OE,10.0,10.0
IDN,2013,863.821360815284,859.8754844917362,EG.USE.PCAP.KG.OE,10.0,10.0
IDN,2014,883.921509289319,871.5990244637237,EG.USE.PCAP.KG.OE,10.0,10.0
IDN,2015,883.921509289319,888.7020365391472,EG.USE.PCAP.KG.OE,10.0,10.0
IDN,2016,883.921509289319,891.9214229269251,EG.USE.PCAP.KG.OE,10.0,10.0
IDN,2017,883.921509289319,885.7653432369939,EG.USE.PCAP.KG.OE,10.0,10.0
IDN,2018,883.921509289319,880.7602851870754,EG.USE.PCAP.KG.OE,10.0,10.0
IDN,2019,883.921509289319,882.1571523190385,EG.USE.PCAP.KG.OE,10.0,10.0
IDN,2005,703250.0,592551.0647558523,EN.ATM.GHGT.KT.CE,10.0,10.0
IDN,2006,718590.0,648604.0894244357,EN.ATM.GHGT.KT.CE,10.0,10.0
IDN,2007,731410.0,682735.6514367415,EN.ATM.GHGT.KT.CE,10.0,10.0
IDN,2008,725820.0,742112.3325986094,EN.ATM.GHGT.KT.CE,10.0,10.0
IDN,2009,744030.0,739404.9847128845,EN.ATM.GHGT.KT.CE,10.0,10.0
IDN,2010,762400.0,760682.7021838214,EN.ATM.GHGT.KT.CE,10.0,10.0
IDN,2011,822480.0,768360.87713447,EN.ATM.GHGT.KT.CE,10.0,10.0
IDN,2012,827220.0,816798.3644502589,EN.ATM.GHGT.KT.CE,10.0,10.0
IDN,2013,796880.0,839832.8683487126,EN.ATM.GHGT.KT.CE,10.0,10.0
IDN,2014,845070.0,811805.5388504287,EN.ATM.GHGT.KT.CE,10.0,10.0
IDN,2015,852000.0,859418.4989268535,EN.ATM.GHGT.KT.CE,10.0,10.0
IDN,2016,866360.0,866844.00228131,EN.ATM.GHGT.KT.CE,10.0,10.0
IDN,2017,912420.0,881254.8712102245,EN.ATM.GHGT.KT.CE,10.0,10.0
IDN,2018,969580.0,916790.3066081442,EN.ATM.GHGT.KT.CE,10.0,10.0
IDN,2019,969580.0,971453.840423286,EN.ATM.GHGT.KT.CE,10.0,10.0
IDN,2005,13.1266186400506,13.242396846038027,NV.AGR.TOTL.ZS,0.05,10.0
IDN,2006,12.9738027192484,12.94117207518116,NV.AGR.TOTL.ZS,0.05,10.0
IDN,2007,13.7166831034562,12.778425628422845,NV.AGR.TOTL.ZS,0.05,10.0
IDN,2008,14.4817402607761,12.828114999124466,NV.AGR.TOTL.ZS,0.05,10.0
IDN,2009,15.290148146172,13.784610914829514,NV.AGR.TOTL.ZS,0.05,10.0
IDN,2010,13.929212707137,15.037987312607758,NV.AGR.TOTL.ZS,0.05,10.0
IDN,2011,13.5122870743946,14.395448557243622,NV.AGR.TOTL.ZS,0.05,10.0
IDN,2012,13.3739742350727,13.734923646968507,NV.AGR.TOTL.ZS,0.05,10.0
IDN,2013,13.3566991621949,13.322579806866093,NV.AGR.TOTL.ZS,0.05,10.0
IDN,2014,13.3367549992146,13.474634654997862,NV.AGR.TOTL.ZS,0.05,10.0
IDN,2015,13.4926435578886,13.52239291648562,NV.AGR.TOTL.ZS,0.05,10.0
IDN,2016,13.4787485470271,13.7241636382501,NV.AGR.TOTL.ZS,0.05,10.0
IDN,2017,13.1566308462661,13.045844829387056,NV.AGR.TOTL.ZS,0.05,10.0
IDN,2018,12.8084975586902,12.515108852844323,NV.AGR.TOTL.ZS,0.05,10.0
IDN,2019,12.7127004560495,12.277459514265336,NV.AGR.TOTL.ZS,0.05,10.0
IDN,2005,27.6587104878441,27.6471615605735,FS.AST.PRVT.GD.ZS,1.0,10.0
IDN,2006,27.6587104878441,27.656774155405564,FS.AST.PRVT.GD.ZS,1.0,10.0
IDN,2007,27.6587104878441,27.661265553828784,FS.AST.PRVT.GD.ZS,1.0,10.0
IDN,2008,27.6587104878441,27.652344048713793,FS.AST.PRVT.GD.ZS,1.0,10.0
IDN,2009,27.6587104878441,27.652591670753743,FS.AST.PRVT.GD.ZS,1.0,10.0
IDN,2010,27.2530411349395,27.65999170333498,FS.AST.PRVT.GD.ZS,1.0,10.0
IDN,2011,30.0821993577662,27.421389686845203,FS.AST.PRVT.GD.ZS,1.0,10.0
IDN,2012,33.4341714348422,28.624417574288337,FS.AST.PRVT.GD.ZS,1.0,10.0
IDN,2013,36.0581396070456,31.71366092044315,FS.AST.PRVT.GD.ZS,1.0,10.0
IDN,2014,36.4235451552096,38.67021554158394,FS.AST.PRVT.GD.ZS,1.0,10.0
IDN,2015,39.1187982955119,38.11816823382412,FS.AST.PRVT.GD.ZS,1.0,10.0
IDN,2016,39.4024246939413,42.0929776040397,FS.AST.PRVT.GD.ZS,1.0,10.0
IDN,2017,38.7323495613041,41.98293483774697,FS.AST.PRVT.GD.ZS,1.0,10.0
IDN,2018,38.8054496665639,41.515139923427945,FS.AST.PRVT.GD.ZS,1.0,10.0
IDN,2019,37.7550092169971,41.50488232908453,FS.AST.PRVT.GD.ZS,1.0,10.0
IND,2005,29.235,29.18544900924409,SP.URB.TOTL.IN.ZS,0.05,10.0
IND,2006,29.569,29.56172731677598,SP.URB.TOTL.IN.ZS,0.05,10.0
IND,2007,29.906,29.924932871014782,SP.URB.TOTL.IN.ZS,0.05,10.0
IND,2008,30.246,30.314619286613436,SP.URB.TOTL.IN.ZS,0.05,10.0
IND,2009,30.587,30.648348965587324,SP.URB.TOTL.IN.ZS,0.05,10.0
IND,2010,30.93,31.051472716909316,SP.URB.TOTL.IN.ZS,0.05,10.0
IND,2011,31.276,31.26434069339704,SP.URB.TOTL.IN.ZS,0.05,10.0
IND,2012,31.634,31.641740504605433,SP.URB.TOTL.IN.ZS,0.05,10.0
IND,2013,32.003,32.012977822079776,SP.URB.TOTL.IN.ZS,0.05,10.0
IND,2014,32.384,32.371774691525246,SP.URB.TOTL.IN.ZS,0.05,10.0
IND,2015,32.777,32.78105003385861,SP.URB.TOTL.IN.ZS,0.05,10.0
IND,2016,33.182,33.15033487914662,SP.URB.TOTL.IN.ZS,0.05,10.0
IND,2017,33.6,33.54993327787115,SP.URB.TOTL.IN.ZS,0.05,10.0
IND,2018,34.03,33.967921008389844,SP.URB.TOTL.IN.ZS,0.05,10.0
IND,2019,34.472,34.39554730639077,SP.URB.TOTL.IN.ZS,0.05,10.0
IND,2005,70.765,70.81265081207786,SP.RUR.TOTL.ZS,0.05,5.0
IND,2006,70.431,70.42512853115736,SP.RUR.TOTL.ZS,0.05,5.0
IND,2007,70.094,70.05555678094959,SP.RUR.TOTL.ZS,0.05,5.0
IND,2008,69.754,69.67701627721664,SP.RUR.TOTL.ZS,0.05,5.0
IND,2009,69.413,69.35110536016526,SP.RUR.TOTL.ZS,0.05,5.0
IND,2010,69.07,68.94322083986529,SP.RUR.TOTL.ZS,0.05,5.0
IND,2011,68.724,68.7593352039855,SP.RUR.TOTL.ZS,0.05,5.0
IND,2012,68.366,68.36812707393582,SP.RUR.TOTL.ZS,0.05,5.0
IND,2013,67.997,68.00516485339567,SP.RUR.TOTL.ZS,0.05,5.0
IND,2014,67.616,67.63939041548034,SP.RUR.TOTL.ZS,0.05,5.0
IND,2015,67.223,67.21766585646344,SP.RUR.TOTL.ZS,0.05,5.0
IND,2016,66.818,66.86514571112477,SP.RUR.TOTL.ZS,0.05,5.0
IND,2017,66.4,66.50640079966172,SP.RUR.TOTL.ZS,0.05,5.0
IND,2018,65.97,66.10040682944498,SP.RUR.TOTL.ZS,0.05,5.0
IND,2019,65.528,65.68521722112307,SP.RUR.TOTL.ZS,0.05,5.0
IND,2005,63.689,63.72698227970328,SP.DYN.LE00.MA.IN,10.0,10.0
IND,2006,64.091,64.11132964578898,SP.DYN.LE00.MA.IN,10.0,10.0
IND,2007,64.499,64.50555999527838,SP.DYN.LE00.MA.IN,10.0,10.0
IND,2008,64.91,64.9138568991948,SP.DYN.LE00.MA.IN,10.0,10.0
IND,2009,65.32,65.32293748252903,SP.DYN.LE00.MA.IN,10.0,10.0
IND,2010,65.723,65.72950055411198,SP.DYN.LE00.MA.IN,10.0,10.0
IND,2011,66.115,66.14801483735839,SP.DYN.LE00.MA.IN,10.0,10.0
IND,2012,66.488,66.55703118745004,SP.DYN.LE00.MA.IN,10.0,10.0
IND,2013,66.84,66.94084520149607,SP.DYN.LE00.MA.IN,10.0,10.0
IND,2014,67.167,67.26859808434173,SP.DYN.LE00.MA.IN,10.0,10.0
IND,2015,67.468,67.64847152926332,SP.DYN.LE00.MA.IN,10.0,10.0
IND,2016,67.745,67.95586272062212,SP.DYN.LE00.MA.IN,10.0,10.0
IND,2017,68.0,68.19609654300501,SP.DYN.LE00.MA.IN,10.0,10.0
IND,2018,68.239,68.46704936568722,SP.DYN.LE00.MA.IN,10.0,10.0
IND,2019,68.464,68.71319841860378,SP.DYN.LE00.MA.IN,10.0,10.0
IND,2005,64.5,64.52668274923315,SP.DYN.LE00.IN,10.0,10.0
IND,2006,64.918,64.86657283528957,SP.DYN.LE00.IN,10.0,10.0
IND,2007,65.35,65.23955753603538,SP.DYN.LE00.IN,10.0,10.0
IND,2008,65.794,65.73714368973151,SP.DYN.LE00.IN,10.0,10.0
IND,2009,66.244,66.17521079466358,SP.DYN.LE00.IN,10.0,10.0
IND,2010,66.693,66.59457205564075,SP.DYN.LE00.IN,10.0,10.0
IND,2011,67.13,67.14542433471493,SP.DYN.LE00.IN,10.0,10.0
IND,2012,67.545,67.59627220923826,SP.DYN.LE00.IN,10.0,10.0
IND,2013,67.931,68.03133666147649,SP.DYN.LE00.IN,10.0,10.0
IND,2014,68.286,68.41123277997173,SP.DYN.LE00.IN,10.0,10.0
IND,2015,68.607,68.80649814082545,SP.DYN.LE00.IN,10.0,10.0
IND,2016,68.897,69.13346993856175,SP.DYN.LE00.IN,10.0,10.0
IND,2017,69.165,69.37397933162856,SP.DYN.LE00.IN,10.0,10.0
IND,2018,69.416,69.6541565501898,SP.DYN.LE00.IN,10.0,10.0
IND,2019,69.656,69.91818036426805,SP.DYN.LE00.IN,10.0,10.0
IND,2005,820381595512.902,777382547603.4287,NY.GDP.MKTP.CD,0.05,10.0
IND,2006,940259888792.141,895794936106.194,NY.GDP.MKTP.CD,0.05,10.0
IND,2007,1216735441524.86,1023035688219.2852,NY.GDP.MKTP.CD,0.05,10.0
IND,2008,1198895582137.51,1566559698348.1982,NY.GDP.MKTP.CD,0.05,10.0
IND,2009,1341886602798.69,1408089045884.798,NY.GDP.MKTP.CD,0.05,10.0
IND,2010,1675615335600.56,1637340712139.52,NY.GDP.MKTP.CD,0.05,10.0
IND,2011,1823049927772.05,1890588157559.772,NY.GDP.MKTP.CD,0.05,10.0
IND,2012,1827637859136.23,2112222193613.6245,NY.GDP.MKTP.CD,0.05,10.0
IND,2013,1856722121394.42,2161590534391.3208,NY.GDP.MKTP.CD,0.05,10.0
IND,2014,2039127446299.3,1938334759282.2195,NY.GDP.MKTP.CD,0.05,10.0
IND,2015,2103587813812.2,2059144108953.1946,NY.GDP.MKTP.CD,0.05,10.0
IND,2016,2294797980509.51,2056569131099.85,NY.GDP.MKTP.CD,0.05,10.0
IND,2017,2651472946375.05,2301804299958.2446,NY.GDP.MKTP.CD,0.05,10.0
IND,2018,2701111782774.57,2600433052925.24,NY.GDP.MKTP.CD,0.05,10.0
IND,2019,2870504096717.48,2672919119982.8,NY.GDP.MKTP.CD,0.05,10.0
IND,2005,22.396422920159,18.80868184713704,NE.IMP.GNFS.ZS,0.1,10.0
IND,2006,24.4565390769537,22.633513179460408,NE.IMP.GNFS.ZS,0.1,10.0
IND,2007,24.8865689304956,25.25882833609242,NE.IMP.GNFS.ZS,0.1,10.0
IND,2008,29.2708631790835,26.485708786197883,NE.IMP.GNFS.ZS,0.1,10.0
IND,2009,25.8723502686493,30.5942678934804,NE.IMP.GNFS.ZS,0.1,10.0
IND,2010,26.8542732486568,27.393423452309406,NE.IMP.GNFS.ZS,0.1,10.0
IND,2011,31.0834686939485,26.596480271880953,NE.IMP.GNFS.ZS,0.1,10.0
IND,2012,31.259291067324,30.64802168040851,NE.IMP.GNFS.ZS,0.1,10.0
IND,2013,28.4132706461605,31.324046005087055,NE.IMP.GNFS.ZS,0.1,10.0
IND,2014,25.9542227389401,29.411128544325408,NE.IMP.GNFS.ZS,0.1,10.0
IND,2015,22.1097247094659,29.194363529182418,NE.IMP.GNFS.ZS,0.1,10.0
IND,2016,20.9242508026768,25.301188012619036,NE.IMP.GNFS.ZS,0.1,10.0
IND,2017,21.9507321152231,21.164092628244852,NE.IMP.GNFS.ZS,0.1,10.0
IND,2018,23.6574164799281,22.801330742793105,NE.IMP.GNFS.ZS,0.1,10.0
IND,2019,20.9573845344725,24.162779914771605,NE.IMP.GNFS.ZS,0.1,10.0
IND,2005,19.6052466949414,17.539526338801828,NE.EXP.GNFS.ZS,10.0,10.0
IND,2006,21.2679414220966,20.49869914908707,NE.EXP.GNFS.ZS,10.0,10.0
IND,2007,20.7996997489457,22.622348540308565,NE.EXP.GNFS.ZS,10.0,10.0
IND,2008,24.0973572601391,23.003801964775313,NE.EXP.GNFS.ZS,10.0,10.0
IND,2009,20.4005193744525,24.870080234401392,NE.EXP.GNFS.ZS,10.0,10.0
IND,2010,22.4009332488238,24.196812698602812,NE.EXP.GNFS.ZS,10.0,10.0
IND,2011,24.5404113195634,22.305020278626657,NE.EXP.GNFS.ZS,10.0,10.0
IND,2012,24.5344306614108,24.758944512749846,NE.EXP.GNFS.ZS,10.0,10.0
IND,2013,25.4308613005206,25.503420159057647,NE.EXP.GNFS.ZS,10.0,10.0
IND,2014,22.9679630081088,26.36600908792669,NE.EXP.GNFS.ZS,10.0,10.0
IND,2015,19.8131891564097,25.925400356527536,NE.EXP.GNFS.ZS,10.0,10.0
IND,2016,19.1582349105904,22.828717932355897,NE.EXP.GNFS.ZS,10.0,10.0
IND,2017,18.7917648392972,19.62858541566748,NE.EXP.GNFS.ZS,10.0,10.0
IND,2018,19.9412406764114,19.283802429921263,NE.EXP.GNFS.ZS,10.0,10.0
IND,2019,18.4293865080003,20.074165929798184,NE.EXP.GNFS.ZS,10.0,10.0
IND,2005,7.92343062149763,9.098892362481244,NY.GDP.MKTP.KD.ZG,10.0,0.5
IND,2006,8.06073257303272,9.470367243583617,NY.GDP.MKTP.KD.ZG,10.0,0.5
IND,2007,7.66081506504928,9.273984506339616,NY.GDP.MKTP.KD.ZG,10.0,0.5
IND,2008,3.08669805953289,8.534141234033711,NY.GDP.MKTP.KD.ZG,10.0,0.5
IND,2009,7.86188883303498,6.455986494310672,NY.GDP.MKTP.KD.ZG,10.0,0.5
IND,2010,8.49758470158106,6.534597935142273,NY.GDP.MKTP.KD.ZG,10.0,0.5
IND,2011,5.2413150014405,5.6200164198649425,NY.GDP.MKTP.KD.ZG,10.0,0.5
IND,2012,5.45638875293319,7.262109103047859,NY.GDP.MKTP.KD.ZG,10.0,0.5
IND,2013,6.38610640092348,6.014911511903751,NY.GDP.MKTP.KD.ZG,10.0,0.5
IND,2014,7.41022760516408,5.9806490431185395,NY.GDP.MKTP.KD.ZG,10.0,0.5
IND,2015,7.99625378566586,10.272052255862956,NY.GDP.MKTP.KD.ZG,10.0,0.5
IND,2016,8.25630550178155,9.084944884631156,NY.GDP.MKTP.KD.ZG,10.0,0.5
IND,2017,6.79538341898569,7.579104581024206,NY.GDP.MKTP.KD.ZG,10.0,0.5
IND,2018,6.53298901141864,7.419293340532834,NY.GDP.MKTP.KD.ZG,10.0,0.5
IND,2019,4.04155418650819,6.357988366269728,NY.GDP.MKTP.KD.ZG,10.0,0.5
IND,2005,74.5,74.32692452031522,SH.DYN.MORT,0.05,10.0
IND,2006,71.2,70.88325363260209,SH.DYN.MORT,0.05,10.0
IND,2007,67.9,67.45966297835264,SH.DYN.MORT,0.05,10.0
IND,2008,64.7,64.52605155638,SH.DYN.MORT,0.05,10.0
IND,2009,61.4,61.41191869558397,SH.DYN.MORT,0.05,10.0
IND,2010,58.2,57.97257916095856,SH.DYN.MORT,0.05,10.0
IND,2011,55.1,55.08416213681865,SH.DYN.MORT,0.05,10.0
IND,2012,52.0,52.052251898732045,SH.DYN.MORT,0.05,10.0
IND,2013,49.1,48.92096434289269,SH.DYN.MORT,0.05,10.0
IND,2014,46.2,46.186613880528036,SH.DYN.MORT,0.05,10.0
IND,2015,43.5,43.38736755542338,SH.DYN.MORT,0.05,10.0
IND,2016,40.9,40.89410363808845,SH.DYN.MORT,0.05,10.0
IND,2017,38.5,38.610797091211246,SH.DYN.MORT,0.05,10.0
IND,2018,36.3,36.331842293868924,SH.DYN.MORT,0.05,10.0
IND,2019,34.3,34.17544831846473,SH.DYN.MORT,0.05,10.0
IND,2005,449.76585702652,444.61973338970563,EG.USE.PCAP.KG.OE,0.05,10.0
IND,2006,466.138261080584,455.5659593776493,EG.USE.PCAP.KG.OE,0.05,10.0
IND,2007,485.099628652313,470.1535578935753,EG.USE.PCAP.KG.OE,0.05,10.0
IND,2008,501.559636179128,504.31872218679143,EG.USE.PCAP.KG.OE,0.05,10.0
IND,2009,544.626597293667,520.1298121350837,EG.USE.PCAP.KG.OE,0.05,10.0
IND,2010,561.653405869891,565.0682349834043,EG.USE.PCAP.KG.OE,0.05,10.0
IND,2011,577.994426290311,583.9912588177717,EG.USE.PCAP.KG.OE,0.05,10.0
IND,2012,599.155619780044,602.628741099389,EG.USE.PCAP.KG.OE,0.05,10.0
IND,2013,605.794037758373,629.2632249624301,EG.USE.PCAP.KG.OE,0.05,10.0
IND,2014,636.57183398644,631.1679693532567,EG.USE.PCAP.KG.OE,0.05,10.0
IND,2015,636.57183398644,656.2922462997095,EG.USE.PCAP.KG.OE,0.05,10.0
IND,2016,636.57183398644,658.6339360631089,EG.USE.PCAP.KG.OE,0.05,10.0
IND,2017,636.57183398644,645.5579026710989,EG.USE.PCAP.KG.OE,0.05,10.0
IND,2018,636.57183398644,643.417402652662,EG.USE.PCAP.KG.OE,0.05,10.0
IND,2019,636.57183398644,644.4472401403037,EG.USE.PCAP.KG.OE,0.05,10.0
IND,2005,1969680.0,1976294.5648854089,EN.ATM.GHGT.KT.CE,10.0,10.0
IND,2006,2065570.0,2120380.3617595737,EN.ATM.GHGT.KT.CE,10.0,10.0
IND,2007,2209240.0,2246729.299518036,EN.ATM.GHGT.KT.CE,10.0,10.0
IND,2008,2309340.0,2363784.915032676,EN.ATM.GHGT.KT.CE,10.0,10.0
IND,2009,2452660.0,2442300.8879670426,EN.ATM.GHGT.KT.CE,10.0,10.0
IND,2010,2564130.0,2627601.8424393195,EN.ATM.GHGT.KT.CE,10.0,10.0
IND,2011,2671200.0,2672631.4404067965,EN.ATM.GHGT.KT.CE,10.0,10.0
IND,2012,2814000.0,2789669.489521807,EN.ATM.GHGT.KT.CE,10.0,10.0
IND,2013,2875980.0,2951209.147613271,EN.ATM.GHGT.KT.CE,10.0,10.0
IND,2014,3048790.0,3005967.9144763006,EN.ATM.GHGT.KT.CE,10.0,10.0
IND,2015,3063650.0,3167641.5403308347,EN.ATM.GHGT.KT.CE,10.0,10.0
IND,2016,3103110.0,3180317.1788231013,EN.ATM.GHGT.KT.CE,10.0,10.0
IND,2017,3229920.0,3129042.53645344,EN.ATM.GHGT.KT.CE,10.0,10.0
IND,2018,3374990.0,3191200.1050849,EN.ATM.GHGT.KT.CE,10.0,10.0
IND,2019,3374990.0,3318492.818793956,EN.ATM.GHGT.KT.CE,10.0,10.0
IND,2005,17.6202069547056,16.844834629488098,NV.AGR.TOTL.ZS,10.0,0.05
IND,2006,16.8094420943591,15.35689312437395,NV.AGR.TOTL.ZS,10.0,0.05
IND,2007,16.750119759587,14.628551271317624,NV.AGR.TOTL.ZS,10.0,0.05
IND,2008,16.7909423598037,15.656656509176052,NV.AGR.TOTL.ZS,10.0,0.05
IND,2009,16.744270156395,15.82322304931204,NV.AGR.TOTL.ZS,10.0,0.05
IND,2010,17.0265090139755,15.803845706994938,NV.AGR.TOTL.ZS,10.0,0.05
IND,2011,17.1919735574898,17.259975363612977,NV.AGR.TOTL.ZS,10.0,0.05
IND,2012,16.8453770659702,17.061401935212334,NV.AGR.TOTL.ZS,10.0,0.05
IND,2013,17.148423543466,17.648932545595812,NV.AGR.TOTL.ZS,10.0,0.05
IND,2014,16.7919345145807,17.500016402662155,NV.AGR.TOTL.ZS,10.0,0.05
IND,2015,16.17450810661,16.72187302096659,NV.AGR.TOTL.ZS,10.0,0.05
IND,2016,16.3638005613987,16.223568624561423,NV.AGR.TOTL.ZS,10.0,0.05
IND,2017,16.5583314047008,15.719988220091839,NV.AGR.TOTL.ZS,10.0,0.05
IND,2018,15.9701574808791,15.773767105772134,NV.AGR.TOTL.ZS,10.0,0.05
IND,2019,16.6774623971688,15.834158807690272,NV.AGR.TOTL.ZS,10.0,0.05
IND,2005,40.0679804782779,36.19802750838684,FS.AST.PRVT.GD.ZS,0.05,10.0
IND,2006,43.6277524332218,41.68121806765217,FS.AST.PRVT.GD.ZS,0.05,10.0
IND,2007,45.627764745807,46.04537487185352,FS.AST.PRVT.GD.ZS,0.05,10.0
IND,2008,49.559366687116,49.61660630640737,FS.AST.PRVT.GD.ZS,0.05,10.0
IND,2009,48.1244479114314,52.55868514619425,FS.AST.PRVT.GD.ZS,0.05,10.0
IND,2010,50.5553749785886,53.770459967095704,FS.AST.PRVT.GD.ZS,0.05,10.0
IND,2011,51.2892331325282,52.10326191656076,FS.AST.PRVT.GD.ZS,0.05,10.0
IND,2012,51.8885076473311,53.88896181986207,FS.AST.PRVT.GD.ZS,0.05,10.0
IND,2013,52.3857095169752,54.30037433416339,FS.AST.PRVT.GD.ZS,0.05,10.0
IND,2014,51.8821873589436,53.7280486150035,FS.AST.PRVT.GD.ZS,0.05,10.0
IND,2015,51.8675240772184,55.779377527120026,FS.AST.PRVT.GD.ZS,0.05,10.0
IND,2016,49.1012254191341,55.33359929461646,FS.AST.PRVT.GD.ZS,0.05,10.0
IND,2017,48.794021399068,48.70511962064559,FS.AST.PRVT.GD.ZS,0.05,10.0
IND,2018,50.3720419689919,49.015719616067166,FS.AST.PRVT.GD.ZS,0.05,10.0
IND,2019,50.1255537826717,50.41412840904904,FS.AST.PRVT.GD.ZS,0.05,10.0
ITA,2005,67.738,67.67974731066425,SP.URB.TOTL.IN.ZS,0.05,10.0
ITA,2006,67.856,67.80622367067579,SP.URB.TOTL.IN.ZS,0.05,10.0
ITA,2007,67.974,67.9360107727926,SP.URB.TOTL.IN.ZS,0.05,10.0
ITA,2008,68.092,68.10518785818252,SP.URB.TOTL.IN.ZS,0.05,10.0
ITA,2009,68.209,68.22805865399543,SP.URB.TOTL.IN.ZS,0.05,10.0
ITA,2010,68.327,68.3463556914449,SP.URB.TOTL.IN.ZS,0.05,10.0
ITA,2011,68.444,68.41777593250929,SP.URB.TOTL.IN.ZS,0.05,10.0
ITA,2012,68.684,68.57122859210205,SP.URB.TOTL.IN.ZS,0.05,10.0
ITA,2013,68.979,68.76492354021367,SP.URB.TOTL.IN.ZS,0.05,10.0
ITA,2014,69.272,69.08017898408461,SP.URB.TOTL.IN.ZS,0.05,10.0
ITA,2015,69.565,69.34761074822177,SP.URB.TOTL.IN.ZS,0.05,10.0
ITA,2016,69.855,69.63518160229742,SP.URB.TOTL.IN.ZS,0.05,10.0
ITA,2017,70.144,70.09687697160582,SP.URB.TOTL.IN.ZS,0.05,10.0
ITA,2018,70.438,70.37298222995729,SP.URB.TOTL.IN.ZS,0.05,10.0
ITA,2019,70.736,70.7017077733858,SP.URB.TOTL.IN.ZS,0.05,10.0
ITA,2005,32.262,32.316981428829834,SP.RUR.TOTL.ZS,0.05,10.0
ITA,2006,32.144,32.18987890190734,SP.RUR.TOTL.ZS,0.05,10.0
ITA,2007,32.026,32.059743758292264,SP.RUR.TOTL.ZS,0.05,10.0
ITA,2008,31.908,31.89350460923673,SP.RUR.TOTL.ZS,0.05,10.0
ITA,2009,31.791,31.77023425319681,SP.RUR.TOTL.ZS,0.05,10.0
ITA,2010,31.673,31.65154563841682,SP.RUR.TOTL.ZS,0.05,10.0
ITA,2011,31.556,31.581806126367173,SP.RUR.TOTL.ZS,0.05,10.0
ITA,2012,31.316,31.42808041839212,SP.RUR.TOTL.ZS,0.05,10.0
ITA,2013,31.021,31.233754066718788,SP.RUR.TOTL.ZS,0.05,10.0
ITA,2014,30.728,30.902275495804204,SP.RUR.TOTL.ZS,0.05,10.0
ITA,2015,30.435,30.629188645669913,SP.RUR.TOTL.ZS,0.05,10.0
ITA,2016,30.145,30.33685647561272,SP.RUR.TOTL.ZS,0.05,10.0
ITA,2017,29.856,29.869506908158055,SP.RUR.TOTL.ZS,0.05,10.0
ITA,2018,29.562,29.588553814200388,SP.RUR.TOTL.ZS,0.05,10.0
ITA,2019,29.264,29.246469836889176,SP.RUR.TOTL.ZS,0.05,10.0
ITA,2005,78.1,78.1042630344201,SP.DYN.LE00.MA.IN,0.05,10.0
ITA,2006,78.6,78.43980666123701,SP.DYN.LE00.MA.IN,0.05,10.0
ITA,2007,78.8,78.76724740961257,SP.DYN.LE00.MA.IN,0.05,10.0
ITA,2008,78.9,79.11310750349676,SP.DYN.LE00.MA.IN,0.05,10.0
ITA,2009,79.1,79.25458085976942,SP.DYN.LE00.MA.IN,0.05,10.0
ITA,2010,79.5,79.40748452418218,SP.DYN.LE00.MA.IN,0.05,10.0
ITA,2011,79.7,79.84466495030082,SP.DYN.LE00.MA.IN,0.05,10.0
ITA,2012,79.8,79.9936508143355,SP.DYN.LE00.MA.IN,0.05,10.0
ITA,2013,80.3,80.0726647530057,SP.DYN.LE00.MA.IN,0.05,10.0
ITA,2014,80.7,80.36059444965002,SP.DYN.LE00.MA.IN,0.05,10.0
ITA,2015,80.3,80.86523984314105,SP.DYN.LE00.MA.IN,0.05,10.0
ITA,2016,81.0,80.95251764942827,SP.DYN.LE00.MA.IN,0.05,10.0
ITA,2017,80.8,80.82480013723605,SP.DYN.LE00.MA.IN,0.05,10.0
ITA,2018,81.2,81.27143779488435,SP.DYN.LE00.MA.IN,0.05,10.0
ITA,2019,81.1,81.20986219797831,SP.DYN.LE00.MA.IN,0.05,10.0
ITA,2005,80.7829268292683,80.68975299625292,SP.DYN.LE00.IN,0.05,10.0
ITA,2006,81.2829268292683,81.1250331440273,SP.DYN.LE00.IN,0.05,10.0
ITA,2007,81.4341463414634,81.32216812355816,SP.DYN.LE00.IN,0.05,10.0
ITA,2008,81.4853658536585,81.69607876248736,SP.DYN.LE00.IN,0.05,10.0
ITA,2009,81.6365853658537,81.7887039315998,SP.DYN.LE00.IN,0.05,10.0
ITA,2010,82.0365853658537,81.88818842110734,SP.DYN.LE00.IN,0.05,10.0
ITA,2011,82.1878048780488,82.3422800552958,SP.DYN.LE00.IN,0.05,10.0
ITA,2012,82.2390243902439,82.4573255796445,SP.DYN.LE00.IN,0.05,10.0
ITA,2013,82.690243902439,82.46931219433,SP.DYN.LE00.IN,0.05,10.0
ITA,2014,83.090243902439,82.68168790103599,SP.DYN.LE00.IN,0.05,10.0
ITA,2015,82.5439024390244,83.15617277700034,SP.DYN.LE00.IN,0.05,10.0
ITA,2016,83.2439024390244,83.19798357575937,SP.DYN.LE00.IN,0.05,10.0
ITA,2017,82.9463414634147,82.95743727802366,SP.DYN.LE00.IN,0.05,10.0
ITA,2018,83.3463414634146,83.37554580015865,SP.DYN.LE00.IN,0.05,10.0
ITA,2019,83.1975609756098,83.2385530424027,SP.DYN.LE00.IN,0.05,10.0
ITA,2005,1857524312896.41,1750215967374.5183,NY.GDP.MKTP.CD,0.05,2.0
ITA,2006,1947919708944.93,1730428892106.8447,NY.GDP.MKTP.CD,0.05,2.0
ITA,2007,2210292636189.43,1838696510481.8064,NY.GDP.MKTP.CD,0.05,2.0
ITA,2008,2398856598798.89,2355952488844.9243,NY.GDP.MKTP.CD,0.05,2.0
ITA,2009,2191241872742.43,2491431822311.5825,NY.GDP.MKTP.CD,0.05,2.0
ITA,2010,2134017843247.16,2204707019870.9937,NY.GDP.MKTP.CD,0.05,2.0
ITA,2011,2291991045770.29,2059909323594.499,NY.GDP.MKTP.CD,0.05,2.0
ITA,2012,2087077032435.15,2370960104144.625,NY.GDP.MKTP.CD,0.05,2.0
ITA,2013,2141315327318.21,2083894900187.8518,NY.GDP.MKTP.CD,0.05,2.0
ITA,2014,2159133919743.77,2157264341394.2773,NY.GDP.MKTP.CD,0.05,2.0
ITA,2015,1835899237320.04,2122102612318.548,NY.GDP.MKTP.CD,0.05,2.0
ITA,2016,1875797463583.87,1769343584867.4143,NY.GDP.MKTP.CD,0.05,2.0
ITA,2017,1956950469673.29,1915280734536.0479,NY.GDP.MKTP.CD,0.05,2.0
ITA,2018,2091117091124.1,1956979593521.5022,NY.GDP.MKTP.CD,0.05,2.0
ITA,2019,2004913357800.0,2111362607150.0393,NY.GDP.MKTP.CD,0.05,2.0
ITA,2005,24.6999183803436,23.26235851557736,NE.IMP.GNFS.ZS,0.05,10.0
ITA,2006,26.9946907515411,24.382648465627238,NE.IMP.GNFS.ZS,0.05,10.0
ITA,2007,27.7004133784664,26.19460336507492,NE.IMP.GNFS.ZS,0.05,10.0
ITA,2008,27.6301011040243,28.346022294646595,NE.IMP.GNFS.ZS,0.05,10.0
ITA,2009,23.0196000534853,28.4435563301151,NE.IMP.GNFS.ZS,0.05,10.0
ITA,2010,26.932138522965,24.46053804617504,NE.IMP.GNFS.ZS,0.05,10.0
ITA,2011,28.2730589939396,25.453484827272263,NE.IMP.GNFS.ZS,0.05,10.0
ITA,2012,27.2754780086443,27.672207584815208,NE.IMP.GNFS.ZS,0.05,10.0
ITA,2013,26.2343363170751,27.72113501040638,NE.IMP.GNFS.ZS,0.05,10.0
ITA,2014,26.2132869642331,26.992753213409497,NE.IMP.GNFS.ZS,0.05,10.0
ITA,2015,26.7021937892476,27.142017253030097,NE.IMP.GNFS.ZS,0.05,10.0
ITA,2016,26.0397120675783,27.679517037927408,NE.IMP.GNFS.ZS,0.05,10.0
ITA,2017,27.8704426276557,26.25343508849961,NE.IMP.GNFS.ZS,0.05,10.0
ITA,2018,28.947142186469,27.710339263746018,NE.IMP.GNFS.ZS,0.05,10.0
ITA,2019,28.4122904070289,28.899603988399157,NE.IMP.GNFS.ZS,0.05,10.0
ITA,2005,24.6010923817882,24.261212513474057,NE.EXP.GNFS.ZS,5.0,10.0
ITA,2006,26.1734884330826,24.868753420107893,NE.EXP.GNFS.ZS,5.0,10.0
ITA,2007,27.3610422532316,26.39099342706772,NE.EXP.GNFS.ZS,5.0,10.0
ITA,2008,26.8627746947944,28.309984225301907,NE.EXP.GNFS.ZS,5.0,10.0
ITA,2009,22.3991617339964,27.875910152576317,NE.EXP.GNFS.ZS,5.0,10.0
ITA,2010,25.0740498513169,23.628562313149203,NE.EXP.GNFS.ZS,5.0,10.0
ITA,2011,26.8724634660876,24.115770555231393,NE.EXP.GNFS.ZS,5.0,10.0
ITA,2012,28.3792428359574,26.12181071444781,NE.EXP.GNFS.ZS,5.0,10.0
ITA,2013,28.6332430796987,27.73848235702808,NE.EXP.GNFS.ZS,5.0,10.0
ITA,2014,29.1088281864091,28.875358414770353,NE.EXP.GNFS.ZS,5.0,10.0
ITA,2015,29.7159823723612,29.216093863234047,NE.EXP.GNFS.ZS,5.0,10.0
ITA,2016,29.3278907466434,29.770310965075367,NE.EXP.GNFS.ZS,5.0,10.0
ITA,2017,30.733733319636,29.199444360389595,NE.EXP.GNFS.ZS,5.0,10.0
ITA,2018,31.3504623226266,30.352595020362973,NE.EXP.GNFS.ZS,5.0,10.0
ITA,2019,31.6957979922851,31.14441778225749,NE.EXP.GNFS.ZS,5.0,10.0
ITA,2005,0.817848973650598,1.549592047063991,NY.GDP.MKTP.KD.ZG,10.0,5.0
ITA,2006,1.79063968081796,1.3499147793889241,NY.GDP.MKTP.KD.ZG,10.0,5.0
ITA,2007,1.48707298036786,1.5118270443164645,NY.GDP.MKTP.KD.ZG,10.0,5.0
ITA,2008,-0.962012840579291,0.9284394459254983,NY.GDP.MKTP.KD.ZG,10.0,5.0
ITA,2009,-5.2809372082931,1.1396881000601455,NY.GDP.MKTP.KD.ZG,10.0,5.0
ITA,2010,1.71329583916922,1.5242485597812294,NY.GDP.MKTP.KD.ZG,10.0,5.0
ITA,2011,0.707333347034435,2.2653467239864273,NY.GDP.MKTP.KD.ZG,10.0,5.0
ITA,2012,-2.98090576823772,-0.8589705331658557,NY.GDP.MKTP.KD.ZG,10.0,5.0
ITA,2013,-1.84106545088248,-0.6983487213103459,NY.GDP.MKTP.KD.ZG,10.0,5.0
ITA,2014,-0.0045475423638379,1.6538450985080146,NY.GDP.MKTP.KD.ZG,10.0,5.0
ITA,2015,0.778304350716581,2.4587323232259806,NY.GDP.MKTP.KD.ZG,10.0,5.0
ITA,2016,1.29346273155907,2.39697035648096,NY.GDP.MKTP.KD.ZG,10.0,5.0
ITA,2017,1.66785904106857,1.1459823524760555,NY.GDP.MKTP.KD.ZG,10.0,5.0
ITA,2018,0.941737193371978,1.2026044434931293,NY.GDP.MKTP.KD.ZG,10.0,5.0
ITA,2019,0.287449937139201,0.8653921075769784,NY.GDP.MKTP.KD.ZG,10.0,5.0
ITA,2005,4.5,4.3853589680776475,SH.DYN.MORT,0.05,5.0
ITA,2006,4.3,4.2753723615661094,SH.DYN.MORT,0.05,5.0
ITA,2007,4.2,4.115241021530877,SH.DYN.MORT,0.05,5.0
ITA,2008,4.1,4.078131729918775,SH.DYN.MORT,0.05,5.0
ITA,2009,4.1,3.9802803288576136,SH.DYN.MORT,0.05,5.0
ITA,2010,4.0,3.9636626094402354,SH.DYN.MORT,0.05,5.0
ITA,2011,3.9,3.8655677717491637,SH.DYN.MORT,0.05,5.0
ITA,2012,3.8,3.8335321890362195,SH.DYN.MORT,0.05,5.0
ITA,2013,3.7,3.7784484134710317,SH.DYN.MORT,0.05,5.0
ITA,2014,3.6,3.7030807774569965,SH.DYN.MORT,0.05,5.0
ITA,2015,3.5,3.620880682590129,SH.DYN.MORT,0.05,5.0
ITA,2016,3.4,3.543036584587427,SH.DYN.MORT,0.05,5.0
ITA,2017,3.3,3.338049815871728,SH.DYN.MORT,0.05,5.0
ITA,2018,3.2,3.238847275438366,SH.DYN.MORT,0.05,5.0
ITA,2019,3.1,3.175079538308939,SH.DYN.MORT,0.05,5.0
ITA,2005,3214.67412061146,3206.8282158912666,EG.USE.PCAP.KG.OE,0.05,0.05
ITA,2006,3175.79987086883,3238.6661851334034,EG.USE.PCAP.KG.OE,0.05,0.05
ITA,2007,3149.57655346296,3228.7730286457463,EG.USE.PCAP.KG.OE,0.05,0.05
ITA,2008,3087.5663310273,3157.7930621715936,EG.USE.PCAP.KG.OE,0.05,0.05
ITA,2009,2869.92071205584,3131.8550002411516,EG.USE.PCAP.KG.OE,0.05,0.05
ITA,2010,2930.58852412547,2976.36113656364,EG.USE.PCAP.KG.OE,0.05,0.05
ITA,2011,2828.40489139601,2877.2286632711302,EG.USE.PCAP.KG.OE,0.05,0.05
ITA,2012,2709.29772810307,2752.860330688823,EG.USE.PCAP.KG.OE,0.05,0.05
ITA,2013,2579.47254262663,2615.5782152608244,EG.USE.PCAP.KG.OE,0.05,0.05
ITA,2014,2414.48400158318,2545.15832611269,EG.USE.PCAP.KG.OE,0.05,0.05
ITA,2015,2481.75464546017,2439.136167915078,EG.USE.PCAP.KG.OE,0.05,0.05
ITA,2016,2481.75464546017,2390.3244569106428,EG.USE.PCAP.KG.OE,0.05,0.05
ITA,2017,2481.75464546017,2475.7785380571154,EG.USE.PCAP.KG.OE,0.05,0.05
ITA,2018,2481.75464546017,2502.431034699759,EG.USE.PCAP.KG.OE,0.05,0.05
ITA,2019,2481.75464546017,2445.402829509688,EG.USE.PCAP.KG.OE,0.05,0.05
ITA,2005,559870.0,556400.6349883837,EN.ATM.GHGT.KT.CE,0.05,0.05
ITA,2006,547470.0,562461.5662221782,EN.ATM.GHGT.KT.CE,0.05,0.05
ITA,2007,540720.0,556882.4920701575,EN.ATM.GHGT.KT.CE,0.05,0.05
ITA,2008,525850.0,543145.3547827187,EN.ATM.GHGT.KT.CE,0.05,0.05
ITA,2009,476970.0,532173.4217208448,EN.ATM.GHGT.KT.CE,0.05,0.05
ITA,2010,485460.0,485501.18347737496,EN.ATM.GHGT.KT.CE,0.05,0.05
ITA,2011,474590.0,476891.13921935135,EN.ATM.GHGT.KT.CE,0.05,0.05
ITA,2012,456710.0,460436.99248055206,EN.ATM.GHGT.KT.CE,0.05,0.05
ITA,2013,424930.0,443345.7718685366,EN.ATM.GHGT.KT.CE,0.05,0.05
ITA,2014,405240.0,414104.94173381897,EN.ATM.GHGT.KT.CE,0.05,0.05
ITA,2015,416150.0,398300.99930275406,EN.ATM.GHGT.KT.CE,0.05,0.05
ITA,2016,411450.0,407244.9504999545,EN.ATM.GHGT.KT.CE,0.05,0.05
ITA,2017,405770.0,413857.2217218465,EN.ATM.GHGT.KT.CE,0.05,0.05
ITA,2018,399600.0,411534.1398313234,EN.ATM.GHGT.KT.CE,0.05,0.05
ITA,2019,399600.0,397317.44006838836,EN.ATM.GHGT.KT.CE,0.05,0.05
ITA,2005,2.03359548344901,2.2754811691205563,NV.AGR.TOTL.ZS,0.05,10.0
ITA,2006,1.94583994660095,2.0484642424758857,NV.AGR.TOTL.ZS,0.05,10.0
ITA,2007,1.89628717350167,1.8934247433648521,NV.AGR.TOTL.ZS,0.05,10.0
ITA,2008,1.87462363361677,1.7622868932958111,NV.AGR.TOTL.ZS,0.05,10.0
ITA,2009,1.80273854103193,1.729503735681168,NV.AGR.TOTL.ZS,0.05,10.0
ITA,2010,1.77551453832278,1.6731881596548348,NV.AGR.TOTL.ZS,0.05,10.0
ITA,2011,1.88342627816685,1.7002378894453096,NV.AGR.TOTL.ZS,0.05,10.0
ITA,2012,1.9707531347602,1.7578849033653912,NV.AGR.TOTL.ZS,0.05,10.0
ITA,2013,2.14458980749233,1.8519109862978431,NV.AGR.TOTL.ZS,0.05,10.0
ITA,2014,1.99786088974992,2.1322495172815614,NV.AGR.TOTL.ZS,0.05,10.0
ITA,2015,2.06523676190304,2.0195527766725743,NV.AGR.TOTL.ZS,0.05,10.0
ITA,2016,1.9283733073049,2.0694597996937656,NV.AGR.TOTL.ZS,0.05,10.0
ITA,2017,1.97268467311393,1.9359512627319142,NV.AGR.TOTL.ZS,0.05,10.0
ITA,2018,1.94522823000827,1.9220629659702255,NV.AGR.TOTL.ZS,0.05,10.0
ITA,2019,1.90912433488196,1.9454681992096432,NV.AGR.TOTL.ZS,0.05,10.0
ITA,2005,70.8506286641726,69.80677289869163,FS.AST.PRVT.GD.ZS,0.05,10.0
ITA,2006,75.7718813607484,73.35344017851625,FS.AST.PRVT.GD.ZS,0.05,10.0
ITA,2007,81.7998788486635,79.48778314747136,FS.AST.PRVT.GD.ZS,0.05,10.0
ITA,2008,83.688740436737,88.91804385101096,FS.AST.PRVT.GD.ZS,0.05,10.0
ITA,2009,87.5648650291941,86.30326181071943,FS.AST.PRVT.GD.ZS,0.05,10.0
ITA,2010,93.0509631042264,92.238484269561,FS.AST.PRVT.GD.ZS,0.05,10.0
ITA,2011,94.0603211221456,98.58707735280922,FS.AST.PRVT.GD.ZS,0.05,10.0
ITA,2012,93.75903241076,97.94605212622201,FS.AST.PRVT.GD.ZS,0.05,10.0
ITA,2013,90.8424628149424,96.85804502402432,FS.AST.PRVT.GD.ZS,0.05,10.0
ITA,2014,88.6112226724549,87.46661779444986,FS.AST.PRVT.GD.ZS,0.05,10.0
ITA,2015,87.345191816861,85.81155304178975,FS.AST.PRVT.GD.ZS,0.05,10.0
ITA,2016,84.9436379620363,85.57248774564417,FS.AST.PRVT.GD.ZS,0.05,10.0
ITA,2017,80.7825530544639,83.59697648800768,FS.AST.PRVT.GD.ZS,0.05,10.0
ITA,2018,76.7090290008404,78.33186193122705,FS.AST.PRVT.GD.ZS,0.05,10.0
ITA,2019,74.2819349487406,75.41746296084119,FS.AST.PRVT.GD.ZS,0.05,10.0
JPN,2005,85.978,86.0943128207206,SP.URB.TOTL.IN.ZS,0.05,10.0
JPN,2006,87.118,87.36914390487685,SP.URB.TOTL.IN.ZS,0.05,10.0
JPN,2007,88.146,88.36095228143013,SP.URB.TOTL.IN.ZS,0.05,10.0
JPN,2008,89.103,89.15088031969589,SP.URB.TOTL.IN.ZS,0.05,10.0
JPN,2009,89.989,90.0400096182888,SP.URB.TOTL.IN.ZS,0.05,10.0
JPN,2010,90.812,90.86864403874294,SP.URB.TOTL.IN.ZS,0.05,10.0
JPN,2011,91.069,91.69498869337984,SP.URB.TOTL.IN.ZS,0.05,10.0
JPN,2012,91.148,91.46473740825134,SP.URB.TOTL.IN.ZS,0.05,10.0
JPN,2013,91.226,91.36782081607879,SP.URB.TOTL.IN.ZS,0.05,10.0
JPN,2014,91.304,91.30886685359123,SP.URB.TOTL.IN.ZS,0.05,10.0
JPN,2015,91.381,91.27402480546398,SP.URB.TOTL.IN.ZS,0.05,10.0
JPN,2016,91.457,91.25959177995914,SP.URB.TOTL.IN.ZS,0.05,10.0
JPN,2017,91.535,91.48822564649784,SP.URB.TOTL.IN.ZS,0.05,10.0
JPN,2018,91.616,91.53254192503208,SP.URB.TOTL.IN.ZS,0.05,10.0
JPN,2019,91.698,91.63558704709409,SP.URB.TOTL.IN.ZS,0.05,10.0
JPN,2005,14.022,13.614627970000605,SP.RUR.TOTL.ZS,0.05,0.2
JPN,2006,12.882,12.116796332298541,SP.RUR.TOTL.ZS,0.05,0.2
JPN,2007,11.854,10.973049218805722,SP.RUR.TOTL.ZS,0.05,0.2
JPN,2008,10.897,10.905148565796292,SP.RUR.TOTL.ZS,0.05,0.2
JPN,2009,10.011,10.03036669045411,SP.RUR.TOTL.ZS,0.05,0.2
JPN,2010,9.188,9.195998329165002,SP.RUR.TOTL.ZS,0.05,0.2
JPN,2011,8.931,8.452864486696022,SP.RUR.TOTL.ZS,0.05,0.2
JPN,2012,8.852,8.63819838519262,SP.RUR.TOTL.ZS,0.05,0.2
JPN,2013,8.774,8.799847061486233,SP.RUR.TOTL.ZS,0.05,0.2
JPN,2014,8.696,8.798182976537328,SP.RUR.TOTL.ZS,0.05,0.2
JPN,2015,8.619,8.778454811655497,SP.RUR.TOTL.ZS,0.05,0.2
JPN,2016,8.54300000000001,8.740356384428079,SP.RUR.TOTL.ZS,0.05,0.2
JPN,2017,8.465,8.462828062611733,SP.RUR.TOTL.ZS,0.05,0.2
JPN,2018,8.384,8.309610346223511,SP.RUR.TOTL.ZS,0.05,0.2
JPN,2019,8.30200000000001,8.267684045953702,SP.RUR.TOTL.ZS,0.05,0.2
JPN,2005,78.53,78.79592125977774,SP.DYN.LE00.MA.IN,5.0,10.0
JPN,2006,79.0,78.89777789980846,SP.DYN.LE00.MA.IN,5.0,10.0
JPN,2007,79.19,79.08424132968523,SP.DYN.LE00.MA.IN,5.0,10.0
JPN,2008,79.29,79.49400501382453,SP.DYN.LE00.MA.IN,5.0,10.0
JPN,2009,79.59,79.67137085242004,SP.DYN.LE00.MA.IN,5.0,10.0
JPN,2010,79.55,79.86284798472342,SP.DYN.LE00.MA.IN,5.0,10.0
JPN,2011,79.44,79.84849480726635,SP.DYN.LE00.MA.IN,5.0,10.0
JPN,2012,79.94,79.76835517341586,SP.DYN.LE00.MA.IN,5.0,10.0
JPN,2013,80.21,79.89154353702722,SP.DYN.LE00.MA.IN,5.0,10.0
JPN,2014,80.5,80.33901009257934,SP.DYN.LE00.MA.IN,5.0,10.0
JPN,2015,80.75,80.61129228942994,SP.DYN.LE00.MA.IN,5.0,10.0
JPN,2016,80.98,80.88100941406147,SP.DYN.LE00.MA.IN,5.0,10.0
JPN,2017,81.09,81.23176300525492,SP.DYN.LE00.MA.IN,5.0,10.0
JPN,2018,81.25,81.35974399598238,SP.DYN.LE00.MA.IN,5.0,10.0
JPN,2019,81.41,81.52316942889324,SP.DYN.LE00.MA.IN,5.0,10.0
JPN,2005,81.9251219512195,82.21996734761234,SP.DYN.LE00.IN,5.0,10.0
JPN,2006,82.3219512195122,82.29723454029713,SP.DYN.LE00.IN,5.0,10.0
JPN,2007,82.5070731707317,82.42581473503816,SP.DYN.LE00.IN,5.0,10.0
JPN,2008,82.5875609756098,82.70285359269985,SP.DYN.LE00.IN,5.0,10.0
JPN,2009,82.9314634146342,82.83018846334264,SP.DYN.LE00.IN,5.0,10.0
JPN,2010,82.8426829268293,83.01911581348251,SP.DYN.LE00.IN,5.0,10.0
JPN,2011,82.5912195121951,83.17556497732909,SP.DYN.LE00.IN,5.0,10.0
JPN,2012,83.0960975609756,82.97861631827708,SP.DYN.LE00.IN,5.0,10.0
JPN,2013,83.3319512195122,83.02961198588693,SP.DYN.LE00.IN,5.0,10.0
JPN,2014,83.5878048780488,83.42313797556864,SP.DYN.LE00.IN,5.0,10.0
JPN,2015,83.7939024390244,83.6458827840174,SP.DYN.LE00.IN,5.0,10.0
JPN,2016,83.9848780487805,83.86552127420632,SP.DYN.LE00.IN,5.0,10.0
JPN,2017,84.099756097561,84.20652726991872,SP.DYN.LE00.IN,5.0,10.0
JPN,2018,84.2109756097561,84.33153430029205,SP.DYN.LE00.IN,5.0,10.0
JPN,2019,84.3563414634146,84.46710161516987,SP.DYN.LE00.IN,5.0,10.0
JPN,2005,4755410630912.14,5103387917904.524,NY.GDP.MKTP.CD,0.05,10.0
JPN,2006,4530377224970.4,5052912446699.105,NY.GDP.MKTP.CD,0.05,10.0
JPN,2007,4515264514430.57,4988119616498.573,NY.GDP.MKTP.CD,0.05,10.0
JPN,2008,5037908465114.48,5031421204562.595,NY.GDP.MKTP.CD,0.05,10.0
JPN,2009,5231382674593.7,5799569811255.332,NY.GDP.MKTP.CD,0.05,10.0
JPN,2010,5700098114744.41,5868815596451.002,NY.GDP.MKTP.CD,0.05,10.0
JPN,2011,6157459594823.72,5600050395591.12,NY.GDP.MKTP.CD,0.05,10.0
JPN,2012,6203213121334.12,6138602570331.53,NY.GDP.MKTP.CD,0.05,10.0
JPN,2013,5155717056270.83,6253189870168.0625,NY.GDP.MKTP.CD,0.05,10.0
JPN,2014,4850413536037.84,5011382083801.661,NY.GDP.MKTP.CD,0.05,10.0
JPN,2015,4389475622588.97,4973663990741.453,NY.GDP.MKTP.CD,0.05,10.0
JPN,2016,4922538141454.62,4672855735412.041,NY.GDP.MKTP.CD,0.05,10.0
JPN,2017,4866864409657.68,5353837114671.355,NY.GDP.MKTP.CD,0.05,10.0
JPN,2018,4954806619995.19,5049673888229.688,NY.GDP.MKTP.CD,0.05,10.0
JPN,2019,5064872875604.59,5267492472148.379,NY.GDP.MKTP.CD,0.05,10.0
JPN,2005,12.5030526614629,10.918608196767554,NE.IMP.GNFS.ZS,5.0,10.0
JPN,2006,14.458879322927,12.405243366951261,NE.IMP.GNFS.ZS,5.0,10.0
JPN,2007,15.6005719141407,14.115449185666899,NE.IMP.GNFS.ZS,5.0,10.0
JPN,2008,16.9749827016931,16.35481922229278,NE.IMP.GNFS.ZS,5.0,10.0
JPN,2009,11.9699857610097,17.83998067618608,NE.IMP.GNFS.ZS,5.0,10.0
JPN,2010,13.5762507297335,12.830989267725393,NE.IMP.GNFS.ZS,5.0,10.0
JPN,2011,15.4680067601598,13.14015685219007,NE.IMP.GNFS.ZS,5.0,10.0
JPN,2012,16.0913711326959,15.228254334804939,NE.IMP.GNFS.ZS,5.0,10.0
JPN,2013,18.2321241332052,15.576075952713936,NE.IMP.GNFS.ZS,5.0,10.0
JPN,2014,20.0054682452576,19.010469477760182,NE.IMP.GNFS.ZS,5.0,10.0
JPN,2015,18.0300451818283,21.01986804409816,NE.IMP.GNFS.ZS,5.0,10.0
JPN,2016,15.2754094393443,19.663405156170647,NE.IMP.GNFS.ZS,5.0,10.0
JPN,2017,16.8215858877511,15.573377575952707,NE.IMP.GNFS.ZS,5.0,10.0
JPN,2018,18.2915985454891,17.116616471084484,NE.IMP.GNFS.ZS,5.0,10.0
JPN,2019,17.3790811093456,18.59267871898851,NE.IMP.GNFS.ZS,5.0,10.0
JPN,2005,14.012441121792,12.978555140331707,NE.EXP.GNFS.ZS,2.0,10.0
JPN,2006,15.8729022962927,14.095770504454189,NE.EXP.GNFS.ZS,2.0,10.0
JPN,2007,17.4933165716298,15.857985122580521,NE.EXP.GNFS.ZS,2.0,10.0
JPN,2008,17.4240377234641,18.484829708501106,NE.EXP.GNFS.ZS,2.0,10.0
JPN,2009,12.5209141554358,18.27895177980038,NE.EXP.GNFS.ZS,2.0,10.0
JPN,2010,15.0367569834071,12.751183256092892,NE.EXP.GNFS.ZS,2.0,10.0
JPN,2011,14.9249962098743,14.89489922780884,NE.EXP.GNFS.ZS,2.0,10.0
JPN,2012,14.5447525563827,15.337940921864211,NE.EXP.GNFS.ZS,2.0,10.0
JPN,2013,15.9153981234384,14.985292226092248,NE.EXP.GNFS.ZS,2.0,10.0
JPN,2014,17.540301551347,16.35356033312664,NE.EXP.GNFS.ZS,2.0,10.0
JPN,2015,17.6109755367671,18.073736971368323,NE.EXP.GNFS.ZS,2.0,10.0
JPN,2016,16.2663956864248,18.498528287242593,NE.EXP.GNFS.ZS,2.0,10.0
JPN,2017,17.7518522711411,16.84816505315123,NE.EXP.GNFS.ZS,2.0,10.0
JPN,2018,18.524908818909,17.919049474163074,NE.EXP.GNFS.ZS,2.0,10.0
JPN,2019,17.5501127381524,18.825669760945704,NE.EXP.GNFS.ZS,2.0,10.0
JPN,2005,1.662670405285,1.9458466192988375,NY.GDP.MKTP.KD.ZG,10.0,10.0
JPN,2006,1.42000655604306,1.761383116419446,NY.GDP.MKTP.KD.ZG,10.0,10.0
JPN,2007,1.65418388105051,1.6393438429936884,NY.GDP.MKTP.KD.ZG,10.0,10.0
JPN,2008,-1.09354060044625,1.891557723688571,NY.GDP.MKTP.KD.ZG,10.0,10.0
JPN,2009,-5.41641279666185,1.438671880295154,NY.GDP.MKTP.KD.ZG,10.0,10.0
JPN,2010,4.19173925854747,1.5764809765707648,NY.GDP.MKTP.KD.ZG,10.0,10.0
JPN,2011,-0.115421339757418,4.924220374010661,NY.GDP.MKTP.KD.ZG,10.0,10.0
JPN,2012,1.49508958593034,-0.9240570330285496,NY.GDP.MKTP.KD.ZG,10.0,10.0
JPN,2013,2.00026784118108,1.74565775957798,NY.GDP.MKTP.KD.ZG,10.0,10.0
JPN,2014,0.374719476350435,0.8229196990732741,NY.GDP.MKTP.KD.ZG,10.0,10.0
JPN,2015,1.2229210410615,1.1278122302942757,NY.GDP.MKTP.KD.ZG,10.0,10.0
JPN,2016,0.521944455486121,1.3730370088583048,NY.GDP.MKTP.KD.ZG,10.0,10.0
JPN,2017,2.16829073737318,0.9588689666802989,NY.GDP.MKTP.KD.ZG,10.0,10.0
JPN,2018,0.323207337906922,0.5795375658136653,NY.GDP.MKTP.KD.ZG,10.0,10.0
JPN,2019,0.270308582079323,0.7932191511748913,NY.GDP.MKTP.KD.ZG,10.0,10.0
JPN,2005,3.7,3.7297175029146628,SH.DYN.MORT,1.0,10.0
JPN,2006,3.6,3.5701702211787034,SH.DYN.MORT,1.0,10.0
JPN,2007,3.5,3.4140012688668344,SH.DYN.MORT,1.0,10.0
JPN,2008,3.4,3.3708907920272715,SH.DYN.MORT,1.0,10.0
JPN,2009,3.3,3.2828347255602495,SH.DYN.MORT,1.0,10.0
JPN,2010,3.2,3.1732230731782183,SH.DYN.MORT,1.0,10.0
JPN,2011,3.2,3.096409405084926,SH.DYN.MORT,1.0,10.0
JPN,2012,3.0,3.0769106699209896,SH.DYN.MORT,1.0,10.0
JPN,2013,2.9,2.985237796985569,SH.DYN.MORT,1.0,10.0
JPN,2014,2.8,2.839066535362157,SH.DYN.MORT,1.0,10.0
JPN,2015,2.8,2.7649104243690856,SH.DYN.MORT,1.0,10.0
JPN,2016,2.7,2.7392664208048227,SH.DYN.MORT,1.0,10.0
JPN,2017,2.6,2.6894383895660656,SH.DYN.MORT,1.0,10.0
JPN,2018,2.5,2.5873269048492546,SH.DYN.MORT,1.0,10.0
JPN,2019,2.5,2.5135627250543546,SH.DYN.MORT,1.0,10.0
JPN,2005,4062.97904878182,4157.096121410286,EG.USE.PCAP.KG.OE,10.0,10.0
JPN,2006,4053.88343735824,4148.923327427566,EG.USE.PCAP.KG.OE,10.0,10.0
JPN,2007,4012.65424488871,4152.74173039029,EG.USE.PCAP.KG.OE,10.0,10.0
JPN,2008,3858.43452050944,3968.3714035091803,EG.USE.PCAP.KG.OE,10.0,10.0
JPN,2009,3678.51113263099,3807.0719936321607,EG.USE.PCAP.KG.OE,10.0,10.0
JPN,2010,3893.26660420083,3593.568704584579,EG.USE.PCAP.KG.OE,10.0,10.0
JPN,2011,3610.81216900174,3801.0014688567453,EG.USE.PCAP.KG.OE,10.0,10.0
JPN,2012,3537.3631698125,3660.7297547037124,EG.USE.PCAP.KG.OE,10.0,10.0
JPN,2013,3567.62935383891,3511.0517964934916,EG.USE.PCAP.KG.OE,10.0,10.0
JPN,2014,3470.76312894811,3482.8240931552964,EG.USE.PCAP.KG.OE,10.0,10.0
JPN,2015,3428.55721600428,3433.2497572736265,EG.USE.PCAP.KG.OE,10.0,10.0
JPN,2016,3428.55721600428,3337.6884742156544,EG.USE.PCAP.KG.OE,10.0,10.0
JPN,2017,3428.55721600428,3334.0730274586826,EG.USE.PCAP.KG.OE,10.0,10.0
JPN,2018,3428.55721600428,3335.5449201548618,EG.USE.PCAP.KG.OE,10.0,10.0
JPN,2019,3428.55721600428,3321.8632167996275,EG.USE.PCAP.KG.OE,10.0,10.0
JPN,2005,1283820.0,1294482.1302914247,EN.ATM.GHGT.KT.CE,0.05,10.0
JPN,2006,1261900.0,1297346.0880477899,EN.ATM.GHGT.KT.CE,0.05,10.0
JPN,2007,1297980.0,1282024.514454318,EN.ATM.GHGT.KT.CE,0.05,10.0
JPN,2008,1231180.0,1299461.5061108484,EN.ATM.GHGT.KT.CE,0.05,10.0
JPN,2009,1171570.0,1257854.5951885565,EN.ATM.GHGT.KT.CE,0.05,10.0
JPN,2010,1228240.0,1191696.227960664,EN.ATM.GHGT.KT.CE,0.05,10.0
JPN,2011,1284770.0,1193642.124394889,EN.ATM.GHGT.KT.CE,0.05,10.0
JPN,2012,1327040.0,1243742.1203495318,EN.ATM.GHGT.KT.CE,0.05,10.0
JPN,2013,1338630.0,1293429.895995642,EN.ATM.GHGT.KT.CE,0.05,10.0
JPN,2014,1300990.0,1360075.8597057362,EN.ATM.GHGT.KT.CE,0.05,10.0
JPN,2015,1265070.0,1323831.313593533,EN.ATM.GHGT.KT.CE,0.05,10.0
JPN,2016,1257730.0,1287076.8964695735,EN.ATM.GHGT.KT.CE,0.05,10.0
JPN,2017,1235370.0,1250149.9380916655,EN.ATM.GHGT.KT.CE,0.05,10.0
JPN,2018,1186770.0,1229765.8773037728,EN.ATM.GHGT.KT.CE,0.05,10.0
JPN,2019,1186770.0,1174977.9288286038,EN.ATM.GHGT.KT.CE,0.05,10.0
JPN,2005,1.12536364829677,1.21159723223829,NV.AGR.TOTL.ZS,0.1,2.0
JPN,2006,1.09429154321186,1.1070681441903956,NV.AGR.TOTL.ZS,0.1,2.0
JPN,2007,1.06090374019961,1.0571339825982364,NV.AGR.TOTL.ZS,0.1,2.0
JPN,2008,1.05840864794359,1.0243099803214273,NV.AGR.TOTL.ZS,0.1,2.0
JPN,2009,1.08261270150623,0.9968738824147383,NV.AGR.TOTL.ZS,0.1,2.0
JPN,2010,1.10225982049905,1.0525879479744036,NV.AGR.TOTL.ZS,0.1,2.0
JPN,2011,1.0754189233601,1.080351422598922,NV.AGR.TOTL.ZS,0.1,2.0
JPN,2012,1.14179569465804,1.0674705881284827,NV.AGR.TOTL.ZS,0.1,2.0
JPN,2013,1.10418708697322,1.148480960024912,NV.AGR.TOTL.ZS,0.1,2.0
JPN,2014,1.05626649230554,1.1382841322955286,NV.AGR.TOTL.ZS,0.1,2.0
JPN,2015,1.11390541063969,1.1221438678824107,NV.AGR.TOTL.ZS,0.1,2.0
JPN,2016,1.21336108864146,1.1516902243679992,NV.AGR.TOTL.ZS,0.1,2.0
JPN,2017,1.2120409439576,1.1984751598218844,NV.AGR.TOTL.ZS,0.1,2.0
JPN,2018,1.23936829849824,1.2042967651658665,NV.AGR.TOTL.ZS,0.1,2.0
JPN,2019,1.23936829849824,1.236702347874854,NV.AGR.TOTL.ZS,0.1,2.0
JPN,2005,171.559173552962,172.1853123439678,FS.AST.PRVT.GD.ZS,10.0,10.0
JPN,2006,168.965496298301,173.2641176220499,FS.AST.PRVT.GD.ZS,10.0,10.0
JPN,2007,162.044521582386,171.92260269301755,FS.AST.PRVT.GD.ZS,10.0,10.0
JPN,2008,160.140053391899,157.19689039208885,FS.AST.PRVT.GD.ZS,10.0,10.0
JPN,2009,167.822353784773,156.56155135437615,FS.AST.PRVT.GD.ZS,10.0,10.0
JPN,2010,160.35697933003,167.95342152096606,FS.AST.PRVT.GD.ZS,10.0,10.0
JPN,2011,159.611850425868,156.96140293571702,FS.AST.PRVT.GD.ZS,10.0,10.0
JPN,2012,160.145038803355,158.06227170868934,FS.AST.PRVT.GD.ZS,10.0,10.0
JPN,2013,163.218705358527,159.09248878867203,FS.AST.PRVT.GD.ZS,10.0,10.0
JPN,2014,163.726249134032,163.8619760864132,FS.AST.PRVT.GD.ZS,10.0,10.0
JPN,2015,162.728153552719,165.80707757624677,FS.AST.PRVT.GD.ZS,10.0,10.0
JPN,2016,164.770626578322,166.29542192275426,FS.AST.PRVT.GD.ZS,10.0,10.0
JPN,2017,169.814327747302,165.3033851814248,FS.AST.PRVT.GD.ZS,10.0,10.0
JPN,2018,169.959232388182,168.23487191145233,FS.AST.PRVT.GD.ZS,10.0,10.0
JPN,2019,176.827632248853,170.11944082210852,FS.AST.PRVT.GD.ZS,10.0,10.0
KOR,2005,81.345,81.35461470913273,SP.URB.TOTL.IN.ZS,0.05,10.0
KOR,2006,81.528,81.73270077747269,SP.URB.TOTL.IN.ZS,0.05,10.0
KOR,2007,81.631,81.78219755415287,SP.URB.TOTL.IN.ZS,0.05,10.0
KOR,2008,81.733,81.72531383554016,SP.URB.TOTL.IN.ZS,0.05,10.0
KOR,2009,81.835,81.80019600732447,SP.URB.TOTL.IN.ZS,0.05,10.0
KOR,2010,81.936,81.69953623383293,SP.URB.TOTL.IN.ZS,0.05,10.0
KOR,2011,81.923,82.0559103498407,SP.URB.TOTL.IN.ZS,0.05,10.0
KOR,2012,81.851,81.99012549380198,SP.URB.TOTL.IN.ZS,0.05,10.0
KOR,2013,81.779,81.81824208690692,SP.URB.TOTL.IN.ZS,0.05,10.0
KOR,2014,81.707,81.66548871970662,SP.URB.TOTL.IN.ZS,0.05,10.0
KOR,2015,81.634,81.65718177386738,SP.URB.TOTL.IN.ZS,0.05,10.0
KOR,2016,81.562,81.64573415069908,SP.URB.TOTL.IN.ZS,0.05,10.0
KOR,2017,81.503,81.58777373925565,SP.URB.TOTL.IN.ZS,0.05,10.0
KOR,2018,81.459,81.57608575886731,SP.URB.TOTL.IN.ZS,0.05,10.0
KOR,2019,81.43,81.53475189577183,SP.URB.TOTL.IN.ZS,0.05,10.0
KOR,2005,18.655,18.74993403484117,SP.RUR.TOTL.ZS,0.05,0.05
KOR,2006,18.472,18.473486956808202,SP.RUR.TOTL.ZS,0.05,0.05
KOR,2007,18.369,18.391149896449654,SP.RUR.TOTL.ZS,0.05,0.05
KOR,2008,18.267,18.317254298902157,SP.RUR.TOTL.ZS,0.05,0.05
KOR,2009,18.165,18.247638531828997,SP.RUR.TOTL.ZS,0.05,0.05
KOR,2010,18.064,18.371623143962513,SP.RUR.TOTL.ZS,0.05,0.05
KOR,2011,18.077,17.945348384513405,SP.RUR.TOTL.ZS,0.05,0.05
KOR,2012,18.149,17.995442293075424,SP.RUR.TOTL.ZS,0.05,0.05
KOR,2013,18.221,18.1350733734259,SP.RUR.TOTL.ZS,0.05,0.05
KOR,2014,18.293,18.31682632853993,SP.RUR.TOTL.ZS,0.05,0.05
KOR,2015,18.366,18.34089971355053,SP.RUR.TOTL.ZS,0.05,0.05
KOR,2016,18.438,18.36089796387813,SP.RUR.TOTL.ZS,0.05,0.05
KOR,2017,18.497,18.433946721164673,SP.RUR.TOTL.ZS,0.05,0.05
KOR,2018,18.541,18.44076060931316,SP.RUR.TOTL.ZS,0.05,0.05
KOR,2019,18.57,18.46284519190499,SP.RUR.TOTL.ZS,0.05,0.05
KOR,2005,74.9,74.83211761091486,SP.DYN.LE00.MA.IN,0.05,10.0
KOR,2006,75.4,75.44011634946776,SP.DYN.LE00.MA.IN,0.05,10.0
KOR,2007,75.9,75.97568973229974,SP.DYN.LE00.MA.IN,0.05,10.0
KOR,2008,76.2,76.46613537591833,SP.DYN.LE00.MA.IN,0.05,10.0
KOR,2009,76.7,76.84982391583115,SP.DYN.LE00.MA.IN,0.05,10.0
KOR,2010,76.8,77.34583990333486,SP.DYN.LE00.MA.IN,0.05,10.0
KOR,2011,77.3,77.23556786301806,SP.DYN.LE00.MA.IN,0.05,10.0
KOR,2012,77.6,77.54870367789522,SP.DYN.LE00.MA.IN,0.05,10.0
KOR,2013,78.1,77.71884856646606,SP.DYN.LE00.MA.IN,0.05,10.0
KOR,2014,78.6,78.34951684019416,SP.DYN.LE00.MA.IN,0.05,10.0
KOR,2015,79.0,78.9400914080733,SP.DYN.LE00.MA.IN,0.05,10.0
KOR,2016,79.3,79.4479440253358,SP.DYN.LE00.MA.IN,0.05,10.0
KOR,2017,79.7,79.86168317033773,SP.DYN.LE00.MA.IN,0.05,10.0
KOR,2018,79.7,80.25965851854488,SP.DYN.LE00.MA.IN,0.05,10.0
KOR,2019,80.3,80.34478632049812,SP.DYN.LE00.MA.IN,0.05,10.0
KOR,2005,78.1682926829268,78.13024225005609,SP.DYN.LE00.IN,0.05,10.0
KOR,2006,78.6682926829268,78.63380839700439,SP.DYN.LE00.IN,0.05,10.0
KOR,2007,79.119512195122,79.1291985774785,SP.DYN.LE00.IN,0.05,10.0
KOR,2008,79.5170731707317,79.59966383595255,SP.DYN.LE00.IN,0.05,10.0
KOR,2009,79.9682926829268,80.02527802591524,SP.DYN.LE00.IN,0.05,10.0
KOR,2010,80.1170731707317,80.49194147545712,SP.DYN.LE00.IN,0.05,10.0
KOR,2011,80.5682926829269,80.57323676774021,SP.DYN.LE00.IN,0.05,10.0
KOR,2012,80.819512195122,80.86201499159401,SP.DYN.LE00.IN,0.05,10.0
KOR,2013,81.2707317073171,81.05840317901158,SP.DYN.LE00.IN,0.05,10.0
KOR,2014,81.7219512195122,81.51464069584569,SP.DYN.LE00.IN,0.05,10.0
KOR,2015,82.0243902439024,82.04065964626643,SP.DYN.LE00.IN,0.05,10.0
KOR,2016,82.2756097560976,82.4698706440943,SP.DYN.LE00.IN,0.05,10.0
KOR,2017,82.6268292682927,82.75590181528713,SP.DYN.LE00.IN,0.05,10.0
KOR,2018,82.6268292682927,83.10094354221465,SP.DYN.LE00.IN,0.05,10.0
KOR,2019,83.2268292682927,83.21332945064154,SP.DYN.LE00.IN,0.05,10.0
KOR,2005,934901071332.984,802325891646.1201,NY.GDP.MKTP.CD,0.05,2.0
KOR,2006,1053216909887.56,948078124734.0149,NY.GDP.MKTP.CD,0.05,2.0
KOR,2007,1172614086539.86,1044190970602.813,NY.GDP.MKTP.CD,0.05,2.0
KOR,2008,1047339010225.25,1259351956643.2996,NY.GDP.MKTP.CD,0.05,2.0
KOR,2009,943941876218.743,1127567653115.8296,NY.GDP.MKTP.CD,0.05,2.0
KOR,2010,1144066965324.49,1014957213908.8127,NY.GDP.MKTP.CD,0.05,2.0
KOR,2011,1253223044718.99,1201899240610.8975,NY.GDP.MKTP.CD,0.05,2.0
KOR,2012,1278427634342.59,1282878026382.7722,NY.GDP.MKTP.CD,0.05,2.0
KOR,2013,1370795199976.18,1327900031043.3179,NY.GDP.MKTP.CD,0.05,2.0
KOR,2014,1484318219633.63,1446211030115.003,NY.GDP.MKTP.CD,0.05,2.0
KOR,2015,1465773245547.15,1442963926260.2183,NY.GDP.MKTP.CD,0.05,2.0
KOR,2016,1500111596236.37,1302301415312.6375,NY.GDP.MKTP.CD,0.05,2.0
KOR,2017,1623901496835.79,1436641730554.5059,NY.GDP.MKTP.CD,0.05,2.0
KOR,2018,1724845615629.26,1502768549661.0684,NY.GDP.MKTP.CD,0.05,2.0
KOR,2019,1646739219509.89,1553407365784.2317,NY.GDP.MKTP.CD,0.05,2.0
KOR,2005,33.0417282278992,32.96168375027638,NE.IMP.GNFS.ZS,10.0,10.0
KOR,2006,35.0254549142976,34.1531958778871,NE.IMP.GNFS.ZS,10.0,10.0
KOR,2007,36.4823455972789,35.283852194116776,NE.IMP.GNFS.ZS,10.0,10.0
KOR,2008,47.8744672251696,36.91583052833656,NE.IMP.GNFS.ZS,10.0,10.0
KOR,2009,40.9482674584271,45.624170281687476,NE.IMP.GNFS.ZS,10.0,10.0
KOR,2010,44.2958595844342,43.77162059472117,NE.IMP.GNFS.ZS,10.0,10.0
KOR,2011,52.2285816810148,45.26509499347701,NE.IMP.GNFS.ZS,10.0,10.0
KOR,2012,51.3642764025061,50.836877774169714,NE.IMP.GNFS.ZS,10.0,10.0
KOR,2013,46.6600338441855,54.22076018568896,NE.IMP.GNFS.ZS,10.0,10.0
KOR,2014,42.7830210318588,50.55188582204794,NE.IMP.GNFS.ZS,10.0,10.0
KOR,2015,36.142932861381,47.0367388403996,NE.IMP.GNFS.ZS,10.0,10.0
KOR,2016,33.4711585544775,41.547789584735625,NE.IMP.GNFS.ZS,10.0,10.0
KOR,2017,36.1867108656532,32.31829312654964,NE.IMP.GNFS.ZS,10.0,10.0
KOR,2018,37.2755746703469,35.01056114381871,NE.IMP.GNFS.ZS,10.0,10.0
KOR,2019,37.0492661460556,36.54425453044546,NE.IMP.GNFS.ZS,10.0,10.0
KOR,2005,35.2830827957409,35.08855847651901,NE.EXP.GNFS.ZS,0.05,10.0
KOR,2006,35.6264186161218,35.6044220016591,NE.EXP.GNFS.ZS,0.05,10.0
KOR,2007,37.3921796905127,35.86785623456322,NE.EXP.GNFS.ZS,0.05,10.0
KOR,2008,47.6418852095772,38.61031116461032,NE.EXP.GNFS.ZS,0.05,10.0
KOR,2009,45.1853519113199,44.29981791514383,NE.EXP.GNFS.ZS,0.05,10.0
KOR,2010,47.1037369107414,50.01579390015074,NE.EXP.GNFS.ZS,0.05,10.0
KOR,2011,53.3377319003336,47.31770531366542,NE.EXP.GNFS.ZS,0.05,10.0
KOR,2012,54.0940513351953,52.63357690217887,NE.EXP.GNFS.ZS,0.05,10.0
KOR,2013,51.2920711097027,58.014323687441106,NE.EXP.GNFS.ZS,0.05,10.0
KOR,2014,47.8314208662979,54.335217942516266,NE.EXP.GNFS.ZS,0.05,10.0
KOR,2015,42.989561527711,50.67524786775363,NE.EXP.GNFS.ZS,0.05,10.0
KOR,2016,40.1326509111205,46.09280244196367,NE.EXP.GNFS.ZS,0.05,10.0
KOR,2017,40.9342069409884,38.35132748854201,NE.EXP.GNFS.ZS,0.05,10.0
KOR,2018,41.7132908430894,39.697667584326425,NE.EXP.GNFS.ZS,0.05,10.0
KOR,2019,39.9471631621625,41.136057725185424,NE.EXP.GNFS.ZS,0.05,10.0
KOR,2005,4.30854271411236,6.949266222912199,NY.GDP.MKTP.KD.ZG,10.0,10.0
KOR,2006,5.26432659466724,8.803378748931838,NY.GDP.MKTP.KD.ZG,10.0,10.0
KOR,2007,5.79954841503216,8.043841967439045,NY.GDP.MKTP.KD.ZG,10.0,10.0
KOR,2008,3.01298487281167,6.741548266754834,NY.GDP.MKTP.KD.ZG,10.0,10.0
KOR,2009,0.792698989518186,7.475659111500945,NY.GDP.MKTP.KD.ZG,10.0,10.0
KOR,2010,6.80482491783671,8.962398327172812,NY.GDP.MKTP.KD.ZG,10.0,10.0
KOR,2011,3.68566778212526,6.580873219494389,NY.GDP.MKTP.KD.ZG,10.0,10.0
KOR,2012,2.40253099246186,8.1937117097259,NY.GDP.MKTP.KD.ZG,10.0,10.0
KOR,2013,3.16470863647184,7.772742801691397,NY.GDP.MKTP.KD.ZG,10.0,10.0
KOR,2014,3.2024537945736,6.941714036278096,NY.GDP.MKTP.KD.ZG,10.0,10.0
KOR,2015,2.80910326824133,7.903263443013028,NY.GDP.MKTP.KD.ZG,10.0,10.0
KOR,2016,2.94688171508626,7.92321204660211,NY.GDP.MKTP.KD.ZG,10.0,10.0
KOR,2017,3.15963574012777,2.800787486501984,NY.GDP.MKTP.KD.ZG,10.0,10.0
KOR,2018,2.90740377377135,2.7573109749764138,NY.GDP.MKTP.KD.ZG,10.0,10.0
KOR,2019,2.03934822710794,3.021717654199088,NY.GDP.MKTP.KD.ZG,10.0,10.0
KOR,2005,5.6,5.778670242738066,SH.DYN.MORT,0.05,0.05
KOR,2006,5.2,5.488086638922934,SH.DYN.MORT,0.05,0.05
KOR,2007,4.8,5.140829838755359,SH.DYN.MORT,0.05,0.05
KOR,2008,4.5,4.561796426931925,SH.DYN.MORT,0.05,0.05
KOR,2009,4.3,4.286468549150089,SH.DYN.MORT,0.05,0.05
KOR,2010,4.1,4.136266245865733,SH.DYN.MORT,0.05,0.05
KOR,2011,4.0,3.8930880767120772,SH.DYN.MORT,0.05,0.05
KOR,2012,3.8,3.7890121510853483,SH.DYN.MORT,0.05,0.05
KOR,2013,3.7,3.629869342086334,SH.DYN.MORT,0.05,0.05
KOR,2014,3.6,3.536241595206832,SH.DYN.MORT,0.05,0.05
KOR,2015,3.5,3.4300340507860696,SH.DYN.MORT,0.05,0.05
KOR,2016,3.4,3.328716261772018,SH.DYN.MORT,0.05,0.05
KOR,2017,3.3,3.2831956796846744,SH.DYN.MORT,0.05,0.05
KOR,2018,3.3,3.1816151381224134,SH.DYN.MORT,0.05,0.05
KOR,2019,3.2,3.1665744297496143,SH.DYN.MORT,0.05,0.05
KOR,2005,4364.21909084115,4439.25319767887,EG.USE.PCAP.KG.OE,0.05,10.0
KOR,2006,4412.52711800821,4583.835578961164,EG.USE.PCAP.KG.OE,0.05,10.0
KOR,2007,4564.98783020283,4600.12623220601,EG.USE.PCAP.KG.OE,0.05,10.0
KOR,2008,4629.77792060244,4703.552644847479,EG.USE.PCAP.KG.OE,0.05,10.0
KOR,2009,4649.76574209758,4828.9789497176025,EG.USE.PCAP.KG.OE,0.05,10.0
KOR,2010,5045.48774882698,5281.526744998511,EG.USE.PCAP.KG.OE,0.05,10.0
KOR,2011,5216.58780873474,5228.3401929601805,EG.USE.PCAP.KG.OE,0.05,10.0
KOR,2012,5248.51989108414,5475.345551133474,EG.USE.PCAP.KG.OE,0.05,10.0
KOR,2013,5231.6754603358,5697.799615524481,EG.USE.PCAP.KG.OE,0.05,10.0
KOR,2014,5289.27583193211,5501.204206167114,EG.USE.PCAP.KG.OE,0.05,10.0
KOR,2015,5413.34785665856,5530.223407562695,EG.USE.PCAP.KG.OE,0.05,10.0
KOR,2016,5413.34785665856,5599.47846040702,EG.USE.PCAP.KG.OE,0.05,10.0
KOR,2017,5413.34785665856,5408.956619103735,EG.USE.PCAP.KG.OE,0.05,10.0
KOR,2018,5413.34785665856,5397.314920248071,EG.USE.PCAP.KG.OE,0.05,10.0
KOR,2019,5413.34785665856,5431.637217810421,EG.USE.PCAP.KG.OE,0.05,10.0
KOR,2005,548760.0,565606.3064567851,EN.ATM.GHGT.KT.CE,0.05,10.0
KOR,2006,557070.0,575186.0420563848,EN.ATM.GHGT.KT.CE,0.05,10.0
KOR,2007,565860.0,577984.5550489442,EN.ATM.GHGT.KT.CE,0.05,10.0
KOR,2008,579950.0,583798.1761228236,EN.ATM.GHGT.KT.CE,0.05,10.0
KOR,2009,593600.0,602625.250336331,EN.ATM.GHGT.KT.CE,0.05,10.0
KOR,2010,646420.0,666048.2821080176,EN.ATM.GHGT.KT.CE,0.05,10.0
KOR,2011,670790.0,675360.4322346272,EN.ATM.GHGT.KT.CE,0.05,10.0
KOR,2012,675290.0,704007.5995237195,EN.ATM.GHGT.KT.CE,0.05,10.0
KOR,2013,675000.0,731536.8724257507,EN.ATM.GHGT.KT.CE,0.05,10.0
KOR,2014,664250.0,711622.9452614719,EN.ATM.GHGT.KT.CE,0.05,10.0
KOR,2015,685800.0,703413.8587303723,EN.ATM.GHGT.KT.CE,0.05,10.0
KOR,2016,696930.0,711790.0671513433,EN.ATM.GHGT.KT.CE,0.05,10.0
KOR,2017,710340.0,699674.3929489609,EN.ATM.GHGT.KT.CE,0.05,10.0
KOR,2018,718880.0,712028.6586111543,EN.ATM.GHGT.KT.CE,0.05,10.0
KOR,2019,718880.0,723140.0438814794,EN.ATM.GHGT.KT.CE,0.05,10.0
KOR,2005,2.61997573131402,2.7853355896776577,NV.AGR.TOTL.ZS,0.2,10.0
KOR,2006,2.49747041944548,2.5916132127696097,NV.AGR.TOTL.ZS,0.2,10.0
KOR,2007,2.28340908477707,2.4396649813884084,NV.AGR.TOTL.ZS,0.2,10.0
KOR,2008,2.14224974257429,2.1630538162025674,NV.AGR.TOTL.ZS,0.2,10.0
KOR,2009,2.24055681194729,2.0064984308144678,NV.AGR.TOTL.ZS,0.2,10.0
KOR,2010,2.1440163216522,2.0043759934208736,NV.AGR.TOTL.ZS,0.2,10.0
KOR,2011,2.20919995518876,2.058440148832622,NV.AGR.TOTL.ZS,0.2,10.0
KOR,2012,2.1861850409628,2.0855284319674467,NV.AGR.TOTL.ZS,0.2,10.0
KOR,2013,2.09904711367279,2.1369449611729103,NV.AGR.TOTL.ZS,0.2,10.0
KOR,2014,2.05667705037638,2.08685854962739,NV.AGR.TOTL.ZS,0.2,10.0
KOR,2015,2.00390779269061,1.9996424051586938,NV.AGR.TOTL.ZS,0.2,10.0
KOR,2016,1.85903488299151,1.936733708206856,NV.AGR.TOTL.ZS,0.2,10.0
KOR,2017,1.8507562953431,1.825328153279107,NV.AGR.TOTL.ZS,0.2,10.0
KOR,2018,1.74640339447114,1.7451422320242198,NV.AGR.TOTL.ZS,0.2,10.0
KOR,2019,1.62242066983599,1.7209043083832611,NV.AGR.TOTL.ZS,0.2,10.0
KOR,2005,110.303666998869,103.53060377279333,FS.AST.PRVT.GD.ZS,0.05,2.0
KOR,2006,122.218124674635,113.1118995362832,FS.AST.PRVT.GD.ZS,0.05,2.0
KOR,2007,129.136189520366,125.49834315392596,FS.AST.PRVT.GD.ZS,0.05,2.0
KOR,2008,141.949878467341,132.22135307927505,FS.AST.PRVT.GD.ZS,0.05,2.0
KOR,2009,138.094914106527,146.0465775083271,FS.AST.PRVT.GD.ZS,0.05,2.0
KOR,2010,130.038594788854,141.56206068142342,FS.AST.PRVT.GD.ZS,0.05,2.0
KOR,2011,132.538472437775,133.8606117970435,FS.AST.PRVT.GD.ZS,0.05,2.0
KOR,2012,130.745918544913,138.82852929813316,FS.AST.PRVT.GD.ZS,0.05,2.0
KOR,2013,128.492053239461,137.38878852347983,FS.AST.PRVT.GD.ZS,0.05,2.0
KOR,2014,131.555065108848,131.31355291707595,FS.AST.PRVT.GD.ZS,0.05,2.0
KOR,2015,132.140712683632,138.13462985375003,FS.AST.PRVT.GD.ZS,0.05,2.0
KOR,2016,134.825791444247,138.1578836930933,FS.AST.PRVT.GD.ZS,0.05,2.0
KOR,2017,136.492473272567,143.50095545752822,FS.AST.PRVT.GD.ZS,0.05,2.0
KOR,2018,141.155014406863,145.01554499705628,FS.AST.PRVT.GD.ZS,0.05,2.0
KOR,2019,151.688265783322,147.50595486898737,FS.AST.PRVT.GD.ZS,0.05,2.0
MEX,2005,76.308,76.30731583470633,SP.URB.TOTL.IN.ZS,0.05,10.0
MEX,2006,76.616,76.59871406828017,SP.URB.TOTL.IN.ZS,0.05,10.0
MEX,2007,76.92,76.90822232338252,SP.URB.TOTL.IN.ZS,0.05,10.0
MEX,2008,77.222,77.21089852534968,SP.URB.TOTL.IN.ZS,0.05,10.0
MEX,2009,77.52,77.51646682971995,SP.URB.TOTL.IN.ZS,0.05,10.0
MEX,2010,77.815,77.82132832612102,SP.URB.TOTL.IN.ZS,0.05,10.0
MEX,2011,78.111,78.12395692079333,SP.URB.TOTL.IN.ZS,0.05,10.0
MEX,2012,78.405,78.41071099709647,SP.URB.TOTL.IN.ZS,0.05,10.0
MEX,2013,78.699,78.70303686756671,SP.URB.TOTL.IN.ZS,0.05,10.0
MEX,2014,78.993,78.98929399226796,SP.URB.TOTL.IN.ZS,0.05,10.0
MEX,2015,79.285,79.29000796722977,SP.URB.TOTL.IN.ZS,0.05,10.0
MEX,2016,79.577,79.58233459058587,SP.URB.TOTL.IN.ZS,0.05,10.0
MEX,2017,79.867,79.85295670750679,SP.URB.TOTL.IN.ZS,0.05,10.0
MEX,2018,80.156,80.12846153489454,SP.URB.TOTL.IN.ZS,0.05,10.0
MEX,2019,80.444,80.41661599372061,SP.URB.TOTL.IN.ZS,0.05,10.0
MEX,2005,23.692,23.745428106306452,SP.RUR.TOTL.ZS,0.05,1.0
MEX,2006,23.384,23.45354070438427,SP.RUR.TOTL.ZS,0.05,1.0
MEX,2007,23.08,23.153851078523008,SP.RUR.TOTL.ZS,0.05,1.0
MEX,2008,22.778,22.801898855408574,SP.RUR.TOTL.ZS,0.05,1.0
MEX,2009,22.48,22.496899700557258,SP.RUR.TOTL.ZS,0.05,1.0
MEX,2010,22.185,22.187313997590323,SP.RUR.TOTL.ZS,0.05,1.0
MEX,2011,21.889,21.89428081608161,SP.RUR.TOTL.ZS,0.05,1.0
MEX,2012,21.595,21.598330017554055,SP.RUR.TOTL.ZS,0.05,1.0
MEX,2013,21.301,21.30074061316817,SP.RUR.TOTL.ZS,0.05,1.0
MEX,2014,21.007,21.005849852818315,SP.RUR.TOTL.ZS,0.05,1.0
MEX,2015,20.715,20.721528178399254,SP.RUR.TOTL.ZS,0.05,1.0
MEX,2016,20.423,20.42889476941118,SP.RUR.TOTL.ZS,0.05,1.0
MEX,2017,20.133,20.139483636132553,SP.RUR.TOTL.ZS,0.05,1.0
MEX,2018,19.844,19.847189364814657,SP.RUR.TOTL.ZS,0.05,1.0
MEX,2019,19.556,19.5607696208148,SP.RUR.TOTL.ZS,0.05,1.0
MEX,2005,72.575,72.81135191036346,SP.DYN.LE00.MA.IN,0.05,10.0
MEX,2006,72.532,72.79895465449768,SP.DYN.LE00.MA.IN,0.05,10.0
MEX,2007,72.447,72.74523104464802,SP.DYN.LE00.MA.IN,0.05,10.0
MEX,2008,72.342,72.4094887403555,SP.DYN.LE00.MA.IN,0.05,10.0
MEX,2009,72.233,72.28288833698628,SP.DYN.LE00.MA.IN,0.05,10.0
MEX,2010,72.135,72.15560951130297,SP.DYN.LE00.MA.IN,0.05,10.0
MEX,2011,72.056,72.06046357843934,SP.DYN.LE00.MA.IN,0.05,10.0
MEX,2012,71.997,71.9635191727198,SP.DYN.LE00.MA.IN,0.05,10.0
MEX,2013,71.958,71.896646847192,SP.DYN.LE00.MA.IN,0.05,10.0
MEX,2014,71.943,71.89531918254889,SP.DYN.LE00.MA.IN,0.05,10.0
MEX,2015,71.954,71.90403362923345,SP.DYN.LE00.MA.IN,0.05,10.0
MEX,2016,71.99,71.92698609697091,SP.DYN.LE00.MA.IN,0.05,10.0
MEX,2017,72.046,71.96918952285722,SP.DYN.LE00.MA.IN,0.05,10.0
MEX,2018,72.118,72.02451219712158,SP.DYN.LE00.MA.IN,0.05,10.0
MEX,2019,72.203,72.10142499017701,SP.DYN.LE00.MA.IN,0.05,10.0
MEX,2005,75.3,75.54160860714946,SP.DYN.LE00.IN,0.05,10.0
MEX,2006,75.296,75.58051607009509,SP.DYN.LE00.IN,0.05,10.0
MEX,2007,75.255,75.57892840459051,SP.DYN.LE00.IN,0.05,10.0
MEX,2008,75.194,75.28085591854247,SP.DYN.LE00.IN,0.05,10.0
MEX,2009,75.128,75.20050660238547,SP.DYN.LE00.IN,0.05,10.0
MEX,2010,75.065,75.11621775596689,SP.DYN.LE00.IN,0.05,10.0
MEX,2011,75.011,75.03626462472911,SP.DYN.LE00.IN,0.05,10.0
MEX,2012,74.966,74.95418754484885,SP.DYN.LE00.IN,0.05,10.0
MEX,2013,74.93,74.89173273135023,SP.DYN.LE00.IN,0.05,10.0
MEX,2014,74.908,74.8559761224092,SP.DYN.LE00.IN,0.05,10.0
MEX,2015,74.904,74.8556366152389,SP.DYN.LE00.IN,0.05,10.0
MEX,2016,74.917,74.8536254808683,SP.DYN.LE00.IN,0.05,10.0
MEX,2017,74.947,74.85291476625373,SP.DYN.LE00.IN,0.05,10.0
MEX,2018,74.992,74.8627363532289,SP.DYN.LE00.IN,0.05,10.0
MEX,2019,75.054,74.90705825310764,SP.DYN.LE00.IN,0.05,10.0
MEX,2005,877476221382.101,776349510584.0212,NY.GDP.MKTP.CD,0.05,10.0
MEX,2006,975387131716.089,856873443377.9398,NY.GDP.MKTP.CD,0.05,10.0
MEX,2007,1052696282278.87,927432050199.8801,NY.GDP.MKTP.CD,0.05,10.0
MEX,2008,1109989063586.62,1062377060628.9121,NY.GDP.MKTP.CD,0.05,10.0
MEX,2009,900045350649.351,1110023011866.0813,NY.GDP.MKTP.CD,0.05,10.0
MEX,2010,1057801295584.05,930353718188.823,NY.GDP.MKTP.CD,0.05,10.0
MEX,2011,1180489601957.61,1034585597264.9686,NY.GDP.MKTP.CD,0.05,10.0
MEX,2012,1201089987015.45,1155283875745.4487,NY.GDP.MKTP.CD,0.05,10.0
MEX,2013,1274443084716.57,1201535935707.7249,NY.GDP.MKTP.CD,0.05,10.0
MEX,2014,1315351183524.54,1296547159199.6726,NY.GDP.MKTP.CD,0.05,10.0
MEX,2015,1171867608197.72,1323713809247.3096,NY.GDP.MKTP.CD,0.05,10.0
MEX,2016,1078490651625.31,1231229568361.4595,NY.GDP.MKTP.CD,0.05,10.0
MEX,2017,1158913035796.37,1173782755073.0342,NY.GDP.MKTP.CD,0.05,10.0
MEX,2018,1222348807283.2,1299990375938.6309,NY.GDP.MKTP.CD,0.05,10.0
MEX,2019,1268870527160.03,1336603905489.3018,NY.GDP.MKTP.CD,0.05,10.0
MEX,2005,27.7055817247764,28.1368447462942,NE.IMP.GNFS.ZS,10.0,0.05
MEX,2006,28.7675627378746,28.340273383488505,NE.IMP.GNFS.ZS,10.0,0.05
MEX,2007,29.2680434728356,29.310127967607585,NE.IMP.GNFS.ZS,10.0,0.05
MEX,2008,30.0755351025349,29.805987608306445,NE.IMP.GNFS.ZS,10.0,0.05
MEX,2009,28.812770431946,30.658476879611463,NE.IMP.GNFS.ZS,10.0,0.05
MEX,2010,31.0626537010206,29.596986292392437,NE.IMP.GNFS.ZS,10.0,0.05
MEX,2011,32.4329707808025,31.54320948051506,NE.IMP.GNFS.ZS,10.0,0.05
MEX,2012,33.5016780596676,32.998495243368,NE.IMP.GNFS.ZS,10.0,0.05
MEX,2013,32.4592236648864,34.124673802044924,NE.IMP.GNFS.ZS,10.0,0.05
MEX,2014,33.0519165924803,33.504999646937165,NE.IMP.GNFS.ZS,10.0,0.05
MEX,2015,36.5642042713542,33.56883706863063,NE.IMP.GNFS.ZS,10.0,0.05
MEX,2016,39.020038053624,36.186193060648776,NE.IMP.GNFS.ZS,10.0,0.05
MEX,2017,39.4641760467353,39.984831839585524,NE.IMP.GNFS.ZS,10.0,0.05
MEX,2018,41.3038384803687,40.84137264689885,NE.IMP.GNFS.ZS,10.0,0.05
MEX,2019,39.0829696118158,42.53493738284079,NE.IMP.GNFS.ZS,10.0,0.05
MEX,2005,26.2325503809951,26.316221510588957,NE.EXP.GNFS.ZS,2.0,10.0
MEX,2006,27.3251618939288,26.711789938094473,NE.EXP.GNFS.ZS,2.0,10.0
MEX,2007,27.527235888679,27.716343551613207,NE.EXP.GNFS.ZS,2.0,10.0
MEX,2008,27.7014958270789,27.975867119473644,NE.EXP.GNFS.ZS,2.0,10.0
MEX,2009,27.1549993271981,28.295203360937567,NE.EXP.GNFS.ZS,2.0,10.0
MEX,2010,29.6976647689721,27.999133530986505,NE.EXP.GNFS.ZS,2.0,10.0
MEX,2011,31.0367071399496,30.16696728867077,NE.EXP.GNFS.ZS,2.0,10.0
MEX,2012,32.2655677637235,31.399345742167508,NE.EXP.GNFS.ZS,2.0,10.0
MEX,2013,31.3056529459396,32.63486665571798,NE.EXP.GNFS.ZS,2.0,10.0
MEX,2014,31.8734413093812,31.75648368328891,NE.EXP.GNFS.ZS,2.0,10.0
MEX,2015,34.5248858421072,32.22035463148731,NE.EXP.GNFS.ZS,2.0,10.0
MEX,2016,37.0421710841871,34.77038242036632,NE.EXP.GNFS.ZS,2.0,10.0
MEX,2017,37.6515684577081,38.42922437611444,NE.EXP.GNFS.ZS,2.0,10.0
MEX,2018,39.2594612441285,38.91102528687585,NE.EXP.GNFS.ZS,2.0,10.0
MEX,2019,38.8323238310596,40.628912978655194,NE.EXP.GNFS.ZS,2.0,10.0
MEX,2005,2.30780706591736,3.3638559343864003,NY.GDP.MKTP.KD.ZG,5.0,10.0
MEX,2006,4.49507789421408,4.029084595851925,NY.GDP.MKTP.KD.ZG,5.0,10.0
MEX,2007,2.29144571429802,3.5640630631043173,NY.GDP.MKTP.KD.ZG,5.0,10.0
MEX,2008,1.14358458719401,3.9711313836680695,NY.GDP.MKTP.KD.ZG,5.0,10.0
MEX,2009,-5.28574413681751,4.520776273865906,NY.GDP.MKTP.KD.ZG,5.0,10.0
MEX,2010,5.11811814321163,6.980861725169033,NY.GDP.MKTP.KD.ZG,5.0,10.0
MEX,2011,3.66300792950094,2.770111504992336,NY.GDP.MKTP.KD.ZG,5.0,10.0
MEX,2012,3.64232267941347,2.853442880832371,NY.GDP.MKTP.KD.ZG,5.0,10.0
MEX,2013,1.35409196151679,3.0952631638148294,NY.GDP.MKTP.KD.ZG,5.0,10.0
MEX,2014,2.84977325490688,2.4811855552773805,NY.GDP.MKTP.KD.ZG,5.0,10.0
MEX,2015,3.29315152833387,2.481490541250861,NY.GDP.MKTP.KD.ZG,5.0,10.0
MEX,2016,2.63053242455089,2.4378244998144867,NY.GDP.MKTP.KD.ZG,5.0,10.0
MEX,2017,2.11312913549695,2.603090747094754,NY.GDP.MKTP.KD.ZG,5.0,10.0
MEX,2018,2.19499204896051,3.008559110071549,NY.GDP.MKTP.KD.ZG,5.0,10.0
MEX,2019,-0.0545279280443225,3.1635037035124176,NY.GDP.MKTP.KD.ZG,5.0,10.0
MEX,2005,22.8,22.635264305852637,SH.DYN.MORT,0.05,5.0
MEX,2006,22.0,21.770106183803648,SH.DYN.MORT,0.05,5.0
MEX,2007,21.2,20.987002476231424,SH.DYN.MORT,0.05,5.0
MEX,2008,20.5,20.395396059563723,SH.DYN.MORT,0.05,5.0
MEX,2009,19.8,19.73364546934067,SH.DYN.MORT,0.05,5.0
MEX,2010,19.1,19.09710052499654,SH.DYN.MORT,0.05,5.0
MEX,2011,18.5,18.449079737737407,SH.DYN.MORT,0.05,5.0
MEX,2012,17.9,17.902610685896068,SH.DYN.MORT,0.05,5.0
MEX,2013,17.3,17.36297261432149,SH.DYN.MORT,0.05,5.0
MEX,2014,16.7,16.877177677821244,SH.DYN.MORT,0.05,5.0
MEX,2015,16.2,16.300394387140443,SH.DYN.MORT,0.05,5.0
MEX,2016,15.7,15.823576182616328,SH.DYN.MORT,0.05,5.0
MEX,2017,15.2,15.308016239325813,SH.DYN.MORT,0.05,5.0
MEX,2018,14.7,14.87272929894833,SH.DYN.MORT,0.05,5.0
MEX,2019,14.2,14.41040593007744,SH.DYN.MORT,0.05,5.0
MEX,2005,1685.09973741948,1625.4886557254313,EG.USE.PCAP.KG.OE,0.05,10.0
MEX,2006,1698.58532650869,1676.0377694677845,EG.USE.PCAP.KG.OE,0.05,10.0
MEX,2007,1662.60258047909,1720.8173283514502,EG.USE.PCAP.KG.OE,0.05,10.0
MEX,2008,1621.26496427316,1718.1525794341264,EG.USE.PCAP.KG.OE,0.05,10.0
MEX,2009,1599.51671063545,1683.4189643230602,EG.USE.PCAP.KG.OE,0.05,10.0
MEX,2010,1531.75696789919,1654.8392376778124,EG.USE.PCAP.KG.OE,0.05,10.0
MEX,2011,1587.07207096478,1507.8143080768775,EG.USE.PCAP.KG.OE,0.05,10.0
MEX,2012,1634.6974179034,1560.0752798771598,EG.USE.PCAP.KG.OE,0.05,10.0
MEX,2013,1616.61364483698,1603.6044294398994,EG.USE.PCAP.KG.OE,0.05,10.0
MEX,2014,1561.87334155916,1607.4859959054425,EG.USE.PCAP.KG.OE,0.05,10.0
MEX,2015,1537.26141203192,1555.5954956496107,EG.USE.PCAP.KG.OE,0.05,10.0
MEX,2016,1537.26141203192,1525.287984261238,EG.USE.PCAP.KG.OE,0.05,10.0
MEX,2017,1537.26141203192,1500.3823816019465,EG.USE.PCAP.KG.OE,0.05,10.0
MEX,2018,1537.26141203192,1490.056090991084,EG.USE.PCAP.KG.OE,0.05,10.0
MEX,2019,1537.26141203192,1488.0177966045887,EG.USE.PCAP.KG.OE,0.05,10.0
MEX,2005,586270.0,569572.2893503354,EN.ATM.GHGT.KT.CE,0.05,10.0
MEX,2006,609010.0,595587.2051634528,EN.ATM.GHGT.KT.CE,0.05,10.0
MEX,2007,630890.0,612192.1926828118,EN.ATM.GHGT.KT.CE,0.05,10.0
MEX,2008,660920.0,646076.356578453,EN.ATM.GHGT.KT.CE,0.05,10.0
MEX,2009,645320.0,672507.5972782065,EN.ATM.GHGT.KT.CE,0.05,10.0
MEX,2010,650160.0,675974.4583310238,EN.ATM.GHGT.KT.CE,0.05,10.0
MEX,2011,664660.0,668593.5997251188,EN.ATM.GHGT.KT.CE,0.05,10.0
MEX,2012,659240.0,681309.0595446061,EN.ATM.GHGT.KT.CE,0.05,10.0
MEX,2013,652690.0,682485.60777481,EN.ATM.GHGT.KT.CE,0.05,10.0
MEX,2014,645940.0,660896.5748532565,EN.ATM.GHGT.KT.CE,0.05,10.0
MEX,2015,670100.0,655066.2736177981,EN.ATM.GHGT.KT.CE,0.05,10.0
MEX,2016,682910.0,672440.2537636611,EN.ATM.GHGT.KT.CE,0.05,10.0
MEX,2017,678120.0,691146.4261802977,EN.ATM.GHGT.KT.CE,0.05,10.0
MEX,2018,679880.0,682499.6321553967,EN.ATM.GHGT.KT.CE,0.05,10.0
MEX,2019,679880.0,684599.1766070873,EN.ATM.GHGT.KT.CE,0.05,10.0
MEX,2005,3.07320418494207,3.2513221856949044,NV.AGR.TOTL.ZS,0.05,10.0
MEX,2006,3.0758258597569,2.940005475078833,NV.AGR.TOTL.ZS,0.05,10.0
MEX,2007,3.18171470291719,3.0212037950300292,NV.AGR.TOTL.ZS,0.05,10.0
MEX,2008,3.16037871706611,3.2156236441114188,NV.AGR.TOTL.ZS,0.05,10.0
MEX,2009,3.24149414069732,3.191208070677891,NV.AGR.TOTL.ZS,0.05,10.0
MEX,2010,3.21915447615495,3.3237184033281566,NV.AGR.TOTL.ZS,0.05,10.0
MEX,2011,3.08846155393052,3.1575659083449983,NV.AGR.TOTL.ZS,0.05,10.0
MEX,2012,3.17392496725059,2.9972648741441086,NV.AGR.TOTL.ZS,0.05,10.0
MEX,2013,3.13878369494526,3.0787711322015974,NV.AGR.TOTL.ZS,0.05,10.0
MEX,2014,3.13208940239957,3.2742071132760433,NV.AGR.TOTL.ZS,0.05,10.0
MEX,2015,3.19192365688526,3.2387538541391687,NV.AGR.TOTL.ZS,0.05,10.0
MEX,2016,3.34646441999055,3.2963048373873223,NV.AGR.TOTL.ZS,0.05,10.0
MEX,2017,3.38107388194982,3.38100332472421,NV.AGR.TOTL.ZS,0.05,10.0
MEX,2018,3.37379374485093,3.4773022396936177,NV.AGR.TOTL.ZS,0.05,10.0
MEX,2019,3.38835838442596,3.4889760014594775,NV.AGR.TOTL.ZS,0.05,10.0
MEX,2005,16.0133223549057,14.341798718387302,FS.AST.PRVT.GD.ZS,5.0,0.05
MEX,2006,19.1963430344542,15.606231385248876,FS.AST.PRVT.GD.ZS,5.0,0.05
MEX,2007,21.4036536132918,18.706194065119067,FS.AST.PRVT.GD.ZS,5.0,0.05
MEX,2008,20.6731402644964,22.146960646182883,FS.AST.PRVT.GD.ZS,5.0,0.05
MEX,2009,22.653812525056,20.648252951449585,FS.AST.PRVT.GD.ZS,5.0,0.05
MEX,2010,23.3288215281352,23.556886204688293,FS.AST.PRVT.GD.ZS,5.0,0.05
MEX,2011,24.554338330138,23.200001847071405,FS.AST.PRVT.GD.ZS,5.0,0.05
MEX,2012,26.048097048918,24.5153212083869,FS.AST.PRVT.GD.ZS,5.0,0.05
MEX,2013,29.0174615452067,25.98321726233362,FS.AST.PRVT.GD.ZS,5.0,0.05
MEX,2014,29.2368361941319,29.745941891544522,FS.AST.PRVT.GD.ZS,5.0,0.05
MEX,2015,31.9203247435746,29.05292873015448,FS.AST.PRVT.GD.ZS,5.0,0.05
MEX,2016,33.981702247293,32.25459418506826,FS.AST.PRVT.GD.ZS,5.0,0.05
MEX,2017,35.2857650767655,35.15705238213039,FS.AST.PRVT.GD.ZS,5.0,0.05
MEX,2018,34.5489734211499,37.01636324077198,FS.AST.PRVT.GD.ZS,5.0,0.05
MEX,2019,36.5734257120524,37.077926714436146,FS.AST.PRVT.GD.ZS,5.0,0.05
RUS,2005,73.463,73.40964989056215,SP.URB.TOTL.IN.ZS,0.05,0.05
RUS,2006,73.508,73.45565049461922,SP.URB.TOTL.IN.ZS,0.05,0.05
RUS,2007,73.553,73.50128896276847,SP.URB.TOTL.IN.ZS,0.05,0.05
RUS,2008,73.598,73.56304877633062,SP.URB.TOTL.IN.ZS,0.05,0.05
RUS,2009,73.642,73.59684110456911,SP.URB.TOTL.IN.ZS,0.05,0.05
RUS,2010,73.687,73.64202410735152,SP.URB.TOTL.IN.ZS,0.05,0.05
RUS,2011,73.732,73.72403207643018,SP.URB.TOTL.IN.ZS,0.05,0.05
RUS,2012,73.791,73.76307503009886,SP.URB.TOTL.IN.ZS,0.05,0.05
RUS,2013,73.863,73.83001455774858,SP.URB.TOTL.IN.ZS,0.05,0.05
RUS,2014,73.95,73.91058093349744,SP.URB.TOTL.IN.ZS,0.05,0.05
RUS,2015,74.05,73.9866837836982,SP.URB.TOTL.IN.ZS,0.05,0.05
RUS,2016,74.164,74.07870803184721,SP.URB.TOTL.IN.ZS,0.05,0.05
RUS,2017,74.292,74.2130925023213,SP.URB.TOTL.IN.ZS,0.05,0.05
RUS,2018,74.433,74.35568406202123,SP.URB.TOTL.IN.ZS,0.05,0.05
RUS,2019,74.587,74.4896100524891,SP.URB.TOTL.IN.ZS,0.05,0.05
RUS,2005,26.537,26.59216267705572,SP.RUR.TOTL.ZS,2.0,10.0
RUS,2006,26.492,26.544149625730896,SP.RUR.TOTL.ZS,2.0,10.0
RUS,2007,26.447,26.497854329534732,SP.RUR.TOTL.ZS,2.0,10.0
RUS,2008,26.402,26.433887398662932,SP.RUR.TOTL.ZS,2.0,10.0
RUS,2009,26.358,26.399567325091578,SP.RUR.TOTL.ZS,2.0,10.0
RUS,2010,26.313,26.355221864543847,SP.RUR.TOTL.ZS,2.0,10.0
RUS,2011,26.268,26.233465477451254,SP.RUR.TOTL.ZS,2.0,10.0
RUS,2012,26.209,26.207196486870643,SP.RUR.TOTL.ZS,2.0,10.0
RUS,2013,26.137,26.123374750174946,SP.RUR.TOTL.ZS,2.0,10.0
RUS,2014,26.05,26.06272228222541,SP.RUR.TOTL.ZS,2.0,10.0
RUS,2015,25.95,25.99201937847034,SP.RUR.TOTL.ZS,2.0,10.0
RUS,2016,25.836,25.907844468752142,SP.RUR.TOTL.ZS,2.0,10.0
RUS,2017,25.708,25.779605290253894,SP.RUR.TOTL.ZS,2.0,10.0
RUS,2018,25.567,25.647727447826192,SP.RUR.TOTL.ZS,2.0,10.0
RUS,2019,25.413,25.521787194807338,SP.RUR.TOTL.ZS,2.0,10.0
RUS,2005,58.92,58.87218944307669,SP.DYN.LE00.MA.IN,5.0,10.0
RUS,2006,60.43,58.71829455622044,SP.DYN.LE00.MA.IN,5.0,10.0
RUS,2007,61.46,60.652759336557224,SP.DYN.LE00.MA.IN,5.0,10.0
RUS,2008,61.92,61.84490280814114,SP.DYN.LE00.MA.IN,5.0,10.0
RUS,2009,62.87,61.92158872699727,SP.DYN.LE00.MA.IN,5.0,10.0
RUS,2010,63.09,63.06494685435557,SP.DYN.LE00.MA.IN,5.0,10.0
RUS,2011,64.04,63.51783772571418,SP.DYN.LE00.MA.IN,5.0,10.0
RUS,2012,64.56,64.44867889372226,SP.DYN.LE00.MA.IN,5.0,10.0
RUS,2013,65.13,65.01159093783701,SP.DYN.LE00.MA.IN,5.0,10.0
RUS,2014,65.29,65.82440077539087,SP.DYN.LE00.MA.IN,5.0,10.0
RUS,2015,65.92,65.98062202306659,SP.DYN.LE00.MA.IN,5.0,10.0
RUS,2016,66.5,66.53742379674836,SP.DYN.LE00.MA.IN,5.0,10.0
RUS,2017,67.51,67.20922382827465,SP.DYN.LE00.MA.IN,5.0,10.0
RUS,2018,67.75,68.10529104118945,SP.DYN.LE00.MA.IN,5.0,10.0
RUS,2019,68.24,68.63154142967406,SP.DYN.LE00.MA.IN,5.0,10.0
RUS,2005,65.529756097561,65.18555812254682,SP.DYN.LE00.IN,10.0,10.0
RUS,2006,66.7275609756098,65.2604120332463,SP.DYN.LE00.IN,10.0,10.0
RUS,2007,67.5868292682927,66.30781434026156,SP.DYN.LE00.IN,10.0,10.0
RUS,2008,67.9492682926829,67.6277418027632,SP.DYN.LE00.IN,10.0,10.0
RUS,2009,68.6846341463415,67.89734346268382,SP.DYN.LE00.IN,10.0,10.0
RUS,2010,68.8412195121951,68.6169906500748,SP.DYN.LE00.IN,10.0,10.0
RUS,2011,69.6839024390244,69.38032355448516,SP.DYN.LE00.IN,10.0,10.0
RUS,2012,70.0721951219512,69.9799309532568,SP.DYN.LE00.IN,10.0,10.0
RUS,2013,70.5787804878049,70.58703377677341,SP.DYN.LE00.IN,10.0,10.0
RUS,2014,70.7436585365854,71.12225487124715,SP.DYN.LE00.IN,10.0,10.0
RUS,2015,71.1834146341463,71.34271870198694,SP.DYN.LE00.IN,10.0,10.0
RUS,2016,71.6512195121951,71.69661826200182,SP.DYN.LE00.IN,10.0,10.0
RUS,2017,72.4514634146342,72.19388980271967,SP.DYN.LE00.IN,10.0,10.0
RUS,2018,72.6621951219512,72.89525407200485,SP.DYN.LE00.IN,10.0,10.0
RUS,2019,73.0839024390244,73.37109039298558,SP.DYN.LE00.IN,10.0,10.0
RUS,2005,764017107992.391,673029525360.4763,NY.GDP.MKTP.CD,0.05,0.05
RUS,2006,989930542278.695,857597205204.6735,NY.GDP.MKTP.CD,0.05,0.05
RUS,2007,1299705764823.62,1110240943697.0303,NY.GDP.MKTP.CD,0.05,0.05
RUS,2008,1660846387624.78,1676506572565.7468,NY.GDP.MKTP.CD,0.05,0.05
RUS,2009,1222644282201.86,2104353916770.8008,NY.GDP.MKTP.CD,0.05,0.05
RUS,2010,1524917468442.01,1118453261630.098,NY.GDP.MKTP.CD,0.05,0.05
RUS,2011,2045925608274.37,1507685992046.502,NY.GDP.MKTP.CD,0.05,0.05
RUS,2012,2208295773643.15,1977912821759.4438,NY.GDP.MKTP.CD,0.05,0.05
RUS,2013,2292473246621.08,2281792857013.3643,NY.GDP.MKTP.CD,0.05,0.05
RUS,2014,2059241965490.83,2498424512792.111,NY.GDP.MKTP.CD,0.05,0.05
RUS,2015,1363481063446.77,2277745925563.3184,NY.GDP.MKTP.CD,0.05,0.05
RUS,2016,1276786979221.81,1604913614612.2153,NY.GDP.MKTP.CD,0.05,0.05
RUS,2017,1574199387070.9,1268508553184.0852,NY.GDP.MKTP.CD,0.05,0.05
RUS,2018,1657328865709.99,1597657640625.0583,NY.GDP.MKTP.CD,0.05,0.05
RUS,2019,1687448525466.61,1616641602222.0552,NY.GDP.MKTP.CD,0.05,0.05
RUS,2005,21.5101825251255,20.669415046361983,NE.IMP.GNFS.ZS,5.0,10.0
RUS,2006,21.0029264232118,19.26430996935791,NE.IMP.GNFS.ZS,5.0,10.0
RUS,2007,21.5420622610532,18.298154273807885,NE.IMP.GNFS.ZS,5.0,10.0
RUS,2008,22.072905707322,20.339102455903586,NE.IMP.GNFS.ZS,5.0,10.0
RUS,2009,20.4969598237716,20.195975534698288,NE.IMP.GNFS.ZS,5.0,10.0
RUS,2010,21.1399447023288,19.36887375432203,NE.IMP.GNFS.ZS,5.0,10.0
RUS,2011,19.9800379279369,20.53398216588116,NE.IMP.GNFS.ZS,5.0,10.0
RUS,2012,20.2440700464294,20.012104544114887,NE.IMP.GNFS.ZS,5.0,10.0
RUS,2013,20.441812574244,19.78598998694298,NE.IMP.GNFS.ZS,5.0,10.0
RUS,2014,20.6902442110591,20.09019180247822,NE.IMP.GNFS.ZS,5.0,10.0
RUS,2015,20.6559598687647,20.320597439436295,NE.IMP.GNFS.ZS,5.0,10.0
RUS,2016,20.6636368626929,20.350192136771355,NE.IMP.GNFS.ZS,5.0,10.0
RUS,2017,20.7856433573743,20.218549821189175,NE.IMP.GNFS.ZS,5.0,10.0
RUS,2018,20.7876533576935,20.116277269259946,NE.IMP.GNFS.ZS,5.0,10.0
RUS,2019,20.9079812964948,20.166321095002647,NE.IMP.GNFS.ZS,5.0,10.0
RUS,2005,35.2030659646294,30.657839686080944,NE.EXP.GNFS.ZS,5.0,1.0
RUS,2006,33.7304754438509,29.78675274027112,NE.EXP.GNFS.ZS,5.0,1.0
RUS,2007,30.1640604847185,27.91336298669359,NE.EXP.GNFS.ZS,5.0,1.0
RUS,2008,31.3095603335689,27.91484359838298,NE.EXP.GNFS.ZS,5.0,1.0
RUS,2009,27.938101204296,28.698762737399434,NE.EXP.GNFS.ZS,5.0,1.0
RUS,2010,29.2155607850389,26.501840760106177,NE.EXP.GNFS.ZS,5.0,1.0
RUS,2011,28.0553614798549,29.72553799585964,NE.EXP.GNFS.ZS,5.0,1.0
RUS,2012,26.9073203393663,28.441497883981707,NE.EXP.GNFS.ZS,5.0,1.0
RUS,2013,25.845336826255,27.06586975081482,NE.EXP.GNFS.ZS,5.0,1.0
RUS,2014,27.1110970517525,28.502729149341654,NE.EXP.GNFS.ZS,5.0,1.0
RUS,2015,28.703389442924,30.258240185146263,NE.EXP.GNFS.ZS,5.0,1.0
RUS,2016,25.8544829769167,30.954062018885935,NE.EXP.GNFS.ZS,5.0,1.0
RUS,2017,26.0908809797568,27.229894145598116,NE.EXP.GNFS.ZS,5.0,1.0
RUS,2018,30.7932713033152,26.722987419981166,NE.EXP.GNFS.ZS,5.0,1.0
RUS,2019,28.5363983565997,28.35126063444948,NE.EXP.GNFS.ZS,5.0,1.0
RUS,2005,6.39996544785382,6.9021370189225415,NY.GDP.MKTP.KD.ZG,10.0,10.0
RUS,2006,8.200068255056,6.321477891256649,NY.GDP.MKTP.KD.ZG,10.0,10.0
RUS,2007,8.49997776846357,6.924238449869292,NY.GDP.MKTP.KD.ZG,10.0,10.0
RUS,2008,5.19996926498843,8.380713371312611,NY.GDP.MKTP.KD.ZG,10.0,10.0
RUS,2009,-7.79999391343111,9.030212741992443,NY.GDP.MKTP.KD.ZG,10.0,10.0
RUS,2010,4.50000000003065,0.06891370641529448,NY.GDP.MKTP.KD.ZG,10.0,10.0
RUS,2011,4.3000291857941,2.4371429056527054,NY.GDP.MKTP.KD.ZG,10.0,10.0
RUS,2012,4.02408615720979,3.7610378382139653,NY.GDP.MKTP.KD.ZG,10.0,10.0
RUS,2013,1.75542214909368,3.6312127602675606,NY.GDP.MKTP.KD.ZG,10.0,10.0
RUS,2014,0.736267221415574,3.761088820148343,NY.GDP.MKTP.KD.ZG,10.0,10.0
RUS,2015,-1.97271922637542,4.322688680448572,NY.GDP.MKTP.KD.ZG,10.0,10.0
RUS,2016,0.193690071729534,5.135679767563515,NY.GDP.MKTP.KD.ZG,10.0,10.0
RUS,2017,1.82579006355112,3.884853272310977,NY.GDP.MKTP.KD.ZG,10.0,10.0
RUS,2018,2.80724541049418,1.5664579311816897,NY.GDP.MKTP.KD.ZG,10.0,10.0
RUS,2019,2.03298273919678,1.2585217973400304,NY.GDP.MKTP.KD.ZG,10.0,10.0
RUS,2005,13.8,13.83629474962537,SH.DYN.MORT,0.05,10.0
RUS,2006,12.8,12.712421298253297,SH.DYN.MORT,0.05,10.0
RUS,2007,11.9,11.76122488203164,SH.DYN.MORT,0.05,10.0
RUS,2008,11.2,11.015298207350833,SH.DYN.MORT,0.05,10.0
RUS,2009,10.7,10.536721108229045,SH.DYN.MORT,0.05,10.0
RUS,2010,10.4,10.209453874761845,SH.DYN.MORT,0.05,10.0
RUS,2011,10.1,10.154476947543298,SH.DYN.MORT,0.05,10.0
RUS,2012,9.8,9.867874340109891,SH.DYN.MORT,0.05,10.0
RUS,2013,9.5,9.55415157006676,SH.DYN.MORT,0.05,10.0
RUS,2014,8.9,9.244610127871344,SH.DYN.MORT,0.05,10.0
RUS,2015,8.2,8.500310671481946,SH.DYN.MORT,0.05,10.0
RUS,2016,7.5,7.755638017040145,SH.DYN.MORT,0.05,10.0
RUS,2017,6.9,7.043026135555816,SH.DYN.MORT,0.05,10.0
RUS,2018,6.3,6.488705587681488,SH.DYN.MORT,0.05,10.0
RUS,2019,5.8,5.928931592771349,SH.DYN.MORT,0.05,10.0
RUS,2005,4540.90815577671,4478.578154770564,EG.USE.PCAP.KG.OE,10.0,0.05
RUS,2006,4688.39102332011,4554.04184209871,EG.USE.PCAP.KG.OE,10.0,0.05
RUS,2007,4709.84488692751,4758.453129704705,EG.USE.PCAP.KG.OE,10.0,0.05
RUS,2008,4823.12599470293,4781.268524579829,EG.USE.PCAP.KG.OE,10.0,0.05
RUS,2009,4531.28646273085,4920.74444088028,EG.USE.PCAP.KG.OE,10.0,0.05
RUS,2010,4819.04078214698,4424.733254666095,EG.USE.PCAP.KG.OE,10.0,0.05
RUS,2011,5049.42663067025,4656.683711184911,EG.USE.PCAP.KG.OE,10.0,0.05
RUS,2012,5167.01035317865,4917.015195768583,EG.USE.PCAP.KG.OE,10.0,0.05
RUS,2013,5078.62634152433,5082.157900648212,EG.USE.PCAP.KG.OE,10.0,0.05
RUS,2014,4942.87548308675,5189.736603340461,EG.USE.PCAP.KG.OE,10.0,0.05
RUS,2015,4942.87548308675,5078.452212644607,EG.USE.PCAP.KG.OE,10.0,0.05
RUS,2016,4942.87548308675,5034.903574587146,EG.USE.PCAP.KG.OE,10.0,0.05
RUS,2017,4942.87548308675,4954.509515657276,EG.USE.PCAP.KG.OE,10.0,0.05
RUS,2018,4942.87548308675,4965.668587203557,EG.USE.PCAP.KG.OE,10.0,0.05
RUS,2019,4942.87548308675,4967.8383450729,EG.USE.PCAP.KG.OE,10.0,0.05
RUS,2005,2373120.0,2378890.951898696,EN.ATM.GHGT.KT.CE,10.0,0.05
RUS,2006,2445030.0,2369089.53619536,EN.ATM.GHGT.KT.CE,10.0,0.05
RUS,2007,2456090.0,2481277.7289963174,EN.ATM.GHGT.KT.CE,10.0,0.05
RUS,2008,2484910.0,2466391.0794427125,EN.ATM.GHGT.KT.CE,10.0,0.05
RUS,2009,2339900.0,2505607.548773525,EN.ATM.GHGT.KT.CE,10.0,0.05
RUS,2010,2454000.0,2235297.958680505,EN.ATM.GHGT.KT.CE,10.0,0.05
RUS,2011,2546200.0,2403722.492004366,EN.ATM.GHGT.KT.CE,10.0,0.05
RUS,2012,2566170.0,2502458.983439312,EN.ATM.GHGT.KT.CE,10.0,0.05
RUS,2013,2529020.0,2535801.7962969644,EN.ATM.GHGT.KT.CE,10.0,0.05
RUS,2014,2521740.0,2548256.2175709615,EN.ATM.GHGT.KT.CE,10.0,0.05
RUS,2015,2475690.0,2537632.433907227,EN.ATM.GHGT.KT.CE,10.0,0.05
RUS,2016,2470100.0,2502222.941647134,EN.ATM.GHGT.KT.CE,10.0,0.05
RUS,2017,2494150.0,2471854.649344125,EN.ATM.GHGT.KT.CE,10.0,0.05
RUS,2018,2543400.0,2490841.6169506125,EN.ATM.GHGT.KT.CE,10.0,0.05
RUS,2019,2543400.0,2534089.4838171215,EN.ATM.GHGT.KT.CE,10.0,0.05
RUS,2005,4.25591600591586,4.750946698724029,NV.AGR.TOTL.ZS,2.0,2.0
RUS,2006,3.86131247121949,4.189395268689642,NV.AGR.TOTL.ZS,2.0,2.0
RUS,2007,3.77890170628363,3.824409011727294,NV.AGR.TOTL.ZS,2.0,2.0
RUS,2008,3.75334118813491,3.5311455186163263,NV.AGR.TOTL.ZS,2.0,2.0
RUS,2009,4.08444869720522,3.5317420701637303,NV.AGR.TOTL.ZS,2.0,2.0
RUS,2010,3.34389824902913,3.7531719692348258,NV.AGR.TOTL.ZS,2.0,2.0
RUS,2011,3.1507257212962,3.693531480975208,NV.AGR.TOTL.ZS,2.0,2.0
RUS,2012,2.92603087775353,3.3796199029514455,NV.AGR.TOTL.ZS,2.0,2.0
RUS,2013,2.99360048776678,3.1543099417574707,NV.AGR.TOTL.ZS,2.0,2.0
RUS,2014,3.36060548804252,2.885468468343812,NV.AGR.TOTL.ZS,2.0,2.0
RUS,2015,3.87310448732299,3.16625210945933,NV.AGR.TOTL.ZS,2.0,2.0
RUS,2016,3.84021728459951,3.5569428042024125,NV.AGR.TOTL.ZS,2.0,2.0
RUS,2017,3.55363208990976,3.6737751514809887,NV.AGR.TOTL.ZS,2.0,2.0
RUS,2018,3.39425497912827,3.4661749037875813,NV.AGR.TOTL.ZS,2.0,2.0
RUS,2019,3.49556654702251,3.3840079216018584,NV.AGR.TOTL.ZS,2.0,2.0
RUS,2005,25.9225395239653,26.905641571103125,FS.AST.PRVT.GD.ZS,2.0,0.05
RUS,2006,30.9419240281961,28.015213159377154,FS.AST.PRVT.GD.ZS,2.0,0.05
RUS,2007,37.7835777176812,35.08730313938846,FS.AST.PRVT.GD.ZS,2.0,0.05
RUS,2008,41.5540438231948,45.19915836900407,FS.AST.PRVT.GD.ZS,2.0,0.05
RUS,2009,45.2609092974413,47.33354941357071,FS.AST.PRVT.GD.ZS,2.0,0.05
RUS,2010,42.8400452492052,51.46036892400694,FS.AST.PRVT.GD.ZS,2.0,0.05
RUS,2011,41.6986059819676,39.02133626124346,FS.AST.PRVT.GD.ZS,2.0,0.05
RUS,2012,43.9139602428073,39.11551649632875,FS.AST.PRVT.GD.ZS,2.0,0.05
RUS,2013,48.0247500537777,43.79146451428356,FS.AST.PRVT.GD.ZS,2.0,0.05
RUS,2014,54.8322798937112,50.74504984445162,FS.AST.PRVT.GD.ZS,2.0,0.05
RUS,2015,55.9520226893608,58.61788857423096,FS.AST.PRVT.GD.ZS,2.0,0.05
RUS,2016,53.1024738337766,57.40571948903796,FS.AST.PRVT.GD.ZS,2.0,0.05
RUS,2017,52.0765975053134,51.954454298357014,FS.AST.PRVT.GD.ZS,2.0,0.05
RUS,2018,51.2433348034213,51.61939518108858,FS.AST.PRVT.GD.ZS,2.0,0.05
RUS,2019,52.7378967696903,50.93387258581602,FS.AST.PRVT.GD.ZS,2.0,0.05
SAU,2005,80.979,80.9523267874765,SP.URB.TOTL.IN.ZS,0.05,10.0
SAU,2006,81.204,81.16414647428202,SP.URB.TOTL.IN.ZS,0.05,10.0
SAU,2007,81.427,81.3782784883538,SP.URB.TOTL.IN.ZS,0.05,10.0
SAU,2008,81.649,81.7003533660385,SP.URB.TOTL.IN.ZS,0.05,10.0
SAU,2009,81.867,81.95973941660812,SP.URB.TOTL.IN.ZS,0.05,10.0
SAU,2010,82.084,82.17179933508075,SP.URB.TOTL.IN.ZS,0.05,10.0
SAU,2011,82.302,82.33178165274936,SP.URB.TOTL.IN.ZS,0.05,10.0
SAU,2012,82.52,82.54333014204475,SP.URB.TOTL.IN.ZS,0.05,10.0
SAU,2013,82.74,82.7510539047145,SP.URB.TOTL.IN.ZS,0.05,10.0
SAU,2014,82.96,82.96902222628069,SP.URB.TOTL.IN.ZS,0.05,10.0
SAU,2015,83.18,83.1900667825636,SP.URB.TOTL.IN.ZS,0.05,10.0
SAU,2016,83.401,83.41144192319388,SP.URB.TOTL.IN.ZS,0.05,10.0
SAU,2017,83.622,83.62325383050626,SP.URB.TOTL.IN.ZS,0.05,10.0
SAU,2018,83.844,83.8554123524446,SP.URB.TOTL.IN.ZS,0.05,10.0
SAU,2019,84.065,84.07909359803222,SP.URB.TOTL.IN.ZS,0.05,10.0
SAU,2005,19.021,19.10402681939411,SP.RUR.TOTL.ZS,0.05,10.0
SAU,2006,18.796,18.932759183670257,SP.RUR.TOTL.ZS,0.05,10.0
SAU,2007,18.573,18.7721738243709,SP.RUR.TOTL.ZS,0.05,10.0
SAU,2008,18.351,18.315288212686493,SP.RUR.TOTL.ZS,0.05,10.0
SAU,2009,18.133,18.065769421593593,SP.RUR.TOTL.ZS,0.05,10.0
SAU,2010,17.916,17.853360182590638,SP.RUR.TOTL.ZS,0.05,10.0
SAU,2011,17.698,17.713092824367116,SP.RUR.TOTL.ZS,0.05,10.0
SAU,2012,17.48,17.49620548065353,SP.RUR.TOTL.ZS,0.05,10.0
SAU,2013,17.26,17.276618887937623,SP.RUR.TOTL.ZS,0.05,10.0
SAU,2014,17.04,17.05760137173451,SP.RUR.TOTL.ZS,0.05,10.0
SAU,2015,16.82,16.841091019871953,SP.RUR.TOTL.ZS,0.05,10.0
SAU,2016,16.599,16.624885659230554,SP.RUR.TOTL.ZS,0.05,10.0
SAU,2017,16.378,16.397532611706552,SP.RUR.TOTL.ZS,0.05,10.0
SAU,2018,16.156,16.1897723707676,SP.RUR.TOTL.ZS,0.05,10.0
SAU,2019,15.935,15.972328071995324,SP.RUR.TOTL.ZS,0.05,10.0
SAU,2005,71.883,71.98052704669874,SP.DYN.LE00.MA.IN,0.05,10.0
SAU,2006,72.005,72.0861406141636,SP.DYN.LE00.MA.IN,0.05,10.0
SAU,2007,72.136,72.19354335485328,SP.DYN.LE00.MA.IN,0.05,10.0
SAU,2008,72.282,72.30276047112386,SP.DYN.LE00.MA.IN,0.05,10.0
SAU,2009,72.446,72.52077924947736,SP.DYN.LE00.MA.IN,0.05,10.0
SAU,2010,72.625,72.65059922388207,SP.DYN.LE00.MA.IN,0.05,10.0
SAU,2011,72.808,73.01336917997176,SP.DYN.LE00.MA.IN,0.05,10.0
SAU,2012,72.984,73.09229576114056,SP.DYN.LE00.MA.IN,0.05,10.0
SAU,2013,73.147,73.14849108927835,SP.DYN.LE00.MA.IN,0.05,10.0
SAU,2014,73.293,73.30811533424577,SP.DYN.LE00.MA.IN,0.05,10.0
SAU,2015,73.425,73.4804995079412,SP.DYN.LE00.MA.IN,0.05,10.0
SAU,2016,73.548,73.66113310468398,SP.DYN.LE00.MA.IN,0.05,10.0
SAU,2017,73.671,73.76633991522161,SP.DYN.LE00.MA.IN,0.05,10.0
SAU,2018,73.799,73.87599057015565,SP.DYN.LE00.MA.IN,0.05,10.0
SAU,2019,73.935,73.99352665173751,SP.DYN.LE00.MA.IN,0.05,10.0
SAU,2005,73.256,73.33788096524927,SP.DYN.LE00.IN,0.05,10.0
SAU,2006,73.355,73.41929120587908,SP.DYN.LE00.IN,0.05,10.0
SAU,2007,73.467,73.51181044968317,SP.DYN.LE00.IN,0.05,10.0
SAU,2008,73.598,73.63987408755699,SP.DYN.LE00.IN,0.05,10.0
SAU,2009,73.75,73.86426504300267,SP.DYN.LE00.IN,0.05,10.0
SAU,2010,73.917,73.97977020808784,SP.DYN.LE00.IN,0.05,10.0
SAU,2011,74.089,74.2813982203086,SP.DYN.LE00.IN,0.05,10.0
SAU,2012,74.254,74.34934225341708,SP.DYN.LE00.IN,0.05,10.0
SAU,2013,74.402,74.39876698348523,SP.DYN.LE00.IN,0.05,10.0
SAU,2014,74.533,74.54129649361656,SP.DYN.LE00.IN,0.05,10.0
SAU,2015,74.651,74.69910306143855,SP.DYN.LE00.IN,0.05,10.0
SAU,2016,74.761,74.86600528250663,SP.DYN.LE00.IN,0.05,10.0
SAU,2017,74.874,74.95879415768842,SP.DYN.LE00.IN,0.05,10.0
SAU,2018,74.998,75.04155903906742,SP.DYN.LE00.IN,0.05,10.0
SAU,2019,75.133,75.15244026522052,SP.DYN.LE00.IN,0.05,10.0
SAU,2005,328459700114.755,281029096113.6653,NY.GDP.MKTP.CD,0.05,10.0
SAU,2006,376900135727.637,361672375243.3013,NY.GDP.MKTP.CD,0.05,10.0
SAU,2007,415964583055.37,418269334048.6586,NY.GDP.MKTP.CD,0.05,10.0
SAU,2008,519796738640.0,473753500087.8787,NY.GDP.MKTP.CD,0.05,10.0
SAU,2009,429097899280.0,608656336626.8873,NY.GDP.MKTP.CD,0.05,10.0
SAU,2010,528207332640.0,463305119280.5195,NY.GDP.MKTP.CD,0.05,10.0
SAU,2011,671238840106.667,433014446507.84375,NY.GDP.MKTP.CD,0.05,10.0
SAU,2012,735974843360.0,565665103778.9719,NY.GDP.MKTP.CD,0.05,10.0
SAU,2013,746647127413.333,705074539772.3717,NY.GDP.MKTP.CD,0.05,10.0
SAU,2014,756350347333.333,818296027709.5823,NY.GDP.MKTP.CD,0.05,10.0
SAU,2015,654269902880.0,834064040321.4409,NY.GDP.MKTP.CD,0.05,10.0
SAU,2016,644935541440.0,764096133012.1903,NY.GDP.MKTP.CD,0.05,10.0
SAU,2017,688586244293.333,684010114631.6608,NY.GDP.MKTP.CD,0.05,10.0
SAU,2018,786521831573.333,696500945819.1193,NY.GDP.MKTP.CD,0.05,10.0
SAU,2019,792966838160.0,776526148575.0151,NY.GDP.MKTP.CD,0.05,10.0
SAU,2005,24.9033260253869,24.448499086141915,NE.IMP.GNFS.ZS,10.0,10.0
SAU,2006,30.1126962552823,25.357791557074876,NE.IMP.GNFS.ZS,10.0,10.0
SAU,2007,34.9258707960444,28.484884744376707,NE.IMP.GNFS.ZS,10.0,10.0
SAU,2008,33.991132853638,36.05253043421831,NE.IMP.GNFS.ZS,10.0,10.0
SAU,2009,37.7697180383797,36.3322806452489,NE.IMP.GNFS.ZS,10.0,10.0
SAU,2010,32.9800293499639,38.472151066304434,NE.IMP.GNFS.ZS,10.0,10.0
SAU,2011,29.4942805507509,33.46058419009838,NE.IMP.GNFS.ZS,10.0,10.0
SAU,2012,29.2409476865863,31.671594363358246,NE.IMP.GNFS.ZS,10.0,10.0
SAU,2013,30.7910914753617,32.14902528046615,NE.IMP.GNFS.ZS,10.0,10.0
SAU,2014,33.7651794890848,31.52424458378158,NE.IMP.GNFS.ZS,10.0,10.0
SAU,2015,37.7989650822578,31.62085479639053,NE.IMP.GNFS.ZS,10.0,10.0
SAU,2016,30.7178326311183,31.25000135293706,NE.IMP.GNFS.ZS,10.0,10.0
SAU,2017,29.3319394261433,23.316788328332823,NE.IMP.GNFS.ZS,10.0,10.0
SAU,2018,26.6476256885104,22.089242197122513,NE.IMP.GNFS.ZS,10.0,10.0
SAU,2019,27.6103408907754,22.732340241732313,NE.IMP.GNFS.ZS,10.0,10.0
SAU,2005,57.0507271227029,51.76321741797214,NE.EXP.GNFS.ZS,0.05,10.0
SAU,2006,59.8319078927143,57.83781747345979,NE.EXP.GNFS.ZS,0.05,10.0
SAU,2007,59.9374295654405,60.7922659883978,NE.EXP.GNFS.ZS,0.05,10.0
SAU,2008,62.1115093651254,62.27290618410748,NE.EXP.GNFS.ZS,0.05,10.0
SAU,2009,47.0886170744962,64.28101166946225,NE.EXP.GNFS.ZS,0.05,10.0
SAU,2010,49.5697775892958,48.646914976265684,NE.EXP.GNFS.ZS,0.05,10.0
SAU,2011,56.0492397321467,50.607482350467876,NE.EXP.GNFS.ZS,0.05,10.0
SAU,2012,54.2708404963725,56.534470411616304,NE.EXP.GNFS.ZS,0.05,10.0
SAU,2013,51.9179576046333,54.657298882503135,NE.EXP.GNFS.ZS,0.05,10.0
SAU,2014,46.8752915114018,52.62876099215286,NE.EXP.GNFS.ZS,0.05,10.0
SAU,2015,33.3211712418097,48.66686681267202,NE.EXP.GNFS.ZS,0.05,10.0
SAU,2016,31.1442093932068,37.564774369578856,NE.EXP.GNFS.ZS,0.05,10.0
SAU,2017,34.8530548559188,31.088746227709542,NE.EXP.GNFS.ZS,0.05,10.0
SAU,2018,40.0391406236609,35.69578954817543,NE.EXP.GNFS.ZS,0.05,10.0
SAU,2019,36.0494170526613,40.95220208228402,NE.EXP.GNFS.ZS,0.05,10.0
SAU,2005,5.57385012142883,-0.555614890267055,NY.GDP.MKTP.KD.ZG,0.05,10.0
SAU,2006,2.78840222774237,-1.6403213725982688,NY.GDP.MKTP.KD.ZG,0.05,10.0
SAU,2007,1.84713025161132,-2.860175964458751,NY.GDP.MKTP.KD.ZG,0.05,10.0
SAU,2008,6.24977275479299,4.55886065349606,NY.GDP.MKTP.KD.ZG,0.05,10.0
SAU,2009,-2.05924918993833,4.127149303204769,NY.GDP.MKTP.KD.ZG,0.05,10.0
SAU,2010,5.03948402676544,4.006070325030009,NY.GDP.MKTP.KD.ZG,0.05,10.0
SAU,2011,9.99684655397263,2.67690262511272,NY.GDP.MKTP.KD.ZG,0.05,10.0
SAU,2012,5.41144490216435,1.670100555851126,NY.GDP.MKTP.KD.ZG,0.05,10.0
SAU,2013,2.69925472255672,2.529862929883513,NY.GDP.MKTP.KD.ZG,0.05,10.0
SAU,2014,3.65248169757899,3.4198757225912906,NY.GDP.MKTP.KD.ZG,0.05,10.0
SAU,2015,4.10640887013656,4.112926931935602,NY.GDP.MKTP.KD.ZG,0.05,10.0
SAU,2016,1.67062475765871,4.843161926299615,NY.GDP.MKTP.KD.ZG,0.05,10.0
SAU,2017,-0.74150265286427,4.150772503243761,NY.GDP.MKTP.KD.ZG,0.05,10.0
SAU,2018,2.43411078064224,3.974862373091475,NY.GDP.MKTP.KD.ZG,0.05,10.0
SAU,2019,0.331435728597114,5.1908893162833145,NY.GDP.MKTP.KD.ZG,0.05,10.0
SAU,2005,16.4,16.572468344208797,SH.DYN.MORT,0.05,10.0
SAU,2006,15.4,15.684640111686416,SH.DYN.MORT,0.05,10.0
SAU,2007,14.5,14.81380253138763,SH.DYN.MORT,0.05,10.0
SAU,2008,13.6,13.79394948462267,SH.DYN.MORT,0.05,10.0
SAU,2009,12.7,12.997272872663412,SH.DYN.MORT,0.05,10.0
SAU,2010,11.9,12.12843439067532,SH.DYN.MORT,0.05,10.0
SAU,2011,11.1,11.172207488606848,SH.DYN.MORT,0.05,10.0
SAU,2012,10.4,10.414408218891914,SH.DYN.MORT,0.05,10.0
SAU,2013,9.7,9.774045373799208,SH.DYN.MORT,0.05,10.0
SAU,2014,9.1,9.075729534143491,SH.DYN.MORT,0.05,10.0
SAU,2015,8.4,8.48241459693941,SH.DYN.MORT,0.05,10.0
SAU,2016,7.9,7.8375156543530995,SH.DYN.MORT,0.05,10.0
SAU,2017,7.4,7.297816903770222,SH.DYN.MORT,0.05,10.0
SAU,2018,7.0,6.87465264716684,SH.DYN.MORT,0.05,10.0
SAU,2019,6.6,6.457521259129569,SH.DYN.MORT,0.05,10.0
SAU,2005,5145.60138225387,5417.977106158121,EG.USE.PCAP.KG.OE,0.05,10.0
SAU,2006,5543.05784239102,5629.320521776529,EG.USE.PCAP.KG.OE,0.05,10.0
SAU,2007,5571.71244684597,6042.511855089111,EG.USE.PCAP.KG.OE,0.05,10.0
SAU,2008,6046.69905037114,5905.822847769481,EG.USE.PCAP.KG.OE,0.05,10.0
SAU,2009,6257.64840152213,6073.224807610186,EG.USE.PCAP.KG.OE,0.05,10.0
SAU,2010,6764.3747592215,6450.042804257784,EG.USE.PCAP.KG.OE,0.05,10.0
SAU,2011,6301.29330794407,6485.296139602118,EG.USE.PCAP.KG.OE,0.05,10.0
SAU,2012,6871.87116981272,6709.905387938583,EG.USE.PCAP.KG.OE,0.05,10.0
SAU,2013,6394.94193708797,6685.476659105294,EG.USE.PCAP.KG.OE,0.05,10.0
SAU,2014,6905.84343952665,7003.216963226493,EG.USE.PCAP.KG.OE,0.05,10.0
SAU,2015,6905.84343952665,6457.79105505995,EG.USE.PCAP.KG.OE,0.05,10.0
SAU,2016,6905.84343952665,6857.814715490254,EG.USE.PCAP.KG.OE,0.05,10.0
SAU,2017,6905.84343952665,6657.59131974885,EG.USE.PCAP.KG.OE,0.05,10.0
SAU,2018,6905.84343952665,6487.48141291139,EG.USE.PCAP.KG.OE,0.05,10.0
SAU,2019,6905.84343952665,6549.572021562355,EG.USE.PCAP.KG.OE,0.05,10.0
SAU,2005,366490.0,362201.19503523293,EN.ATM.GHGT.KT.CE,0.05,0.05
SAU,2006,389510.0,382238.55044961435,EN.ATM.GHGT.KT.CE,0.05,0.05
SAU,2007,412590.0,406149.04066821246,EN.ATM.GHGT.KT.CE,0.05,0.05
SAU,2008,450110.0,433398.5550399322,EN.ATM.GHGT.KT.CE,0.05,0.05
SAU,2009,470780.0,463794.5699376428,EN.ATM.GHGT.KT.CE,0.05,0.05
SAU,2010,514560.0,493174.9023092784,EN.ATM.GHGT.KT.CE,0.05,0.05
SAU,2011,534210.0,529198.540220593,EN.ATM.GHGT.KT.CE,0.05,0.05
SAU,2012,568100.0,576229.1736159986,EN.ATM.GHGT.KT.CE,0.05,0.05
SAU,2013,585810.0,616416.8927169943,EN.ATM.GHGT.KT.CE,0.05,0.05
SAU,2014,629390.0,619715.5867311104,EN.ATM.GHGT.KT.CE,0.05,0.05
SAU,2015,660370.0,652302.7283780301,EN.ATM.GHGT.KT.CE,0.05,0.05
SAU,2016,664170.0,687003.2906906074,EN.ATM.GHGT.KT.CE,0.05,0.05
SAU,2017,656080.0,689292.6845727353,EN.ATM.GHGT.KT.CE,0.05,0.05
SAU,2018,638120.0,685564.262622773,EN.ATM.GHGT.KT.CE,0.05,0.05
SAU,2019,638120.0,673988.1875457112,EN.ATM.GHGT.KT.CE,0.05,0.05
SAU,2005,3.22080717494782,4.356018996774418,NV.AGR.TOTL.ZS,0.05,10.0
SAU,2006,2.94857030298235,4.071710086589424,NV.AGR.TOTL.ZS,0.05,10.0
SAU,2007,2.77018977615721,4.151289999435394,NV.AGR.TOTL.ZS,0.05,10.0
SAU,2008,2.31687426733563,2.8501319288246902,NV.AGR.TOTL.ZS,0.05,10.0
SAU,2009,2.85408847271204,2.6318778254195507,NV.AGR.TOTL.ZS,0.05,10.0
SAU,2010,2.6402763595935,3.167662484452451,NV.AGR.TOTL.ZS,0.05,10.0
SAU,2011,2.17142778334318,3.0434712810953073,NV.AGR.TOTL.ZS,0.05,10.0
SAU,2012,2.07934643483201,2.4088043584992116,NV.AGR.TOTL.ZS,0.05,10.0
SAU,2013,2.15730645378212,2.092210856604274,NV.AGR.TOTL.ZS,0.05,10.0
SAU,2014,2.22697502456624,2.066968496191174,NV.AGR.TOTL.ZS,0.05,10.0
SAU,2015,2.61938789958522,2.11749606002168,NV.AGR.TOTL.ZS,0.05,10.0
SAU,2016,2.68563211159473,2.4361135894548345,NV.AGR.TOTL.ZS,0.05,10.0
SAU,2017,2.52847250594361,2.535671742969715,NV.AGR.TOTL.ZS,0.05,10.0
SAU,2018,2.22444629392364,2.3345958092044556,NV.AGR.TOTL.ZS,0.05,10.0
SAU,2019,2.23333637353109,2.0711020456739653,NV.AGR.TOTL.ZS,0.05,10.0
SAU,2005,35.4189081284071,34.56397015203638,FS.AST.PRVT.GD.ZS,10.0,10.0
SAU,2006,33.7245865684485,39.10971233807389,FS.AST.PRVT.GD.ZS,10.0,10.0
SAU,2007,37.0715822251699,41.702851576909296,FS.AST.PRVT.GD.ZS,10.0,10.0
SAU,2008,37.6843232951352,40.14571108622701,FS.AST.PRVT.GD.ZS,10.0,10.0
SAU,2009,45.6297978453249,40.771408788309685,FS.AST.PRVT.GD.ZS,10.0,10.0
SAU,2010,39.1642035523056,44.38996994202,FS.AST.PRVT.GD.ZS,10.0,10.0
SAU,2011,34.1007294458148,38.866559749974634,FS.AST.PRVT.GD.ZS,10.0,10.0
SAU,2012,36.3391798709229,37.31734091579642,FS.AST.PRVT.GD.ZS,10.0,10.0
SAU,2013,40.2187357911617,38.18121614926352,FS.AST.PRVT.GD.ZS,10.0,10.0
SAU,2014,44.2902349131025,36.94605503371775,FS.AST.PRVT.GD.ZS,10.0,10.0
SAU,2015,55.9167833727737,35.668539086508176,FS.AST.PRVT.GD.ZS,10.0,10.0
SAU,2016,58.1144945658111,31.60999965402871,FS.AST.PRVT.GD.ZS,10.0,10.0
SAU,2017,53.9733409378804,59.30582971094552,FS.AST.PRVT.GD.ZS,10.0,10.0
SAU,2018,53.9733409378804,57.69058613559497,FS.AST.PRVT.GD.ZS,10.0,10.0
SAU,2019,53.9733409378804,57.706948831701276,FS.AST.PRVT.GD.ZS,10.0,10.0
TUR,2005,67.84,67.85971083605736,SP.URB.TOTL.IN.ZS,0.05,10.0
TUR,2006,68.45,68.46246916234512,SP.URB.TOTL.IN.ZS,0.05,10.0
TUR,2007,69.053,69.06169084641321,SP.URB.TOTL.IN.ZS,0.05,10.0
TUR,2008,69.651,69.65093595993909,SP.URB.TOTL.IN.ZS,0.05,10.0
TUR,2009,70.241,70.25840902349263,SP.URB.TOTL.IN.ZS,0.05,10.0
TUR,2010,70.825,70.86147156548526,SP.URB.TOTL.IN.ZS,0.05,10.0
TUR,2011,71.402,71.47337399787396,SP.URB.TOTL.IN.ZS,0.05,10.0
TUR,2012,71.974,72.02953390797268,SP.URB.TOTL.IN.ZS,0.05,10.0
TUR,2013,72.531,72.58902488278454,SP.URB.TOTL.IN.ZS,0.05,10.0
TUR,2014,73.077,73.16660896568754,SP.URB.TOTL.IN.ZS,0.05,10.0
TUR,2015,73.611,73.71442562494784,SP.URB.TOTL.IN.ZS,0.05,10.0
TUR,2016,74.134,74.27475455862711,SP.URB.TOTL.IN.ZS,0.05,10.0
TUR,2017,74.644,74.79416955211835,SP.URB.TOTL.IN.ZS,0.05,10.0
TUR,2018,75.143,75.32941912919378,SP.URB.TOTL.IN.ZS,0.05,10.0
TUR,2019,75.63,75.77386991948774,SP.URB.TOTL.IN.ZS,0.05,10.0
TUR,2005,32.16,32.18418359052373,SP.RUR.TOTL.ZS,0.05,10.0
TUR,2006,31.55,31.59468359073368,SP.RUR.TOTL.ZS,0.05,10.0
TUR,2007,30.947,31.005797828903766,SP.RUR.TOTL.ZS,0.05,10.0
TUR,2008,30.349,30.425347617537494,SP.RUR.TOTL.ZS,0.05,10.0
TUR,2009,29.759,29.839658041265007,SP.RUR.TOTL.ZS,0.05,10.0
TUR,2010,29.175,29.2337204058345,SP.RUR.TOTL.ZS,0.05,10.0
TUR,2011,28.598,28.610367085006693,SP.RUR.TOTL.ZS,0.05,10.0
TUR,2012,28.026,28.075824327419433,SP.RUR.TOTL.ZS,0.05,10.0
TUR,2013,27.469,27.473104519178072,SP.RUR.TOTL.ZS,0.05,10.0
TUR,2014,26.923,26.899330842032867,SP.RUR.TOTL.ZS,0.05,10.0
TUR,2015,26.389,26.36362031671035,SP.RUR.TOTL.ZS,0.05,10.0
TUR,2016,25.866,25.817206212917103,SP.RUR.TOTL.ZS,0.05,10.0
TUR,2017,25.356,25.347379652799987,SP.RUR.TOTL.ZS,0.05,10.0
TUR,2018,24.857,24.851508654842476,SP.RUR.TOTL.ZS,0.05,10.0
TUR,2019,24.37,24.332806386747045,SP.RUR.TOTL.ZS,0.05,10.0
TUR,2005,69.004,69.1796273835929,SP.DYN.LE00.MA.IN,0.05,10.0
TUR,2006,69.41,69.63466334946577,SP.DYN.LE00.MA.IN,0.05,10.0
TUR,2007,69.822,70.03863839087524,SP.DYN.LE00.MA.IN,0.05,10.0
TUR,2008,70.255,70.36445248020476,SP.DYN.LE00.MA.IN,0.05,10.0
TUR,2009,70.716,70.80721015586627,SP.DYN.LE00.MA.IN,0.05,10.0
TUR,2010,71.199,71.27472981150414,SP.DYN.LE00.MA.IN,0.05,10.0
TUR,2011,71.694,71.7120691225185,SP.DYN.LE00.MA.IN,0.05,10.0
TUR,2012,72.181,72.23892034752404,SP.DYN.LE00.MA.IN,0.05,10.0
TUR,2013,72.644,72.7429601409111,SP.DYN.LE00.MA.IN,0.05,10.0
TUR,2014,73.075,73.14411545190875,SP.DYN.LE00.MA.IN,0.05,10.0
TUR,2015,73.47,73.5654366103753,SP.DYN.LE00.MA.IN,0.05,10.0
TUR,2016,73.826,73.94982648484437,SP.DYN.LE00.MA.IN,0.05,10.0
TUR,2017,74.149,74.31544391347605,SP.DYN.LE00.MA.IN,0.05,10.0
TUR,2018,74.447,74.66982812549665,SP.DYN.LE00.MA.IN,0.05,10.0
TUR,2019,74.724,74.89156724947732,SP.DYN.LE00.MA.IN,0.05,10.0
TUR,2005,72.424,72.59993633508469,SP.DYN.LE00.IN,0.05,10.0
TUR,2006,72.83,73.04748015759431,SP.DYN.LE00.IN,0.05,10.0
TUR,2007,73.235,73.46955240335046,SP.DYN.LE00.IN,0.05,10.0
TUR,2008,73.649,73.77345699536019,SP.DYN.LE00.IN,0.05,10.0
TUR,2009,74.074,74.19533267616309,SP.DYN.LE00.IN,0.05,10.0
TUR,2010,74.507,74.61306121428919,SP.DYN.LE00.IN,0.05,10.0
TUR,2011,74.944,74.98572317367088,SP.DYN.LE00.IN,0.05,10.0
TUR,2012,75.373,75.44366219755518,SP.DYN.LE00.IN,0.05,10.0
TUR,2013,75.784,75.88419581709105,SP.DYN.LE00.IN,0.05,10.0
TUR,2014,76.172,76.24518370715461,SP.DYN.LE00.IN,0.05,10.0
TUR,2015,76.532,76.62779384280998,SP.DYN.LE00.IN,0.05,10.0
TUR,2016,76.86,76.98756884098165,SP.DYN.LE00.IN,0.05,10.0
TUR,2017,77.161,77.32623040452846,SP.DYN.LE00.IN,0.05,10.0
TUR,2018,77.437,77.66198628590897,SP.DYN.LE00.IN,0.05,10.0
TUR,2019,77.691,77.86066245926729,SP.DYN.LE00.IN,0.05,10.0
TUR,2005,506308311476.63,358730847418.781,NY.GDP.MKTP.CD,0.05,10.0
TUR,2006,557057829051.453,417870796462.51904,NY.GDP.MKTP.CD,0.05,10.0
TUR,2007,681337335021.874,445154210618.3107,NY.GDP.MKTP.CD,0.05,10.0
TUR,2008,770462156204.38,778039062730.0554,NY.GDP.MKTP.CD,0.05,10.0
TUR,2009,649272568774.193,886915648588.1344,NY.GDP.MKTP.CD,0.05,10.0
TUR,2010,776992599946.766,766967586615.1963,NY.GDP.MKTP.CD,0.05,10.0
TUR,2011,838762755164.179,813454832962.1373,NY.GDP.MKTP.CD,0.05,10.0
TUR,2012,880556375779.51,875375472953.6578,NY.GDP.MKTP.CD,0.05,10.0
TUR,2013,957783020853.031,918218989711.6293,NY.GDP.MKTP.CD,0.05,10.0
TUR,2014,938952628604.067,1019804826534.156,NY.GDP.MKTP.CD,0.05,10.0
TUR,2015,864316670330.882,1016010982698.0614,NY.GDP.MKTP.CD,0.05,10.0
TUR,2016,869692960365.551,959228372446.6023,NY.GDP.MKTP.CD,0.05,10.0
TUR,2017,858996263095.858,880757942582.7521,NY.GDP.MKTP.CD,0.05,10.0
TUR,2018,778377023568.884,863086901718.8008,NY.GDP.MKTP.CD,0.05,10.0
TUR,2019,761428183369.171,815878865278.1064,NY.GDP.MKTP.CD,0.05,10.0
TUR,2005,24.2660894922529,25.872359725820004,NE.IMP.GNFS.ZS,10.0,10.0
TUR,2006,26.3680371283665,24.7720855431499,NE.IMP.GNFS.ZS,10.0,10.0
TUR,2007,25.9612910545714,26.41740733050883,NE.IMP.GNFS.ZS,10.0,10.0
TUR,2008,26.9819629689095,25.750656009941547,NE.IMP.GNFS.ZS,10.0,10.0
TUR,2009,23.4168678008097,26.594103011556843,NE.IMP.GNFS.ZS,10.0,10.0
TUR,2010,25.500331910756,23.701282156802762,NE.IMP.GNFS.ZS,10.0,10.0
TUR,2011,30.3104743820065,25.984252689057655,NE.IMP.GNFS.ZS,10.0,10.0
TUR,2012,28.4699271358616,27.6492241063204,NE.IMP.GNFS.ZS,10.0,10.0
TUR,2013,28.7342892947321,25.880824652065833,NE.IMP.GNFS.ZS,10.0,10.0
TUR,2014,28.560759468849,28.657595069665962,NE.IMP.GNFS.ZS,10.0,10.0
TUR,2015,26.557266261846,28.28742902701946,NE.IMP.GNFS.ZS,10.0,10.0
TUR,2016,25.244677102771,27.125426995855626,NE.IMP.GNFS.ZS,10.0,10.0
TUR,2017,29.7227464055755,26.113369543690474,NE.IMP.GNFS.ZS,10.0,10.0
TUR,2018,31.3425438444668,28.347543958093205,NE.IMP.GNFS.ZS,10.0,10.0
TUR,2019,29.9414593149416,30.72169643742657,NE.IMP.GNFS.ZS,10.0,10.0
TUR,2005,21.8762675597935,23.883350515844388,NE.EXP.GNFS.ZS,0.05,10.0
TUR,2006,22.3948339423242,22.429644166825845,NE.EXP.GNFS.ZS,0.05,10.0
TUR,2007,21.8895256942149,22.658286839005605,NE.EXP.GNFS.ZS,0.05,10.0
TUR,2008,23.5662909262571,22.271580595728107,NE.EXP.GNFS.ZS,0.05,10.0
TUR,2009,23.3701991459541,23.558583753916373,NE.EXP.GNFS.ZS,0.05,10.0
TUR,2010,21.1941333155525,23.724563298732015,NE.EXP.GNFS.ZS,0.05,10.0
TUR,2011,22.9937012536403,21.491673178259088,NE.EXP.GNFS.ZS,0.05,10.0
TUR,2012,24.3608755208614,22.477603613518458,NE.EXP.GNFS.ZS,0.05,10.0
TUR,2013,23.7930095050818,23.468065467866577,NE.EXP.GNFS.ZS,0.05,10.0
TUR,2014,25.2055416974053,23.736039585431037,NE.EXP.GNFS.ZS,0.05,10.0
TUR,2015,24.5312773389092,25.054274630980714,NE.EXP.GNFS.ZS,0.05,10.0
TUR,2016,23.0835091311263,24.539900762082716,NE.EXP.GNFS.ZS,0.05,10.0
TUR,2017,26.0394223439924,23.253548836031335,NE.EXP.GNFS.ZS,0.05,10.0
TUR,2018,31.2048629463635,24.843766487844285,NE.EXP.GNFS.ZS,0.05,10.0
TUR,2019,32.7414044226863,29.484956951100322,NE.EXP.GNFS.ZS,0.05,10.0
TUR,2005,8.99230493626517,4.5922039960275,NY.GDP.MKTP.KD.ZG,10.0,10.0
TUR,2006,6.94798808571993,5.455830383616377,NY.GDP.MKTP.KD.ZG,10.0,10.0
TUR,2007,5.04350793157104,4.964425218957295,NY.GDP.MKTP.KD.ZG,10.0,10.0
TUR,2008,0.815024573007705,4.482215400824863,NY.GDP.MKTP.KD.ZG,10.0,10.0
TUR,2009,-4.82315395301769,4.378368610472316,NY.GDP.MKTP.KD.ZG,10.0,10.0
TUR,2010,8.42710432276191,4.641480483486681,NY.GDP.MKTP.KD.ZG,10.0,10.0
TUR,2011,11.2001105833504,1.8605717032333438,NY.GDP.MKTP.KD.ZG,10.0,10.0
TUR,2012,4.78849271108008,2.7078612354176848,NY.GDP.MKTP.KD.ZG,10.0,10.0
TUR,2013,8.48581699653026,2.0854303000417325,NY.GDP.MKTP.KD.ZG,10.0,10.0
TUR,2014,4.9397151613658,3.55207627210644,NY.GDP.MKTP.KD.ZG,10.0,10.0
TUR,2015,6.08448690443663,4.014975146832558,NY.GDP.MKTP.KD.ZG,10.0,10.0
TUR,2016,3.32308420845746,4.359946180513106,NY.GDP.MKTP.KD.ZG,10.0,10.0
TUR,2017,7.50199748917491,6.043467354870698,NY.GDP.MKTP.KD.ZG,10.0,10.0
TUR,2018,2.9589667279851,5.847323187809135,NY.GDP.MKTP.KD.ZG,10.0,10.0
TUR,2019,0.916534796440473,5.975593479462475,NY.GDP.MKTP.KD.ZG,10.0,10.0
TUR,2005,26.5,26.430987293798438,SH.DYN.MORT,0.05,10.0
TUR,2006,24.5,24.402090102551885,SH.DYN.MORT,0.05,10.0
TUR,2007,22.7,22.53262446510317,SH.DYN.MORT,0.05,10.0
TUR,2008,21.1,20.91813125959368,SH.DYN.MORT,0.05,10.0
TUR,2009,19.6,19.433206357902918,SH.DYN.MORT,0.05,10.0
TUR,2010,18.2,17.98601025984113,SH.DYN.MORT,0.05,10.0
TUR,2011,17.0,16.816790305288855,SH.DYN.MORT,0.05,10.0
TUR,2012,15.8,15.767204577531377,SH.DYN.MORT,0.05,10.0
TUR,2013,14.8,14.627496718562895,SH.DYN.MORT,0.05,10.0
TUR,2014,13.8,13.74128736622112,SH.DYN.MORT,0.05,10.0
TUR,2015,13.0,12.836096791081104,SH.DYN.MORT,0.05,10.0
TUR,2016,12.1,12.043840748685886,SH.DYN.MORT,0.05,10.0
TUR,2017,11.4,11.325211979981166,SH.DYN.MORT,0.05,10.0
TUR,2018,10.7,10.627680503693773,SH.DYN.MORT,0.05,10.0
TUR,2019,10.0,10.034798969548232,SH.DYN.MORT,0.05,10.0
TUR,2005,1240.1654166052,1227.5358587572928,EG.USE.PCAP.KG.OE,0.05,10.0
TUR,2006,1354.80702718475,1258.1917526533264,EG.USE.PCAP.KG.OE,0.05,10.0
TUR,2007,1437.16330122506,1332.9027538127966,EG.USE.PCAP.KG.OE,0.05,10.0
TUR,2008,1401.77539994682,1464.6210546433483,EG.USE.PCAP.KG.OE,0.05,10.0
TUR,2009,1371.13020458402,1446.6663332798219,EG.USE.PCAP.KG.OE,0.05,10.0
TUR,2010,1474.66810177866,1416.6779580040657,EG.USE.PCAP.KG.OE,0.05,10.0
TUR,2011,1545.4917479555,1487.959678559859,EG.USE.PCAP.KG.OE,0.05,10.0
TUR,2012,1583.67620193828,1541.141805937474,EG.USE.PCAP.KG.OE,0.05,10.0
TUR,2013,1540.16132718811,1583.255667852944,EG.USE.PCAP.KG.OE,0.05,10.0
TUR,2014,1573.76979725638,1569.541036141765,EG.USE.PCAP.KG.OE,0.05,10.0
TUR,2015,1651.36136952915,1586.4094646518413,EG.USE.PCAP.KG.OE,0.05,10.0
TUR,2016,1651.36136952915,1668.392632787075,EG.USE.PCAP.KG.OE,0.05,10.0
TUR,2017,1651.36136952915,1684.9695385272125,EG.USE.PCAP.KG.OE,0.05,10.0
TUR,2018,1651.36136952915,1679.6597678017902,EG.USE.PCAP.KG.OE,0.05,10.0
TUR,2019,1651.36136952915,1687.478104988053,EG.USE.PCAP.KG.OE,0.05,10.0
TUR,2005,303230.0,297278.3487713626,EN.ATM.GHGT.KT.CE,10.0,10.0
TUR,2006,332610.0,306779.203396472,EN.ATM.GHGT.KT.CE,10.0,10.0
TUR,2007,362550.0,325695.9841314949,EN.ATM.GHGT.KT.CE,10.0,10.0
TUR,2008,361140.0,373117.14898812695,EN.ATM.GHGT.KT.CE,10.0,10.0
TUR,2009,364560.0,375856.8266725665,EN.ATM.GHGT.KT.CE,10.0,10.0
TUR,2010,374330.0,379116.2914638499,EN.ATM.GHGT.KT.CE,10.0,10.0
TUR,2011,396910.0,385061.55818407534,EN.ATM.GHGT.KT.CE,10.0,10.0
TUR,2012,411020.0,402336.4075348239,EN.ATM.GHGT.KT.CE,10.0,10.0
TUR,2013,402240.0,416308.7273144441,EN.ATM.GHGT.KT.CE,10.0,10.0
TUR,2014,427120.0,414670.94019768474,EN.ATM.GHGT.KT.CE,10.0,10.0
TUR,2015,433850.0,433851.9620100451,EN.ATM.GHGT.KT.CE,10.0,10.0
TUR,2016,460820.0,445955.97909219976,EN.ATM.GHGT.KT.CE,10.0,10.0
TUR,2017,502670.0,481499.8618039644,EN.ATM.GHGT.KT.CE,10.0,10.0
TUR,2018,502520.0,525687.9258920565,EN.ATM.GHGT.KT.CE,10.0,10.0
TUR,2019,502520.0,525732.8664671474,EN.ATM.GHGT.KT.CE,10.0,10.0
TUR,2005,9.16534055228687,8.594016248077844,NV.AGR.TOTL.ZS,0.05,10.0
TUR,2006,8.09488128822859,8.031128521678816,NV.AGR.TOTL.ZS,0.05,10.0
TUR,2007,7.45702743708227,7.071438266615054,NV.AGR.TOTL.ZS,0.05,10.0
TUR,2008,7.42466846883692,5.970922509838333,NV.AGR.TOTL.ZS,0.05,10.0
TUR,2009,8.07198879989725,5.858161729095303,NV.AGR.TOTL.ZS,0.05,10.0
TUR,2010,8.9669281343332,6.4748290628354646,NV.AGR.TOTL.ZS,0.05,10.0
TUR,2011,8.17395626522538,9.022023651723448,NV.AGR.TOTL.ZS,0.05,10.0
TUR,2012,7.69487759202317,7.792368346337831,NV.AGR.TOTL.ZS,0.05,10.0
TUR,2013,6.67610812297851,7.357226146473762,NV.AGR.TOTL.ZS,0.05,10.0
TUR,2014,6.55723547339657,7.163140195053807,NV.AGR.TOTL.ZS,0.05,10.0
TUR,2015,6.86837534505832,6.883169423267259,NV.AGR.TOTL.ZS,0.05,10.0
TUR,2016,6.14229206403875,7.2462888955708245,NV.AGR.TOTL.ZS,0.05,10.0
TUR,2017,6.03862979568919,5.847639347159085,NV.AGR.TOTL.ZS,0.05,10.0
TUR,2018,5.77579191088122,5.734985104949991,NV.AGR.TOTL.ZS,0.05,10.0
TUR,2019,6.42320838204059,5.425900032630508,NV.AGR.TOTL.ZS,0.05,10.0
TUR,2005,33.3766449782112,33.39035377039178,FS.AST.PRVT.GD.ZS,5.0,0.05
TUR,2006,33.3766449782112,33.402229523352766,FS.AST.PRVT.GD.ZS,5.0,0.05
TUR,2007,33.3766449782112,33.393904950377845,FS.AST.PRVT.GD.ZS,5.0,0.05
TUR,2008,33.3766449782112,33.4018217757352,FS.AST.PRVT.GD.ZS,5.0,0.05
TUR,2009,37.0802199407039,33.39794994416169,FS.AST.PRVT.GD.ZS,5.0,0.05
TUR,2010,44.3622079573054,35.24935286901806,FS.AST.PRVT.GD.ZS,5.0,0.05
TUR,2011,49.0564243726279,50.30967993371143,FS.AST.PRVT.GD.ZS,5.0,0.05
TUR,2012,51.8380733353553,53.10137160573002,FS.AST.PRVT.GD.ZS,5.0,0.05
TUR,2013,60.2528570849602,54.736844645832015,FS.AST.PRVT.GD.ZS,5.0,0.05
TUR,2014,63.4672183288945,67.79245849336775,FS.AST.PRVT.GD.ZS,5.0,0.05
TUR,2015,66.4778973468372,68.84430065589045,FS.AST.PRVT.GD.ZS,5.0,0.05
TUR,2016,69.3730661738964,71.3446899635023,FS.AST.PRVT.GD.ZS,5.0,0.05
TUR,2017,70.3329057742671,70.68688462459464,FS.AST.PRVT.GD.ZS,5.0,0.05
TUR,2018,67.413526062508,70.65759381405162,FS.AST.PRVT.GD.ZS,5.0,0.05
TUR,2019,65.3539871652343,67.27547793121782,FS.AST.PRVT.GD.ZS,5.0,0.05
USA,2005,79.928,79.98164188759606,SP.URB.TOTL.IN.ZS,0.05,10.0
USA,2006,80.099,80.10854872008072,SP.URB.TOTL.IN.ZS,0.05,10.0
USA,2007,80.269,80.25090485404824,SP.URB.TOTL.IN.ZS,0.05,10.0
USA,2008,80.438,80.40554565162573,SP.URB.TOTL.IN.ZS,0.05,10.0
USA,2009,80.606,80.5862178888146,SP.URB.TOTL.IN.ZS,0.05,10.0
USA,2010,80.772,80.73770311250692,SP.URB.TOTL.IN.ZS,0.05,10.0
USA,2011,80.944,81.03383074154357,SP.URB.TOTL.IN.ZS,0.05,10.0
USA,2012,81.119,81.17008925053435,SP.URB.TOTL.IN.ZS,0.05,10.0
USA,2013,81.299,81.32466673745208,SP.URB.TOTL.IN.ZS,0.05,10.0
USA,2014,81.483,81.49017799362862,SP.URB.TOTL.IN.ZS,0.05,10.0
USA,2015,81.671,81.6882339232725,SP.URB.TOTL.IN.ZS,0.05,10.0
USA,2016,81.862,81.87747094906926,SP.URB.TOTL.IN.ZS,0.05,10.0
USA,2017,82.058,82.03666443984,SP.URB.TOTL.IN.ZS,0.05,10.0
USA,2018,82.256,82.23029593325644,SP.URB.TOTL.IN.ZS,0.05,10.0
USA,2019,82.459,82.42812547477351,SP.URB.TOTL.IN.ZS,0.05,10.0
USA,2005,20.072,20.051029433532438,SP.RUR.TOTL.ZS,0.05,10.0
USA,2006,19.901,19.90821198337763,SP.RUR.TOTL.ZS,0.05,10.0
USA,2007,19.731,19.757113464212892,SP.RUR.TOTL.ZS,0.05,10.0
USA,2008,19.562,19.61264984755354,SP.RUR.TOTL.ZS,0.05,10.0
USA,2009,19.394,19.446261487795233,SP.RUR.TOTL.ZS,0.05,10.0
USA,2010,19.228,19.304182773455402,SP.RUR.TOTL.ZS,0.05,10.0
USA,2011,19.056,19.00610314763681,SP.RUR.TOTL.ZS,0.05,10.0
USA,2012,18.881,18.878622904331085,SP.RUR.TOTL.ZS,0.05,10.0
USA,2013,18.701,18.733699885667445,SP.RUR.TOTL.ZS,0.05,10.0
USA,2014,18.517,18.53666612469524,SP.RUR.TOTL.ZS,0.05,10.0
USA,2015,18.329,18.344137082409745,SP.RUR.TOTL.ZS,0.05,10.0
USA,2016,18.138,18.15975170293216,SP.RUR.TOTL.ZS,0.05,10.0
USA,2017,17.942,17.977873324309073,SP.RUR.TOTL.ZS,0.05,10.0
USA,2018,17.744,17.789574710654485,SP.RUR.TOTL.ZS,0.05,10.0
USA,2019,17.541,17.592807062346118,SP.RUR.TOTL.ZS,0.05,10.0
USA,2005,75.0,75.2311042290919,SP.DYN.LE00.MA.IN,0.05,5.0
USA,2006,75.2,75.27414369592393,SP.DYN.LE00.MA.IN,0.05,5.0
USA,2007,75.5,75.47092449352674,SP.DYN.LE00.MA.IN,0.05,5.0
USA,2008,75.6,75.73169065097905,SP.DYN.LE00.MA.IN,0.05,5.0
USA,2009,76.0,75.87441316104227,SP.DYN.LE00.MA.IN,0.05,5.0
USA,2010,76.2,76.25288036492238,SP.DYN.LE00.MA.IN,0.05,5.0
USA,2011,76.3,76.48077726383144,SP.DYN.LE00.MA.IN,0.05,5.0
USA,2012,76.4,76.57697424802828,SP.DYN.LE00.MA.IN,0.05,5.0
USA,2013,76.4,76.66186335973262,SP.DYN.LE00.MA.IN,0.05,5.0
USA,2014,76.5,76.58962716388956,SP.DYN.LE00.MA.IN,0.05,5.0
USA,2015,76.3,76.63541774914484,SP.DYN.LE00.MA.IN,0.05,5.0
USA,2016,76.1,76.56614067356588,SP.DYN.LE00.MA.IN,0.05,5.0
USA,2017,76.1,76.1898775566876,SP.DYN.LE00.MA.IN,0.05,5.0
USA,2018,76.2,76.17525081989928,SP.DYN.LE00.MA.IN,0.05,5.0
USA,2019,76.3,76.2477903391384,SP.DYN.LE00.MA.IN,0.05,5.0
USA,2005,77.4878048780488,77.68196472995776,SP.DYN.LE00.IN,0.1,2.0
USA,2006,77.6878048780488,77.80182884330685,SP.DYN.LE00.IN,0.1,2.0
USA,2007,77.9878048780488,77.96470310626611,SP.DYN.LE00.IN,0.1,2.0
USA,2008,78.0390243902439,78.21671350913667,SP.DYN.LE00.IN,0.1,2.0
USA,2009,78.390243902439,78.35310518263191,SP.DYN.LE00.IN,0.1,2.0
USA,2010,78.5414634146342,78.642067022258,SP.DYN.LE00.IN,0.1,2.0
USA,2011,78.6414634146341,78.75177067821595,SP.DYN.LE00.IN,0.1,2.0
USA,2012,78.7414634146342,78.85254240714262,SP.DYN.LE00.IN,0.1,2.0
USA,2013,78.7414634146342,78.94021647760688,SP.DYN.LE00.IN,0.1,2.0
USA,2014,78.8414634146341,78.88191166680011,SP.DYN.LE00.IN,0.1,2.0
USA,2015,78.690243902439,78.90472636063737,SP.DYN.LE00.IN,0.1,2.0
USA,2016,78.5390243902439,78.87982959120245,SP.DYN.LE00.IN,0.1,2.0
USA,2017,78.5390243902439,78.65205222892783,SP.DYN.LE00.IN,0.1,2.0
USA,2018,78.6390243902439,78.61414381152952,SP.DYN.LE00.IN,0.1,2.0
USA,2019,78.7878048780488,78.6672968275855,SP.DYN.LE00.IN,0.1,2.0
USA,2005,13036640230000.0,12886037634013.531,NY.GDP.MKTP.CD,0.05,10.0
USA,2006,13814611414000.0,13751425097323.223,NY.GDP.MKTP.CD,0.05,10.0
USA,2007,14451858656000.0,14552255792886.12,NY.GDP.MKTP.CD,0.05,10.0
USA,2008,14712844084000.0,15189978095030.816,NY.GDP.MKTP.CD,0.05,10.0
USA,2009,14448933025000.0,15329979999364.535,NY.GDP.MKTP.CD,0.05,10.0
USA,2010,14992052727000.0,14856517642498.875,NY.GDP.MKTP.CD,0.05,10.0
USA,2011,15542581104000.0,15438976308054.43,NY.GDP.MKTP.CD,0.05,10.0
USA,2012,16197007349000.0,16050177376541.877,NY.GDP.MKTP.CD,0.05,10.0
USA,2013,16784849196000.0,16795796693097.635,NY.GDP.MKTP.CD,0.05,10.0
USA,2014,17527163695000.0,17391021432923.23,NY.GDP.MKTP.CD,0.05,10.0
USA,2015,18238300569000.0,18201531321155.145,NY.GDP.MKTP.CD,0.05,10.0
USA,2016,18745075687000.0,18894038268386.61,NY.GDP.MKTP.CD,0.05,10.0
USA,2017,19542979183000.0,19213294235047.742,NY.GDP.MKTP.CD,0.05,10.0
USA,2018,20611860934000.0,20119792214922.78,NY.GDP.MKTP.CD,0.05,10.0
USA,2019,21433224697000.0,21320851401119.266,NY.GDP.MKTP.CD,0.05,10.0
USA,2005,15.5440202709345,14.588339975090113,NE.IMP.GNFS.ZS,2.0,10.0
USA,2006,16.2403265120172,15.54508935381719,NE.IMP.GNFS.ZS,2.0,10.0
USA,2007,16.4634878920034,16.27944615022778,NE.IMP.GNFS.ZS,2.0,10.0
USA,2008,17.4007349318961,17.035870936392346,NE.IMP.GNFS.ZS,2.0,10.0
USA,2009,13.6926857960849,17.838117948166527,NE.IMP.GNFS.ZS,2.0,10.0
USA,2010,15.7428942052039,15.117643332577046,NE.IMP.GNFS.ZS,2.0,10.0
USA,2011,17.2587550423633,15.151246593169475,NE.IMP.GNFS.ZS,2.0,10.0
USA,2012,17.0392649736644,16.936459698867708,NE.IMP.GNFS.ZS,2.0,10.0
USA,2013,16.4684827830252,17.522773529496433,NE.IMP.GNFS.ZS,2.0,10.0
USA,2014,16.4279974222036,17.080233226034967,NE.IMP.GNFS.ZS,2.0,10.0
USA,2015,15.3108179648402,16.90265654328396,NE.IMP.GNFS.ZS,2.0,10.0
USA,2016,14.615497135069,16.11096020826864,NE.IMP.GNFS.ZS,2.0,10.0
USA,2017,14.9930723077719,14.626076537833193,NE.IMP.GNFS.ZS,2.0,10.0
USA,2018,15.2250396509492,14.769955624291558,NE.IMP.GNFS.ZS,2.0,10.0
USA,2019,14.5811983226091,15.036871748694958,NE.IMP.GNFS.ZS,2.0,10.0
USA,2005,10.0119737675694,9.452568716192118,NE.EXP.GNFS.ZS,2.0,10.0
USA,2006,10.6598220961005,9.849833919837431,NE.EXP.GNFS.ZS,2.0,10.0
USA,2007,11.4923141689492,10.429516480235446,NE.EXP.GNFS.ZS,2.0,10.0
USA,2008,12.4860631262841,11.739593913685782,NE.EXP.GNFS.ZS,2.0,10.0
USA,2009,10.9488776594284,12.649341683699419,NE.EXP.GNFS.ZS,2.0,10.0
USA,2010,12.3150580752357,11.473404365639851,NE.EXP.GNFS.ZS,2.0,10.0
USA,2011,13.5305390136184,11.760194999478085,NE.EXP.GNFS.ZS,2.0,10.0
USA,2012,13.5289189711659,13.091770148510482,NE.EXP.GNFS.ZS,2.0,10.0
USA,2013,13.5445244306501,13.585120912972027,NE.EXP.GNFS.ZS,2.0,10.0
USA,2014,13.5315904003143,13.659565900208737,NE.EXP.GNFS.ZS,2.0,10.0
USA,2015,12.4236465531845,13.571298329438246,NE.EXP.GNFS.ZS,2.0,10.0
USA,2016,11.8813817409368,12.71152680600732,NE.EXP.GNFS.ZS,2.0,10.0
USA,2017,12.1504504393351,11.817170932326764,NE.EXP.GNFS.ZS,2.0,10.0
USA,2018,12.2681984324317,11.955393927976395,NE.EXP.GNFS.ZS,2.0,10.0
USA,2019,11.7329568254467,12.103709302869875,NE.EXP.GNFS.ZS,2.0,10.0
USA,2005,3.5132137994521,2.9228138648646196,NY.GDP.MKTP.KD.ZG,5.0,10.0
USA,2006,2.85497229363445,2.8230539529804544,NY.GDP.MKTP.KD.ZG,5.0,10.0
USA,2007,1.87617145415626,2.8139727300702013,NY.GDP.MKTP.KD.ZG,5.0,10.0
USA,2008,-0.136579803249504,2.672663852448765,NY.GDP.MKTP.KD.ZG,5.0,10.0
USA,2009,-2.53675706714202,2.3282523569187363,NY.GDP.MKTP.KD.ZG,5.0,10.0
USA,2010,2.5637665603995,1.9176581508773347,NY.GDP.MKTP.KD.ZG,5.0,10.0
USA,2011,1.55083550470843,4.767462628090148,NY.GDP.MKTP.KD.ZG,5.0,10.0
USA,2012,2.24954585238848,2.5248757508284543,NY.GDP.MKTP.KD.ZG,5.0,10.0
USA,2013,1.84208107064158,3.57984708241782,NY.GDP.MKTP.KD.ZG,5.0,10.0
USA,2014,2.52597344637341,2.299291832643571,NY.GDP.MKTP.KD.ZG,5.0,10.0
USA,2015,3.0755146497898,2.6721726624525752,NY.GDP.MKTP.KD.ZG,5.0,10.0
USA,2016,1.71142677366849,2.908831270892084,NY.GDP.MKTP.KD.ZG,5.0,10.0
USA,2017,2.33267939548638,1.9256686147519455,NY.GDP.MKTP.KD.ZG,5.0,10.0
USA,2018,2.99646435222829,2.1601771338453055,NY.GDP.MKTP.KD.ZG,5.0,10.0
USA,2019,2.16117651518969,2.4215702193180606,NY.GDP.MKTP.KD.ZG,5.0,10.0
USA,2005,8.0,7.973006624596087,SH.DYN.MORT,0.05,10.0
USA,2006,7.9,7.9561240274166565,SH.DYN.MORT,0.05,10.0
USA,2007,7.7,7.895168701571533,SH.DYN.MORT,0.05,10.0
USA,2008,7.6,7.703283579314453,SH.DYN.MORT,0.05,10.0
USA,2009,7.5,7.605329745148816,SH.DYN.MORT,0.05,10.0
USA,2010,7.3,7.5479288032201435,SH.DYN.MORT,0.05,10.0
USA,2011,7.2,7.177458310002367,SH.DYN.MORT,0.05,10.0
USA,2012,7.1,7.0747043545918515,SH.DYN.MORT,0.05,10.0
USA,2013,7.0,6.982097896251368,SH.DYN.MORT,0.05,10.0
USA,2014,6.9,6.866998388907868,SH.DYN.MORT,0.05,10.0
USA,2015,6.8,6.765687115369082,SH.DYN.MORT,0.05,10.0
USA,2016,6.7,6.6670553546320805,SH.DYN.MORT,0.05,10.0
USA,2017,6.7,6.595026370741847,SH.DYN.MORT,0.05,10.0
USA,2018,6.6,6.561470005404809,SH.DYN.MORT,0.05,10.0
USA,2019,6.5,6.497992261394087,SH.DYN.MORT,0.05,10.0
USA,2005,7846.49968849973,7831.6533143805245,EG.USE.PCAP.KG.OE,0.05,10.0
USA,2006,7697.65253500041,7832.788470479336,EG.USE.PCAP.KG.OE,0.05,10.0
USA,2007,7758.16598577052,7717.134244034212,EG.USE.PCAP.KG.OE,0.05,10.0
USA,2008,7488.08192070473,7658.097074077652,EG.USE.PCAP.KG.OE,0.05,10.0
USA,2009,7056.78365282718,7526.141553807067,EG.USE.PCAP.KG.OE,0.05,10.0
USA,2010,7161.42655156518,7139.415465218102,EG.USE.PCAP.KG.OE,0.05,10.0
USA,2011,7029.95460147645,6994.793496222415,EG.USE.PCAP.KG.OE,0.05,10.0
USA,2012,6872.02728367462,6874.609222492265,EG.USE.PCAP.KG.OE,0.05,10.0
USA,2013,6905.59863316056,6641.243703622975,EG.USE.PCAP.KG.OE,0.05,10.0
USA,2014,6960.68399657951,6720.670304902854,EG.USE.PCAP.KG.OE,0.05,10.0
USA,2015,6803.99660728499,6793.11342099344,EG.USE.PCAP.KG.OE,0.05,10.0
USA,2016,6803.99660728499,6713.3973369709165,EG.USE.PCAP.KG.OE,0.05,10.0
USA,2017,6803.99660728499,6729.629813829459,EG.USE.PCAP.KG.OE,0.05,10.0
USA,2018,6803.99660728499,6734.889205299456,EG.USE.PCAP.KG.OE,0.05,10.0
USA,2019,6803.99660728499,6731.715942323781,EG.USE.PCAP.KG.OE,0.05,10.0
USA,2005,6801820.0,6786020.0400727615,EN.ATM.GHGT.KT.CE,10.0,10.0
USA,2006,6707430.0,6792857.990191622,EN.ATM.GHGT.KT.CE,10.0,10.0
USA,2007,6797860.0,6682755.259401184,EN.ATM.GHGT.KT.CE,10.0,10.0
USA,2008,6619980.0,6778140.497964206,EN.ATM.GHGT.KT.CE,10.0,10.0
USA,2009,6194450.0,6591235.837749865,EN.ATM.GHGT.KT.CE,10.0,10.0
USA,2010,6442580.0,6132698.506504979,EN.ATM.GHGT.KT.CE,10.0,10.0
USA,2011,6214430.0,6369409.978555047,EN.ATM.GHGT.KT.CE,10.0,10.0
USA,2012,5968740.0,6222052.737359484,EN.ATM.GHGT.KT.CE,10.0,10.0
USA,2013,6108670.0,5921230.357887462,EN.ATM.GHGT.KT.CE,10.0,10.0
USA,2014,6129040.0,5847741.5687512355,EN.ATM.GHGT.KT.CE,10.0,10.0
USA,2015,6003650.0,5952954.519097684,EN.ATM.GHGT.KT.CE,10.0,10.0
USA,2016,5907270.0,5902709.800013017,EN.ATM.GHGT.KT.CE,10.0,10.0
USA,2017,5842800.0,5851364.374822848,EN.ATM.GHGT.KT.CE,10.0,10.0
USA,2018,6023620.0,5780079.045669956,EN.ATM.GHGT.KT.CE,10.0,10.0
USA,2019,6023620.0,5884400.237542214,EN.ATM.GHGT.KT.CE,10.0,10.0
USA,2005,1.14225527722491,1.2377441356924745,NV.AGR.TOTL.ZS,0.05,10.0
USA,2006,1.00067777411318,1.1978695867317775,NV.AGR.TOTL.ZS,0.05,10.0
USA,2007,1.06682214149659,1.0706687098832668,NV.AGR.TOTL.ZS,0.05,10.0
USA,2008,1.06578313550216,1.0471605656037617,NV.AGR.TOTL.ZS,0.05,10.0
USA,2009,0.968572535825703,1.0674333375223022,NV.AGR.TOTL.ZS,0.05,10.0
USA,2010,1.04248133891985,1.0080971043450049,NV.AGR.TOTL.ZS,0.05,10.0
USA,2011,1.21648753662505,1.0218043499131135,NV.AGR.TOTL.ZS,0.05,10.0
USA,2012,1.15882894880324,1.169998277152452,NV.AGR.TOTL.ZS,0.05,10.0
USA,2013,1.3335136788321,1.1828401394908297,NV.AGR.TOTL.ZS,0.05,10.0
USA,2014,1.18557101774133,1.3344809883724966,NV.AGR.TOTL.ZS,0.05,10.0
USA,2015,1.04386645169999,1.2604631621178277,NV.AGR.TOTL.ZS,0.05,10.0
USA,2016,0.943988879824681,1.1617141664616761,NV.AGR.TOTL.ZS,0.05,10.0
USA,2017,0.949806072359055,0.9733547456150411,NV.AGR.TOTL.ZS,0.05,10.0
USA,2018,0.920560058150837,0.9610110963452614,NV.AGR.TOTL.ZS,0.05,10.0
USA,2019,0.916865221067299,0.947497195330335,NV.AGR.TOTL.ZS,0.05,10.0
USA,2005,188.670068890464,189.03104782470064,FS.AST.PRVT.GD.ZS,0.05,10.0
USA,2006,198.297848143348,193.85305313352842,FS.AST.PRVT.GD.ZS,0.05,10.0
USA,2007,206.670738733086,201.80313959115725,FS.AST.PRVT.GD.ZS,0.05,10.0
USA,2008,185.843025959379,213.19993270120685,FS.AST.PRVT.GD.ZS,0.05,10.0
USA,2009,187.857986745407,201.68111264387304,FS.AST.PRVT.GD.ZS,0.05,10.0
USA,2010,182.61133980284,197.27972353729385,FS.AST.PRVT.GD.ZS,0.05,10.0
USA,2011,175.116111343699,189.31241409584558,FS.AST.PRVT.GD.ZS,0.05,10.0
USA,2012,175.675944026151,180.84837294234742,FS.AST.PRVT.GD.ZS,0.05,10.0
USA,2013,184.668947994877,179.47063153454368,FS.AST.PRVT.GD.ZS,0.05,10.0
USA,2014,184.896891589745,185.98655289012086,FS.AST.PRVT.GD.ZS,0.05,10.0
USA,2015,179.590688931383,187.6778543110961,FS.AST.PRVT.GD.ZS,0.05,10.0
USA,2016,182.315372569401,183.14543207987316,FS.AST.PRVT.GD.ZS,0.05,10.0
USA,2017,190.240863326748,182.21240934994404,FS.AST.PRVT.GD.ZS,0.05,10.0
USA,2018,178.973365881663,189.65577762308232,FS.AST.PRVT.GD.ZS,0.05,10.0
USA,2019,190.755995074348,180.92086797196146,FS.AST.PRVT.GD.ZS,0.05,10.0
ZAF,2005,59.536,59.513485039786616,SP.URB.TOTL.IN.ZS,0.05,10.0
ZAF,2006,60.077,60.03037733063371,SP.URB.TOTL.IN.ZS,0.05,10.0
ZAF,2007,60.616,60.58205276186722,SP.URB.TOTL.IN.ZS,0.05,10.0
ZAF,2008,61.154,61.15908062245484,SP.URB.TOTL.IN.ZS,0.05,10.0
ZAF,2009,61.687,61.712089334013314,SP.URB.TOTL.IN.ZS,0.05,10.0
ZAF,2010,62.218,62.2705460809257,SP.URB.TOTL.IN.ZS,0.05,10.0
ZAF,2011,62.746,62.77452950686374,SP.URB.TOTL.IN.ZS,0.05,10.0
ZAF,2012,63.272,63.31480961098836,SP.URB.TOTL.IN.ZS,0.05,10.0
ZAF,2013,63.793,63.849905795780046,SP.URB.TOTL.IN.ZS,0.05,10.0
ZAF,2014,64.312,64.3584154162505,SP.URB.TOTL.IN.ZS,0.05,10.0
ZAF,2015,64.828,64.88344416045754,SP.URB.TOTL.IN.ZS,0.05,10.0
ZAF,2016,65.341,65.41115495702171,SP.URB.TOTL.IN.ZS,0.05,10.0
ZAF,2017,65.85,65.91226961435305,SP.URB.TOTL.IN.ZS,0.05,10.0
ZAF,2018,66.355,66.44707860877074,SP.URB.TOTL.IN.ZS,0.05,10.0
ZAF,2019,66.856,66.96701931198724,SP.URB.TOTL.IN.ZS,0.05,10.0
ZAF,2005,40.464,40.53801069816633,SP.RUR.TOTL.ZS,0.05,10.0
ZAF,2006,39.923,40.01038363824645,SP.RUR.TOTL.ZS,0.05,10.0
ZAF,2007,39.384,39.460348018041984,SP.RUR.TOTL.ZS,0.05,10.0
ZAF,2008,38.846,38.829206512007325,SP.RUR.TOTL.ZS,0.05,10.0
ZAF,2009,38.313,38.26878824254054,SP.RUR.TOTL.ZS,0.05,10.0
ZAF,2010,37.782,37.66783200334711,SP.RUR.TOTL.ZS,0.05,10.0
ZAF,2011,37.254,37.29779419172153,SP.RUR.TOTL.ZS,0.05,10.0
ZAF,2012,36.728,36.76802884053857,SP.RUR.TOTL.ZS,0.05,10.0
ZAF,2013,36.207,36.222222981611225,SP.RUR.TOTL.ZS,0.05,10.0
ZAF,2014,35.688,35.69761170396567,SP.RUR.TOTL.ZS,0.05,10.0
ZAF,2015,35.172,35.165355838658215,SP.RUR.TOTL.ZS,0.05,10.0
ZAF,2016,34.659,34.650813759451104,SP.RUR.TOTL.ZS,0.05,10.0
ZAF,2017,34.15,34.17138839173502,SP.RUR.TOTL.ZS,0.05,10.0
ZAF,2018,33.645,33.677730246755274,SP.RUR.TOTL.ZS,0.05,10.0
ZAF,2019,33.144,33.18882734984843,SP.RUR.TOTL.ZS,0.05,10.0
ZAF,2005,51.104,50.85146839281953,SP.DYN.LE00.MA.IN,0.05,10.0
ZAF,2006,51.439,51.022904199953146,SP.DYN.LE00.MA.IN,0.05,10.0
ZAF,2007,52.038,51.59668600233929,SP.DYN.LE00.MA.IN,0.05,10.0
ZAF,2008,52.853,52.99909854407998,SP.DYN.LE00.MA.IN,0.05,10.0
ZAF,2009,53.833,54.07542390358912,SP.DYN.LE00.MA.IN,0.05,10.0
ZAF,2010,54.906,55.372242534317834,SP.DYN.LE00.MA.IN,0.05,10.0
ZAF,2011,55.993,56.005586162677396,SP.DYN.LE00.MA.IN,0.05,10.0
ZAF,2012,57.027,57.10192882592728,SP.DYN.LE00.MA.IN,0.05,10.0
ZAF,2013,57.951,58.13107689648502,SP.DYN.LE00.MA.IN,0.05,10.0
ZAF,2014,58.728,58.93342790933082,SP.DYN.LE00.MA.IN,0.05,10.0
ZAF,2015,59.342,59.62204521082699,SP.DYN.LE00.MA.IN,0.05,10.0
ZAF,2016,59.803,60.08303462975833,SP.DYN.LE00.MA.IN,0.05,10.0
ZAF,2017,60.162,60.33526464048682,SP.DYN.LE00.MA.IN,0.05,10.0
ZAF,2018,60.463,60.59624075498582,SP.DYN.LE00.MA.IN,0.05,10.0
ZAF,2019,60.726,60.826880922579015,SP.DYN.LE00.MA.IN,0.05,10.0
ZAF,2005,53.447,53.14610422004803,SP.DYN.LE00.IN,0.1,10.0
ZAF,2006,53.795,53.280591953696685,SP.DYN.LE00.IN,0.1,10.0
ZAF,2007,54.452,53.90355559741228,SP.DYN.LE00.IN,0.1,10.0
ZAF,2008,55.36,55.499418379949304,SP.DYN.LE00.IN,0.1,10.0
ZAF,2009,56.46,56.70842839853666,SP.DYN.LE00.IN,0.1,10.0
ZAF,2010,57.669,58.175196823238004,SP.DYN.LE00.IN,0.1,10.0
ZAF,2011,58.895,58.80461623010567,SP.DYN.LE00.IN,0.1,10.0
ZAF,2012,60.06,60.02861307923226,SP.DYN.LE00.IN,0.1,10.0
ZAF,2013,61.099,61.20804491053707,SP.DYN.LE00.IN,0.1,10.0
ZAF,2014,61.968,62.18941736270855,SP.DYN.LE00.IN,0.1,10.0
ZAF,2015,62.649,62.9640163825013,SP.DYN.LE00.IN,0.1,10.0
ZAF,2016,63.153,63.46802849056536,SP.DYN.LE00.IN,0.1,10.0
ZAF,2017,63.538,63.73651944669867,SP.DYN.LE00.IN,0.1,10.0
ZAF,2018,63.857,64.00134167763818,SP.DYN.LE00.IN,0.1,10.0
ZAF,2019,64.131,64.23475400436855,SP.DYN.LE00.IN,0.1,10.0
ZAF,2005,257772710832.953,235796866957.93555,NY.GDP.MKTP.CD,0.05,10.0
ZAF,2006,271638484826.109,237373831683.78027,NY.GDP.MKTP.CD,0.05,10.0
ZAF,2007,299415505152.298,239127241118.1375,NY.GDP.MKTP.CD,0.05,10.0
ZAF,2008,286769839732.726,311097100011.3532,NY.GDP.MKTP.CD,0.05,10.0
ZAF,2009,295936485832.635,278326690385.2938,NY.GDP.MKTP.CD,0.05,10.0
ZAF,2010,375349442837.24,304191432153.79504,NY.GDP.MKTP.CD,0.05,10.0
ZAF,2011,416418874936.304,398205202287.7703,NY.GDP.MKTP.CD,0.05,10.0
ZAF,2012,396332702639.496,408973236845.9802,NY.GDP.MKTP.CD,0.05,10.0
ZAF,2013,366829390478.954,366261735927.0659,NY.GDP.MKTP.CD,0.05,10.0
ZAF,2014,350904575292.317,343453337461.8833,NY.GDP.MKTP.CD,0.05,10.0
ZAF,2015,317620522794.827,345605884596.72217,NY.GDP.MKTP.CD,0.05,10.0
ZAF,2016,296357282715.109,306988889504.9603,NY.GDP.MKTP.CD,0.05,10.0
ZAF,2017,349554116683.818,293112959444.4371,NY.GDP.MKTP.CD,0.05,10.0
ZAF,2018,368288939768.322,371125026874.55457,NY.GDP.MKTP.CD,0.05,10.0
ZAF,2019,351431649241.439,360150741748.97296,NY.GDP.MKTP.CD,0.05,10.0
ZAF,2005,26.7024512369651,25.984042530439986,NE.IMP.GNFS.ZS,10.0,0.05
ZAF,2006,31.0033706643471,27.531093332705606,NE.IMP.GNFS.ZS,10.0,0.05
ZAF,2007,32.5092367772109,31.49441927877281,NE.IMP.GNFS.ZS,10.0,0.05
ZAF,2008,37.2429521713859,34.22318070778101,NE.IMP.GNFS.ZS,10.0,0.05
ZAF,2009,27.5063734284758,38.308534326786315,NE.IMP.GNFS.ZS,10.0,0.05
ZAF,2010,27.3737524302287,32.0526483803187,NE.IMP.GNFS.ZS,10.0,0.05
ZAF,2011,29.6516893103102,27.599338518792543,NE.IMP.GNFS.ZS,10.0,0.05
ZAF,2012,31.1758200766426,29.429000676953272,NE.IMP.GNFS.ZS,10.0,0.05
ZAF,2013,33.270418695468,31.06048564727662,NE.IMP.GNFS.ZS,10.0,0.05
ZAF,2014,32.9658559048795,32.96446721561636,NE.IMP.GNFS.ZS,10.0,0.05
ZAF,2015,31.4641851470314,33.12869472771095,NE.IMP.GNFS.ZS,10.0,0.05
ZAF,2016,30.057260051479,32.07104091788424,NE.IMP.GNFS.ZS,10.0,0.05
ZAF,2017,28.3462255610144,30.204805539645015,NE.IMP.GNFS.ZS,10.0,0.05
ZAF,2018,29.5632511055317,29.04311198542895,NE.IMP.GNFS.ZS,10.0,0.05
ZAF,2019,29.3506967823651,29.80055123796397,NE.IMP.GNFS.ZS,10.0,0.05
ZAF,2005,26.4466641533283,25.695762354100868,NE.EXP.GNFS.ZS,5.0,10.0
ZAF,2006,29.2738936609764,27.57646486561345,NE.EXP.GNFS.ZS,5.0,10.0
ZAF,2007,31.1738505106893,30.53345774301335,NE.EXP.GNFS.ZS,5.0,10.0
ZAF,2008,35.6224380693971,33.403986478520075,NE.EXP.GNFS.ZS,5.0,10.0
ZAF,2009,27.9118881737959,37.67703543481013,NE.EXP.GNFS.ZS,5.0,10.0
ZAF,2010,28.6152333781659,31.016621155602706,NE.EXP.GNFS.ZS,5.0,10.0
ZAF,2011,30.4609405932431,28.881303616224283,NE.EXP.GNFS.ZS,5.0,10.0
ZAF,2012,29.7238793583952,30.471446500739816,NE.EXP.GNFS.ZS,5.0,10.0
ZAF,2013,30.9713411232732,30.2294374203117,NE.EXP.GNFS.ZS,5.0,10.0
ZAF,2014,31.4686452082634,31.474923160715985,NE.EXP.GNFS.ZS,5.0,10.0
ZAF,2015,30.152888329641,32.2661361373996,NE.EXP.GNFS.ZS,5.0,10.0
ZAF,2016,30.5809279982381,31.151272501879756,NE.EXP.GNFS.ZS,5.0,10.0
ZAF,2017,29.6276693701772,30.779075747118974,NE.EXP.GNFS.ZS,5.0,10.0
ZAF,2018,29.9070826047072,29.79393217377058,NE.EXP.GNFS.ZS,5.0,10.0
ZAF,2019,29.8538392770199,29.663952754610193,NE.EXP.GNFS.ZS,5.0,10.0
ZAF,2005,5.2770563116366,3.918465018084193,NY.GDP.MKTP.KD.ZG,5.0,10.0
ZAF,2006,5.60379765712011,4.510836368619863,NY.GDP.MKTP.KD.ZG,5.0,10.0
ZAF,2007,5.36047589053663,4.5939257688992985,NY.GDP.MKTP.KD.ZG,5.0,10.0
ZAF,2008,3.19104674115678,5.035144895211509,NY.GDP.MKTP.KD.ZG,5.0,10.0
ZAF,2009,-1.53808933379921,4.355993874519535,NY.GDP.MKTP.KD.ZG,5.0,10.0
ZAF,2010,3.03973081360169,3.381473533363563,NY.GDP.MKTP.KD.ZG,5.0,10.0
ZAF,2011,3.28416814231139,5.146741339740987,NY.GDP.MKTP.KD.ZG,5.0,10.0
ZAF,2012,2.21335480848441,3.638308827176184,NY.GDP.MKTP.KD.ZG,5.0,10.0
ZAF,2013,2.4852005003106,3.2127239917731742,NY.GDP.MKTP.KD.ZG,5.0,10.0
ZAF,2014,1.84699160365716,2.8672132583499907,NY.GDP.MKTP.KD.ZG,5.0,10.0
ZAF,2015,1.19373280124428,2.559267705549014,NY.GDP.MKTP.KD.ZG,5.0,10.0
ZAF,2016,0.399087929556359,2.5527487786042116,NY.GDP.MKTP.KD.ZG,5.0,10.0
ZAF,2017,1.41451262585058,1.283322521245669,NY.GDP.MKTP.KD.ZG,5.0,10.0
ZAF,2018,0.787055570495099,2.250060272238577,NY.GDP.MKTP.KD.ZG,5.0,10.0
ZAF,2019,0.152583316664234,2.1198321703269185,NY.GDP.MKTP.KD.ZG,5.0,10.0
ZAF,2005,79.1,80.75536544396348,SH.DYN.MORT,2.0,0.5
ZAF,2006,79.4,81.88045240742711,SH.DYN.MORT,2.0,0.5
ZAF,2007,75.3,81.75984480543224,SH.DYN.MORT,2.0,0.5
ZAF,2008,68.7,69.91605894407476,SH.DYN.MORT,2.0,0.5
ZAF,2009,59.8,61.999466341809594,SH.DYN.MORT,2.0,0.5
ZAF,2010,51.2,52.35894237753638,SH.DYN.MORT,2.0,0.5
ZAF,2011,44.8,42.4574540100906,SH.DYN.MORT,2.0,0.5
ZAF,2012,40.9,39.629660425619704,SH.DYN.MORT,2.0,0.5
ZAF,2013,39.2,39.15880139266669,SH.DYN.MORT,2.0,0.5
ZAF,2014,38.1,37.48408130483355,SH.DYN.MORT,2.0,0.5
ZAF,2015,37.1,36.49628948784737,SH.DYN.MORT,2.0,0.5
ZAF,2016,36.2,36.27484803237535,SH.DYN.MORT,2.0,0.5
ZAF,2017,35.6,35.72343754731904,SH.DYN.MORT,2.0,0.5
ZAF,2018,35.0,36.7287671806397,SH.DYN.MORT,2.0,0.5
ZAF,2019,34.5,36.568958036782426,SH.DYN.MORT,2.0,0.5
ZAF,2005,2678.55422431572,2724.687383032559,EG.USE.PCAP.KG.OE,0.05,2.0
ZAF,2006,2625.79479121485,2700.6158243652085,EG.USE.PCAP.KG.OE,0.05,2.0
ZAF,2007,2775.61525842774,2667.6310810192135,EG.USE.PCAP.KG.OE,0.05,2.0
ZAF,2008,2950.15360950393,2740.096143934536,EG.USE.PCAP.KG.OE,0.05,2.0
ZAF,2009,2852.09544788239,2916.927513461354,EG.USE.PCAP.KG.OE,0.05,2.0
ZAF,2010,2768.0945066505,2928.47998312973,EG.USE.PCAP.KG.OE,0.05,2.0
ZAF,2011,2716.68117298982,2760.8181601328342,EG.USE.PCAP.KG.OE,0.05,2.0
ZAF,2012,2636.68472563533,2729.9673230842695,EG.USE.PCAP.KG.OE,0.05,2.0
ZAF,2013,2602.84559845587,2663.5590826541056,EG.USE.PCAP.KG.OE,0.05,2.0
ZAF,2014,2695.50577564787,2592.3150312191938,EG.USE.PCAP.KG.OE,0.05,2.0
ZAF,2015,2695.50577564787,2703.1210159417897,EG.USE.PCAP.KG.OE,0.05,2.0
ZAF,2016,2695.50577564787,2697.4633356776358,EG.USE.PCAP.KG.OE,0.05,2.0
ZAF,2017,2695.50577564787,2699.7261826443164,EG.USE.PCAP.KG.OE,0.05,2.0
ZAF,2018,2695.50577564787,2716.144065658172,EG.USE.PCAP.KG.OE,0.05,2.0
ZAF,2019,2695.50577564787,2710.8893716502976,EG.USE.PCAP.KG.OE,0.05,2.0
ZAF,2005,442920.0,459564.0876175298,EN.ATM.GHGT.KT.CE,10.0,0.05
ZAF,2006,445530.0,450360.4120448348,EN.ATM.GHGT.KT.CE,10.0,0.05
ZAF,2007,465580.0,454525.00438672636,EN.ATM.GHGT.KT.CE,10.0,0.05
ZAF,2008,497470.0,474712.967414195,EN.ATM.GHGT.KT.CE,10.0,0.05
ZAF,2009,476950.0,507791.08364160924,EN.ATM.GHGT.KT.CE,10.0,0.05
ZAF,2010,499720.0,496629.7429885543,EN.ATM.GHGT.KT.CE,10.0,0.05
ZAF,2011,484250.0,499498.02280260465,EN.ATM.GHGT.KT.CE,10.0,0.05
ZAF,2012,503110.0,492532.3815944722,EN.ATM.GHGT.KT.CE,10.0,0.05
ZAF,2013,513020.0,508888.2235084972,EN.ATM.GHGT.KT.CE,10.0,0.05
ZAF,2014,525050.0,513445.92365983303,EN.ATM.GHGT.KT.CE,10.0,0.05
ZAF,2015,501090.0,525093.8805859489,EN.ATM.GHGT.KT.CE,10.0,0.05
ZAF,2016,501550.0,514146.5699998406,EN.ATM.GHGT.KT.CE,10.0,0.05
ZAF,2017,514600.0,504852.9853251481,EN.ATM.GHGT.KT.CE,10.0,0.05
ZAF,2018,513440.0,518609.8488889636,EN.ATM.GHGT.KT.CE,10.0,0.05
ZAF,2019,513440.0,521415.9304292024,EN.ATM.GHGT.KT.CE,10.0,0.05
ZAF,2005,2.38962357267391,2.730656877901964,NV.AGR.TOTL.ZS,0.05,0.05
ZAF,2006,2.33141241709253,2.531690033528442,NV.AGR.TOTL.ZS,0.05,0.05
ZAF,2007,2.6433727012347,2.3936034547437126,NV.AGR.TOTL.ZS,0.05,0.05
ZAF,2008,2.85948495248966,2.432270415701174,NV.AGR.TOTL.ZS,0.05,0.05
ZAF,2009,2.71342760650594,2.6668265191322504,NV.AGR.TOTL.ZS,0.05,0.05
ZAF,2010,2.38737291381414,2.600229368074637,NV.AGR.TOTL.ZS,0.05,0.05
ZAF,2011,2.2854725377128,2.3187744833663726,NV.AGR.TOTL.ZS,0.05,0.05
ZAF,2012,2.16947773706563,2.165374979875075,NV.AGR.TOTL.ZS,0.05,0.05
ZAF,2013,2.09775631128793,2.0486540992464026,NV.AGR.TOTL.ZS,0.05,0.05
ZAF,2014,2.17470676059318,2.052774115820315,NV.AGR.TOTL.ZS,0.05,0.05
ZAF,2015,2.08875118398453,2.1743484588331774,NV.AGR.TOTL.ZS,0.05,0.05
ZAF,2016,2.22405748028245,2.037445672302497,NV.AGR.TOTL.ZS,0.05,0.05
ZAF,2017,2.36123637312271,2.2481465362822313,NV.AGR.TOTL.ZS,0.05,0.05
ZAF,2018,2.17601965079703,2.3162625013707174,NV.AGR.TOTL.ZS,0.05,0.05
ZAF,2019,1.88454246284872,2.0445093600494184,NV.AGR.TOTL.ZS,0.05,0.05
ZAF,2005,138.159429134112,128.76699752366008,FS.AST.PRVT.GD.ZS,0.05,10.0
ZAF,2006,156.976212198837,137.25341843852038,FS.AST.PRVT.GD.ZS,0.05,10.0
ZAF,2007,160.124784843962,154.0268608227665,FS.AST.PRVT.GD.ZS,0.05,10.0
ZAF,2008,140.349876469094,166.0635275692326,FS.AST.PRVT.GD.ZS,0.05,10.0
ZAF,2009,145.941155530687,149.42391036131897,FS.AST.PRVT.GD.ZS,0.05,10.0
ZAF,2010,140.300062048282,162.00393838076928,FS.AST.PRVT.GD.ZS,0.05,10.0
ZAF,2011,131.966940453675,140.32224595348896,FS.AST.PRVT.GD.ZS,0.05,10.0
ZAF,2012,137.956479218558,133.68794064598325,FS.AST.PRVT.GD.ZS,0.05,10.0
ZAF,2013,139.299037985664,140.16633142668655,FS.AST.PRVT.GD.ZS,0.05,10.0
ZAF,2014,140.540922361697,139.28057947955077,FS.AST.PRVT.GD.ZS,0.05,10.0
ZAF,2015,138.131860350444,140.60734083219074,FS.AST.PRVT.GD.ZS,0.05,10.0
ZAF,2016,135.372252222318,139.12222880001778,FS.AST.PRVT.GD.ZS,0.05,10.0
ZAF,2017,138.109060790817,135.16501450509236,FS.AST.PRVT.GD.ZS,0.05,10.0
ZAF,2018,129.359600398279,138.61814787753116,FS.AST.PRVT.GD.ZS,0.05,10.0
ZAF,2019,128.966353310251,129.8926564374511,FS.AST.PRVT.GD.ZS,0.05,10.0
