target,rmse,std,rmse/std,r2,mase,da
SP.DYN.LE00.IN,4.609771858874663,8.841457243757194,0.5211786922401965,0.7279626991006151,1.206198345447563,0.7613168724279836
SP.URB.TOTL.IN.ZS,7.819050510937993,19.21450218999915,0.40646401466016835,0.833966676733592,1.5256900133123834,0.6880658436213992
NV.AGR.TOTL.ZS,4.69879037885762,9.948330254257927,0.4728877295493114,0.7757387753122476,1.7165208658246052,0.5078189300411523
EG.USE.PCAP.KG.OE,1512.6227807013838,2138.3961985717187,0.7073428569604421,0.49874367756964233,2.6709052900303263,0.5736625514403292
FS.AST.PRVT.GD.ZS,32.621222682469764,46.77477029512699,0.6973812733807145,0.5131606451464131,2.2826749047255075,0.47818930041152263
NE.IMP.GNFS.ZS,4.363263524798847,9.180806733910227,0.4752442932470805,0.7699108749560409,0.8205644652416625,0.711111111111111
NY.GDP.MKTP.CD,1979820727753.418,3001552356209.84,0.6627200529236213,0.5589982613631234,1.7564163918948736,0.6337448559670781
NE.EXP.GNFS.ZS,5.516583914916805,11.734009971442642,0.4667032870566553,0.7783843692664677,0.8505238774783198,0.6954732510288066
NY.GDP.MKTP.KD.ZG,4.462550772773784,4.681038500010852,0.9523556047803261,0.09246676406429541,0.8687969847056657,0.47901234567901235
EN.ATM.GHGT.KT.CE,1259386.012906129,1884450.0710822586,0.6695291914911312,0.5497976667938104,2.9016079689673253,0.48477366255144033
